---,TriggerType,TriggerEvent,TagFilter,SkillTagFilter,RequiredStatusEffectTags,EventNameParam,Trait,AccumulateRandomChance,TriggerSkill,CooldownTimeSeconds,bMinionsCanTrigger,Notes
AttackSpeedOnBlock,"Always","Block","(GameplayTags=)","(GameplayTags=)","(GameplayTags=)","None","ProcChance|AttackSpeedOnBlock","0.000000","/Game/Skills/Blueprints/EmberWeapons/ProcSkill_SpeedOnBlock.ProcSkill_SpeedOnBlock_C","0.000000","True",""
BlindOnBlock,"Random","Block","(GameplayTags=)","(GameplayTags=)","(GameplayTags=)","None","ProcChance|BlindOnBlock","0.000000","/Game/Skills/Blueprints/Procs/ProcSkill_BlindOnBlock.ProcSkill_BlindOnBlock_C","0.000000","True",""
ChillOnBlock,"Random","Block","(GameplayTags=)","(GameplayTags=)","(GameplayTags=)","None","ProcChance|ChillOnBlock","0.000000","/Game/Skills/Blueprints/Elements/ProcSkill_ChillOnBlock.ProcSkill_ChillOnBlock_C","0.000000","True",""
FearOnBlock,"Random","Block","(GameplayTags=)","(GameplayTags=)","(GameplayTags=)","None","ProcChance|FearOnBlock","0.000000","/Game/Skills/Blueprints/Procs/ProcSkill_FearOnBlock.ProcSkill_FearOnBlock_C","0.000000","True",""
AutoVent,"Always","ActiveTraitAtMax","(GameplayTags=)","(GameplayTags=)","(GameplayTags=)","ForgedHeat","AutoVentProc","0.000000","/Game/Skills/Blueprints/Forged/Skill_Forged_VentTrail.Skill_Forged_VentTrail_C","4.000000","True",""
Bleed,"Random","SkillDamage","(GameplayTags=)","(GameplayTags=)","(GameplayTags=)","None","ElementalProcChance|Proc.Bleed","0.000000","/Game/Skills/Blueprints/Elements/ProcSkill_Bleed.ProcSkill_Bleed_C","0.000000","True",""
Blind,"Random","SkillDamage","(GameplayTags=)","(GameplayTags=)","(GameplayTags=)","None","ElementalProcChance|Proc.Blind","0.000000","/Game/Skills/Blueprints/Procs/ProcSkill_Blind.ProcSkill_Blind_C","0.000000","True",""
Burn,"Random","SkillDamage","(GameplayTags=)","(GameplayTags=)","(GameplayTags=)","None","ElementalProcChance|Proc.Burn","0.000000","/Game/Skills/Blueprints/Elements/ProcSkill_Burn.ProcSkill_Burn_C","0.000000","True",""
BurningExploding,"Random","SkillDamage","(GameplayTags=)","(GameplayTags=)","(GameplayTags=((TagName=""StatusEffect.Burn"")))","None","ProcChance|BurningExploding","0.000000","/Game/Skills/Blueprints/EmberWeapons/Skill_Passive_BurningExploding.Skill_Passive_BurningExploding_C","1.000000","True",""
Chill,"Random","SkillDamage","(GameplayTags=)","(GameplayTags=)","(GameplayTags=)","None","ElementalProcChance|Proc.Chill","0.000000","/Game/Skills/Blueprints/Elements/ProcSkill_Chill.ProcSkill_Chill_C","0.000000","True",""
DamageOnBlock,"Always","Block","(GameplayTags=)","(GameplayTags=)","(GameplayTags=)","None","ProcChance|AttackSpeedOnBlock","0.000000","/Game/Skills/Blueprints/GenericPassives/ProcSkill_DamageOnBlock.ProcSkill_DamageOnBlock_C","0.000000","True",""
DarkChargeBar,"Always","SkillDamage","(GameplayTags=)","(GameplayTags=((TagName=""Skill.DuskMage.Light"")))","(GameplayTags=)","None","None","0.000000","/Game/Skills/Blueprints/DuskMage/Skill_ChargeBarProc_Dark.Skill_ChargeBarProc_Dark_C","0.000000","True",""
DarkChargeBarLock,"Always","ActiveTraitAtMax","(GameplayTags=)","(GameplayTags=)","(GameplayTags=)","DarkChargeBar","DarkChargeBarProc","0.000000","/Game/Skills/Blueprints/DuskMage/Skill_ChargeBarLock_DMDark.Skill_ChargeBarLock_DMDark_C","0.000000","True",""
DarkChargeBarSkillStart,"Always","SkillStart","(GameplayTags=)","(GameplayTags=((TagName=""Skill.DuskMage.Dark"")))","(GameplayTags=)","None","None","0.000000","/Game/Skills/Blueprints/DuskMage/Skill_ChargeStart_DMDark.Skill_ChargeStart_DMDark_C","0.000000","True",""
EmberWeaponCharged,"Always","ActiveTraitAtMax","(GameplayTags=)","(GameplayTags=)","(GameplayTags=)","EmberWeaponCharge","EmberWeaponChargeProc","0.000000","/Game/Skills/Blueprints/EmberWeapons/ProcSkill_EmberWeaponCharged.ProcSkill_EmberWeaponCharged_C","0.000000","True",""
EmberWeaponDrainBonus,"Always","DidKill","(GameplayTags=)","(GameplayTags=)","(GameplayTags=)","None","EmberWeaponDrainBonus","0.000000","/Game/Skills/Blueprints/EmberWeapons/ProcSkill_EmberWeaponDrainBonus.ProcSkill_EmberWeaponDrainBonus_C","1.000000","True",""
Fear,"Random","SkillDamage","(GameplayTags=)","(GameplayTags=)","(GameplayTags=)","None","ElementalProcChance|Proc.Fear","0.000000","/Game/Skills/Blueprints/Procs/ProcSkill_Fear.ProcSkill_Fear_C","0.000000","True",""
Freeze,"Random","SkillDamage","(GameplayTags=)","(GameplayTags=)","(GameplayTags=)","None","ElementalProcChance|Proc.Freeze","0.000000","/Game/Skills/Blueprints/Elements/ProcSkill_Freeze.ProcSkill_Freeze_C","0.000000","True",""
FreezeWhenHit,"Random","TakeDamage","(GameplayTags=)","(GameplayTags=)","(GameplayTags=)","None","ProcChance|FreezeWhenHit","0.000000","/Game/Skills/Blueprints/Elements/ProcSkill_FreezeWhenHit.ProcSkill_FreezeWhenHit_C","0.000000","True",""
GhostSummon,"Random","SkillDamage","(GameplayTags=)","(GameplayTags=)","(GameplayTags=)","None","ProcChance|GhostSummon","0.000000","/Game/Skills/Blueprints/EmberWeapons/Skill_Passive_SummonGhostsSummon.Skill_Passive_SummonGhostsSummon_C","0.000000","True",""
HarvestWood,"Accumulated","TakeDamage","(GameplayTags=)","(GameplayTags=)","(GameplayTags=)","None","HarvestingProc","0.000000","/Game/Skills/Blueprints/Harvesting/ProcSkill_HarvestWood.ProcSkill_HarvestWood_C","0.000000","True",""
HealthBall,"AccumulatedRandom","SkillDamage","(GameplayTags=)","(GameplayTags=)","(GameplayTags=)","None","HealthBallProc","0.300000","/Game/Skills/Blueprints/Procs/ProcSkill_HealthBall.ProcSkill_HealthBall_C","0.000000","True",""
Icicle,"Random","TakeDamage","(GameplayTags=)","(GameplayTags=)","(GameplayTags=)","None","ProcChance|Icicle","0.000000","/Game/Skills/Blueprints/EmberWeapons/Coldheart/ProcSkill_Icicle.ProcSkill_Icicle_C","0.000000","True",""
Immobilize,"Random","SkillDamage","(GameplayTags=)","(GameplayTags=)","(GameplayTags=)","None","ElementalProcChance|Proc.Immobilize","0.000000","/Game/Skills/Blueprints/Procs/ProcSkill_Immobilize.ProcSkill_Immobilize_C","0.000000","True",""
Knockback,"Random","SkillDamage","(GameplayTags=)","(GameplayTags=)","(GameplayTags=)","None","KnockbackChance","0.000000","/Game/Skills/Blueprints/Procs/ProcSkill_Knockback.ProcSkill_Knockback_C","1.000000","True",""
LightChargeBar,"Always","SkillDamage","(GameplayTags=)","(GameplayTags=((TagName=""Skill.DuskMage.Dark"")))","(GameplayTags=)","None","None","0.000000","/Game/Skills/Blueprints/DuskMage/Skill_ChargeBarProc_Light.Skill_ChargeBarProc_Light_C","0.000000","True",""
LightChargeBarLock,"Always","ActiveTraitAtMax","(GameplayTags=)","(GameplayTags=)","(GameplayTags=)","LightChargeBar","LightChargeBarProc","0.000000","/Game/Skills/Blueprints/DuskMage/Skill_ChargeBarLock_DMLight.Skill_ChargeBarLock_DMLight_C","0.000000","True",""
LightChargeBarSkillStart,"Always","SkillStart","(GameplayTags=)","(GameplayTags=((TagName=""Skill.DuskMage.Light"")))","(GameplayTags=)","None","None","0.000000","/Game/Skills/Blueprints/DuskMage/Skill_ChargeStart_DMLight.Skill_ChargeStart_DMLight_C","0.000000","True",""
MissilesOnPoisoned,"Random","SkillDamage","(GameplayTags=)","(GameplayTags=)","(GameplayTags=)","None","ProcChance|MissilesOnPoisoned","0.000000","/Game/Skills/Blueprints/EmberWeapons/Bane/Skill_EmberWeapon_Bane_MissilesOnPoisonHit.Skill_EmberWeapon_Bane_MissilesOnPoisonHit_C","1.000000","True",""
PoisonMissilesOnKill,"Random","DidKill","(GameplayTags=)","(GameplayTags=)","(GameplayTags=)","None","ProcChance|PoisonMissilesOnKill","0.000000","/Game/Skills/Blueprints/EmberWeapons/Bane/Skill_EmberWeapon_Bane_MissilesOnPoisonHit.Skill_EmberWeapon_Bane_MissilesOnPoisonHit_C","0.000000","True",""
SpiderAllies,"Random","DidKill","(GameplayTags=)","(GameplayTags=)","(GameplayTags=)","None","ProcChance|SpiderAllies","0.000000","/Game/Skills/Blueprints/EmberWeapons/Bane/Skill_Bane_SpiderSummon.Skill_Bane_SpiderSummon_C","0.000000","True",""
Poison,"Random","SkillDamage","(GameplayTags=)","(GameplayTags=)","(GameplayTags=)","None","ElementalProcChance|Proc.Poison","0.000000","/Game/Skills/Blueprints/Elements/ProcSkill_Poison.ProcSkill_Poison_C","0.000000","True",""
Shock,"Random","SkillDamage","(GameplayTags=)","(GameplayTags=)","(GameplayTags=)","None","ElementalProcChance|Proc.Shock","0.000000","/Game/Skills/Blueprints/Elements/ProcSkill_Shock.ProcSkill_Shock_C","0.000000","True",""
Slow,"Random","SkillDamage","(GameplayTags=)","(GameplayTags=)","(GameplayTags=)","None","ElementalProcChance|Proc.Slow","0.000000","/Game/Skills/Blueprints/Procs/ProcSkill_Slow.ProcSkill_Slow_C","0.000000","True",""
SlowOnCrit,"Always","DoCritical","(GameplayTags=)","(GameplayTags=)","(GameplayTags=)","None","None","0.000000","/Game/Skills/Blueprints/EmberWeapons/ProcSkill_SlowOnCrit.ProcSkill_SlowOnCrit_C","0.000000","True",""
SpeedOnKill,"Always","DidKill","(GameplayTags=)","(GameplayTags=)","(GameplayTags=)","None","None","1.000000","/Game/Skills/Blueprints/GenericPassives/ProcSkill_SpeedOnKill.ProcSkill_SpeedOnKill_C","0.000000","True",""
Stun,"Random","SkillDamage","(GameplayTags=)","(GameplayTags=)","(GameplayTags=)","None","StunChance","0.000000","/Game/Skills/Blueprints/Procs/ProcSkill_Stun.ProcSkill_Stun_C","0.000000","True",""
TemporalDuplicate,"Random","SkillDamage","(GameplayTags=)","(GameplayTags=)","(GameplayTags=)","None","ProcChance|TemporalDuplicate","0.000000","/Game/Skills/Blueprints/EmberWeapons/ClockworkStaff/Skill_Passive_SummonTemporalDuplicate.Skill_Passive_SummonTemporalDuplicate_C","0.000000","True",""
ThornsVsChilled,"Random","TakeDamage","(GameplayTags=)","(GameplayTags=)","(GameplayTags=)","None","ProcChance|ThornsVsChilled","0.000000","/Game/Skills/Blueprints/EmberWeapons/ProcSkill_ThornsVsChilled.ProcSkill_ThornsVsChilled_C","0.000000","True",""
WarpBack,"Always","Died","(GameplayTags=)","(GameplayTags=)","(GameplayTags=)","None","None","0.000000","/Game/Skills/Blueprints/Monsters/Skill_WarpBack.Skill_WarpBack_C","0.000000","True",""
AmmoBagSlow,"Random","SkillDamage","(GameplayTags=)","(GameplayTags=((TagName=""Skill.Sharpshooter.Ranged"")))","(GameplayTags=)","None","ProcChance|AmmoBagSlow","0.000000","/Game/Skills/Blueprints/Sharpshooter/ProcSkill_Sharpshooter_AmmoBagSlow.ProcSkill_Sharpshooter_AmmoBagSlow_C","0.000000","True",""
AmmoBagExplosion,"Random","SkillDamage","(GameplayTags=)","(GameplayTags=((TagName=""Skill.Sharpshooter.Ranged"")))","(GameplayTags=)","None","ProcChance|AmmoBagExplosion","0.000000","/Game/Skills/Blueprints/Sharpshooter/ProcSkill_Sharpshooter_AmmoBagExplosion.ProcSkill_Sharpshooter_AmmoBagExplosion_C","0.000000","True",""
AmmoBagWeaken,"Random","SkillDamage","(GameplayTags=)","(GameplayTags=((TagName=""Skill.Sharpshooter.Ranged"")))","(GameplayTags=)","None","ProcChance|AmmoBagWeaken","0.000000","/Game/Skills/Blueprints/Sharpshooter/ProcSkill_Sharpshooter_AmmoBagWeaken.ProcSkill_Sharpshooter_AmmoBagWeaken_C","0.000000","True",""
AmmoBagEnchant,"Random","SkillDamage","(GameplayTags=)","(GameplayTags=((TagName=""Skill.Sharpshooter.Ranged"")))","(GameplayTags=)","None","ProcChance|AmmoBagEnchant","0.000000","/Game/Skills/Blueprints/Sharpshooter/ProcSkill_Sharpshooter_AmmoBagEnchant.ProcSkill_Sharpshooter_AmmoBagEnchant_C","0.000000","True",""
BurnWhenHit,"Random","TakeDamage","(GameplayTags=)","(GameplayTags=)","(GameplayTags=)","ProcChance|BurnWhenHit","None","0.000000","/Game/Skills/Blueprints/Forged/ProcSkill_BurnWhenHit.ProcSkill_BurnWhenHit_C","0.000000","True",""
CannonBleed,"Random","SkillDamage","(GameplayTags=)","(GameplayTags=((TagName=""Skill.Forged.Ranged"")))","(GameplayTags=)","None","ProcChance|CannonBleed","0.000000","/Game/Skills/Blueprints/Forged/ProcSkill_CannonBleed.ProcSkill_CannonBleed_C","0.000000","True",""
AttackSpeedOnTakeDamage,"Random","TakeDamage","(GameplayTags=)","(GameplayTags=)","(GameplayTags=)","None","ProcChance|AttackSpeedOnTakeDamage","0.000000","/Game/Skills/Blueprints/Procs/ProcSkill_AttackSpeedOnTakeDamage.ProcSkill_AttackSpeedOnTakeDamage_C","0.000000","True",""
SkeletonsOnBlock,"Random","Block","(GameplayTags=)","(GameplayTags=)","(GameplayTags=)","None","ProcChance|SkeletonsOnBlock","0.000000","/Game/Skills/Blueprints/Legendaries/ProcSkill_SummonSkeletonsonBlock.ProcSkill_SummonSkeletonsonBlock_C","8.000000","True",""
FireballOnBlock,"Random","Block","(GameplayTags=)","(GameplayTags=)","(GameplayTags=)","None","ProcChance|FireballOnBlock","0.000000","/Game/Skills/Blueprints/Legendaries/ProcSkill_FireballOnBlock.ProcSkill_FireballOnBlock_C","0.000000","True",""
ColdSicknessSummon,"Always","DidKill","(GameplayTags=)","(GameplayTags=)","(GameplayTags=)","None","ProcChance|ColdSicknessSummon","0.000000","/Game/Skills/Blueprints/EmberWeapons/ProcSkill_ColdSicknessSummon.ProcSkill_ColdSicknessSummon_C","0.000000","True",""
MeleeDamageReduction,"Always","SkillDamage","(GameplayTags=)","(GameplayTags=((TagName=""Skill.Forged.Melee""),(TagName=""Skill.Railman.Melee""),(TagName=""Skill.BasicAttackMelee"")))","(GameplayTags=)","None","None","0.000000","/Game/Skills/Blueprints/MeleeDamageReduction.MeleeDamageReduction_C","0.000000","True",""
AncestralPride,"Random","SkillDamage","(GameplayTags=)","(GameplayTags=((TagName=""Skill.Railman.Melee"")))","(GameplayTags=)","None","ProcChance|AncestralPride","0.000000","/Game/Skills/Blueprints/Railman/Skill_Proc_AncestralPride.Skill_Proc_AncestralPride_C","0.000000","True",""
EnduranceOnMelee,"Random","SkillDamage","(GameplayTags=)","(GameplayTags=((TagName=""Skill.Railman.Melee""),(TagName=""Skill.BasicAttackMelee"")))","(GameplayTags=)","None","ProcChance|EnduranceOnMelee","0.000000","/Game/Skills/Blueprints/Railman/Skill_Proc_EnduranceOnMelee.Skill_Proc_EnduranceOnMelee_C","0.000000","True",""
SkeletonMeleeOnKill,"Random","DidKill","(GameplayTags=)","(GameplayTags=)","(GameplayTags=)","None","ProcChance|SkeletonMeleeOnKill","0.000000","/Game/Skills/Blueprints/Procs/ProcSkill_SpawnMinion_SkeletonMelee.ProcSkill_SpawnMinion_SkeletonMelee_C","0.000000","False",""
SkeletonShieldOnKill,"Random","DidKill","(GameplayTags=)","(GameplayTags=)","(GameplayTags=)","None","ProcChance|SkeletonMeleeOnKill","0.000000","/Game/Skills/Blueprints/Procs/ProcSkill_SpawnMinion_SkeletonShield.ProcSkill_SpawnMinion_SkeletonShield_C","0.000000","False",""
SkeletonRangedOnKill,"Random","DidKill","(GameplayTags=)","(GameplayTags=)","(GameplayTags=)","None","ProcChance|SkeletonRangedOnKill","0.000000","/Game/Skills/Blueprints/Procs/ProcSkill_SpawnMinion_SkeletonRanged.ProcSkill_SpawnMinion_SkeletonRanged_C","0.000000","False",""
SkeletonFireMeleeOnKill,"Random","DidKill","(GameplayTags=)","(GameplayTags=)","(GameplayTags=)","None","ProcChance|SkeletonFireMeleeOnKill","0.000000","/Game/Skills/Blueprints/Procs/ProcSkill_SpawnMinion_SkeletonFireMelee.ProcSkill_SpawnMinion_SkeletonFireMelee_C","0.000000","False",""
SkeletonFireRangedOnKill,"Random","DidKill","(GameplayTags=)","(GameplayTags=)","(GameplayTags=)","None","ProcChance|SkeletonFireRangedOnKill","0.000000","/Game/Skills/Blueprints/Procs/ProcSkill_SpawnMinion_SkeletonFireRanged.ProcSkill_SpawnMinion_SkeletonFireRanged_C","0.000000","False",""
ZombieOnKill,"Random","DidKill","(GameplayTags=)","(GameplayTags=)","(GameplayTags=)","None","ProcChance|ZombieOnKill","0.000000","/Game/Skills/Blueprints/Procs/ProcSkill_SpawnMinion_Zombie.ProcSkill_SpawnMinion_Zombie_C","0.000000","False",""
RatOnKill,"Random","DidKill","(GameplayTags=)","(GameplayTags=)","(GameplayTags=)","None","ProcChance|RatOnKill","0.000000","/Game/Skills/Blueprints/Procs/ProcSkill_SpawnMinion_Rat.ProcSkill_SpawnMinion_Rat_C","0.000000","False",""
NetherlingOnKill,"Random","DidKill","(GameplayTags=)","(GameplayTags=)","(GameplayTags=)","None","ProcChance|NetherlingOnKill","0.000000","/Game/Skills/Blueprints/Procs/ProcSkill_SpawnMinion_Netherling.ProcSkill_SpawnMinion_Netherling_C","0.000000","False",""
DireWolfOnKill,"Random","DidKill","(GameplayTags=)","(GameplayTags=)","(GameplayTags=)","None","ProcChance|DireWolfOnKill","0.000000","/Game/Skills/Blueprints/Procs/ProcSkill_SpawnMinion_DireWolf.ProcSkill_SpawnMinion_DireWolf_C","0.000000","False",""
GhostGuardOnKill,"Random","DidKill","(GameplayTags=)","(GameplayTags=)","(GameplayTags=)","None","ProcChance|GhostGuardOnKill","0.000000","/Game/Skills/Blueprints/Procs/ProcSkill_SpawnMinion_GhostGuard.ProcSkill_SpawnMinion_GhostGuard_C","0.000000","False",""
SkeletonMeleeOnCrit,"Random","DoCritical","(GameplayTags=)","(GameplayTags=)","(GameplayTags=)","None","ProcChance|SkeletonMeleeOnCrit","0.000000","/Game/Skills/Blueprints/Procs/ProcSkill_SpawnMinion_SkeletonMelee.ProcSkill_SpawnMinion_SkeletonMelee_C","0.000000","False",""
SkeletonShieldOnCrit,"Random","DoCritical","(GameplayTags=)","(GameplayTags=)","(GameplayTags=)","None","ProcChance|SkeletonShieldOnCrit","0.000000","/Game/Skills/Blueprints/Procs/ProcSkill_SpawnMinion_SkeletonShield.ProcSkill_SpawnMinion_SkeletonShield_C","0.000000","False",""
SkeletonRangedOnCrit,"Random","DoCritical","(GameplayTags=)","(GameplayTags=)","(GameplayTags=)","None","ProcChance|SkeletonRangedOnCrit","0.000000","/Game/Skills/Blueprints/Procs/ProcSkill_SpawnMinion_SkeletonRanged.ProcSkill_SpawnMinion_SkeletonRanged_C","0.000000","False",""
SkeletonFireMeleeOnCrit,"Random","DoCritical","(GameplayTags=)","(GameplayTags=)","(GameplayTags=)","None","ProcChance|SkeletonFireMeleeOnCrit","0.000000","/Game/Skills/Blueprints/Procs/ProcSkill_SpawnMinion_SkeletonFireMelee.ProcSkill_SpawnMinion_SkeletonFireMelee_C","0.000000","False",""
SkeletonFireRangedOnCrit,"Random","DoCritical","(GameplayTags=)","(GameplayTags=)","(GameplayTags=)","None","ProcChance|SkeletonFireRangedOnCrit","0.000000","/Game/Skills/Blueprints/Procs/ProcSkill_SpawnMinion_SkeletonFireRanged.ProcSkill_SpawnMinion_SkeletonFireRanged_C","0.000000","False",""
ZombieOnCrit,"Random","DoCritical","(GameplayTags=)","(GameplayTags=)","(GameplayTags=)","None","ProcChance|ZombieOnCrit","0.000000","/Game/Skills/Blueprints/Procs/ProcSkill_SpawnMinion_Zombie.ProcSkill_SpawnMinion_Zombie_C","0.000000","False",""
RatOnCrit,"Random","DoCritical","(GameplayTags=)","(GameplayTags=)","(GameplayTags=)","None","ProcChance|RatOnCrit","0.000000","/Game/Skills/Blueprints/Procs/ProcSkill_SpawnMinion_Rat.ProcSkill_SpawnMinion_Rat_C","0.000000","False",""
NetherlingOnCrit,"Random","DoCritical","(GameplayTags=)","(GameplayTags=)","(GameplayTags=)","None","ProcChance|NetherlingOnCrit","0.000000","/Game/Skills/Blueprints/Procs/ProcSkill_SpawnMinion_Netherling.ProcSkill_SpawnMinion_Netherling_C","0.000000","False",""
DireWolfOnCrit,"Random","DoCritical","(GameplayTags=)","(GameplayTags=)","(GameplayTags=)","None","ProcChance|DireWolfOnCrit","0.000000","/Game/Skills/Blueprints/Procs/ProcSkill_SpawnMinion_DireWolf.ProcSkill_SpawnMinion_DireWolf_C","0.000000","False",""
GhostGuardOnCrit,"Random","DoCritical","(GameplayTags=)","(GameplayTags=)","(GameplayTags=)","None","ProcChance|GhostGuardOnCrit","0.000000","/Game/Skills/Blueprints/Procs/ProcSkill_SpawnMinion_GhostGuard.ProcSkill_SpawnMinion_GhostGuard_C","0.000000","False",""
SkeletonMeleeTakeCrit,"Random","TakeCritical","(GameplayTags=)","(GameplayTags=)","(GameplayTags=)","None","ProcChance|SkeletonMeleeTakeCrit","0.000000","/Game/Skills/Blueprints/Procs/ProcSkill_SpawnMinion_SkeletonMelee.ProcSkill_SpawnMinion_SkeletonMelee_C","0.000000","False",""
SkeletonShieldTakeCrit,"Random","TakeCritical","(GameplayTags=)","(GameplayTags=)","(GameplayTags=)","None","ProcChance|SkeletonMeleeTakeCrit","0.000000","/Game/Skills/Blueprints/Procs/ProcSkill_SpawnMinion_SkeletonShield.ProcSkill_SpawnMinion_SkeletonShield_C","0.000000","False",""
SkeletonRangedTakeCrit,"Random","TakeCritical","(GameplayTags=)","(GameplayTags=)","(GameplayTags=)","None","ProcChance|SkeletonRangedTakeCrit","0.000000","/Game/Skills/Blueprints/Procs/ProcSkill_SpawnMinion_SkeletonRanged.ProcSkill_SpawnMinion_SkeletonRanged_C","0.000000","False",""
SkeletonFireMeleeTakeCrit,"Random","TakeCritical","(GameplayTags=)","(GameplayTags=)","(GameplayTags=)","None","ProcChance|SkeletonFireMeleeTakeCrit","0.000000","/Game/Skills/Blueprints/Procs/ProcSkill_SpawnMinion_SkeletonFireMelee.ProcSkill_SpawnMinion_SkeletonFireMelee_C","0.000000","False",""
SkeletonFireRangedTakeCrit,"Random","TakeCritical","(GameplayTags=)","(GameplayTags=)","(GameplayTags=)","None","ProcChance|SkeletonFireRangedTakeCrit","0.000000","/Game/Skills/Blueprints/Procs/ProcSkill_SpawnMinion_SkeletonFireRanged.ProcSkill_SpawnMinion_SkeletonFireRanged_C","0.000000","False",""
ZombieTakeCrit,"Random","TakeCritical","(GameplayTags=)","(GameplayTags=)","(GameplayTags=)","None","ProcChance|ZombieTakeCrit","0.000000","/Game/Skills/Blueprints/Procs/ProcSkill_SpawnMinion_Zombie.ProcSkill_SpawnMinion_Zombie_C","0.000000","False",""
RatTakeCrit,"Random","TakeCritical","(GameplayTags=)","(GameplayTags=)","(GameplayTags=)","None","ProcChance|RatTakeCrit","0.000000","/Game/Skills/Blueprints/Procs/ProcSkill_SpawnMinion_Rat.ProcSkill_SpawnMinion_Rat_C","0.000000","False",""
NetherlingTakeCrit,"Random","TakeCritical","(GameplayTags=)","(GameplayTags=)","(GameplayTags=)","None","ProcChance|NetherlingTakeCrit","0.000000","/Game/Skills/Blueprints/Procs/ProcSkill_SpawnMinion_Netherling.ProcSkill_SpawnMinion_Netherling_C","0.000000","False",""
DireWolfTakeCrit,"Random","TakeCritical","(GameplayTags=)","(GameplayTags=)","(GameplayTags=)","None","ProcChance|DireWolfTakeCrit","0.000000","/Game/Skills/Blueprints/Procs/ProcSkill_SpawnMinion_DireWolf.ProcSkill_SpawnMinion_DireWolf_C","0.000000","False",""
GhostGuardTakeCrit,"Random","TakeCritical","(GameplayTags=)","(GameplayTags=)","(GameplayTags=)","None","ProcChance|GhostGuardTakeCrit","0.000000","/Game/Skills/Blueprints/Procs/ProcSkill_SpawnMinion_GhostGuard.ProcSkill_SpawnMinion_GhostGuard_C","0.000000","False",""
SkeletonMeleeOnBlock,"Random","Block","(GameplayTags=)","(GameplayTags=)","(GameplayTags=)","None","ProcChance|SkeletonMeleeOnBlock","0.000000","/Game/Skills/Blueprints/Procs/ProcSkill_SpawnMinion_SkeletonMelee.ProcSkill_SpawnMinion_SkeletonMelee_C","0.000000","False",""
SkeletonShieldOnBlock,"Random","Block","(GameplayTags=)","(GameplayTags=)","(GameplayTags=)","None","ProcChance|SkeletonShieldOnBlock","0.000000","/Game/Skills/Blueprints/Procs/ProcSkill_SpawnMinion_SkeletonShield.ProcSkill_SpawnMinion_SkeletonShield_C","0.000000","False",""
SkeletonRangedOnBlock,"Random","Block","(GameplayTags=)","(GameplayTags=)","(GameplayTags=)","None","ProcChance|SkeletonRangedOnBlock","0.000000","/Game/Skills/Blueprints/Procs/ProcSkill_SpawnMinion_SkeletonRanged.ProcSkill_SpawnMinion_SkeletonRanged_C","0.000000","False",""
SkeletonFireMeleeOnBlock,"Random","Block","(GameplayTags=)","(GameplayTags=)","(GameplayTags=)","None","ProcChance|SkeletonFireMeleeOnBlock","0.000000","/Game/Skills/Blueprints/Procs/ProcSkill_SpawnMinion_SkeletonFireMelee.ProcSkill_SpawnMinion_SkeletonFireMelee_C","0.000000","False",""
SkeletonFireRangedOnBlock,"Random","Block","(GameplayTags=)","(GameplayTags=)","(GameplayTags=)","None","ProcChance|SkeletonFireRangedOnBlock","0.000000","/Game/Skills/Blueprints/Procs/ProcSkill_SpawnMinion_SkeletonFireRanged.ProcSkill_SpawnMinion_SkeletonFireRanged_C","0.000000","False",""
ZombieOnBlock,"Random","Block","(GameplayTags=)","(GameplayTags=)","(GameplayTags=)","None","ProcChance|ZombieOnBlock","0.000000","/Game/Skills/Blueprints/Procs/ProcSkill_SpawnMinion_Zombie.ProcSkill_SpawnMinion_Zombie_C","0.000000","False",""
RatOnBlock,"Random","Block","(GameplayTags=)","(GameplayTags=)","(GameplayTags=)","None","ProcChance|RatOnBlock","0.000000","/Game/Skills/Blueprints/Procs/ProcSkill_SpawnMinion_Rat.ProcSkill_SpawnMinion_Rat_C","0.000000","False",""
NetherlingOnBlock,"Random","Block","(GameplayTags=)","(GameplayTags=)","(GameplayTags=)","None","ProcChance|NetherlingOnBlock","0.000000","/Game/Skills/Blueprints/Procs/ProcSkill_SpawnMinion_Netherling.ProcSkill_SpawnMinion_Netherling_C","0.000000","False",""
DireWolfOnBlock,"Random","Block","(GameplayTags=)","(GameplayTags=)","(GameplayTags=)","None","ProcChance|DireWolfOnBlock","0.000000","/Game/Skills/Blueprints/Procs/ProcSkill_SpawnMinion_DireWolf.ProcSkill_SpawnMinion_DireWolf_C","0.000000","False",""
GhostGuardOnBlock,"Random","Block","(GameplayTags=)","(GameplayTags=)","(GameplayTags=)","None","ProcChance|GhostGuardOnBlock","0.000000","/Game/Skills/Blueprints/Procs/ProcSkill_SpawnMinion_GhostGuard.ProcSkill_SpawnMinion_GhostGuard_C","0.000000","False",""
Fireballs,"Random","SkillDamage","(GameplayTags=)","(GameplayTags=)","(GameplayTags=)","None","ProcChance|Fireballs","0.000000","/Game/Skills/Blueprints/EmberWeapons/Skill_Passive_Fireballs.Skill_Passive_Fireballs_C","0.000000","True",""
Stalactites,"Random","SkillDamage","(GameplayTags=)","(GameplayTags=)","(GameplayTags=)","None","ProcChance|Stalactites","0.000000","/Game/Skills/Blueprints/Procs/ProcSkill_Stalactites.ProcSkill_Stalactites_C","0.000000","True",""
MoveSpeedOnKill,"Random","DidKill","(GameplayTags=)","(GameplayTags=)","(GameplayTags=)","None","ProcChance|MoveSpeedOnKill","0.000000","/Game/Skills/Blueprints/GenericPassives/ProcSkill_SpeedOnKill.ProcSkill_SpeedOnKill_C","0.000000","True",""
ImmunityBurnOnCrit,"Random","DoCritical","(GameplayTags=)","(GameplayTags=)","(GameplayTags=)","None","ProcChance|ImmunityBurnOnCrit","0.000000","/Game/Skills/Blueprints/Procs/ProcSkill_ImmunityBurn.ProcSkill_ImmunityBurn_C","0.000000","True",""
ImmunityPoisonOnKill,"Random","DidKill","(GameplayTags=)","(GameplayTags=)","(GameplayTags=)","None","ProcChance|ImmunityPoisonOnKill","0.000000","/Game/Skills/Blueprints/Procs/ProcSkill_ImmunityPoison.ProcSkill_ImmunityPoison_C","0.000000","True",""
Rupture,"Random","DoDamage","(GameplayTags=)","(GameplayTags=)","(GameplayTags=)","None","ProcChance|Rupture","0.000000","/Game/Skills/Blueprints/EmberWeapons/Skill_Rupture.Skill_Rupture_C","0.000000","True",""
BloodPools,"Random","DidKill","(GameplayTags=)","(GameplayTags=)","(GameplayTags=)","None","ProcChance|BloodPools","0.000000","/Game/Skills/Blueprints/EmberWeapons/BloodDrinker/SkillTreePlaceholders/SkillTree_BloodDrinker_BloodPools.SkillTree_BloodDrinker_BloodPools_C","0.000000","True",""
RadiantBlastMissiles,"Always","Died","(GameplayTags=)","(GameplayTags=)","(GameplayTags=)","None","None","0.000000","/Game/Skills/Blueprints/DuskMage/Skill_RadiantBlast_Proc.Skill_RadiantBlast_Proc_C","0.000000","False",""
HealthOnBrawlHit,"Random","SkillDamage","(GameplayTags=)","(GameplayTags=((TagName=""Skill.Forged.Melee"")))","(GameplayTags=)","None","ProcChance|HealthOnBrawlHit","0.000000","/Game/Skills/Blueprints/Forged/Proc_Forged_HealthOnHitStun.Proc_Forged_HealthOnHitStun_C","2.000000","True",""
Legendary_GoblinRage,"Random","SkillDamage","(GameplayTags=)","(GameplayTags=)","(GameplayTags=)","None","ProcChance|Legendary_GoblinRage","0.020000","/Game/Skills/Blueprints/Legendaries/ProcSkill_GoblinRage.ProcSkill_GoblinRage_C","1.000000","False",""
Legendary_FireGoblinImmunity,"Always","TakeDamage","(GameplayTags=)","(GameplayTags=)","(GameplayTags=)","None","ProcChance|Legendary_FireGoblinImmunity","0.000000","/Game/Skills/Blueprints/Legendaries/ProcSkill_FireGoblinImmunity.ProcSkill_FireGoblinImmunity_C","1.000000","False",""
Legendary_LuckOnGoblinKill,"Always","DidKill","(GameplayTags=((TagName=""Character.Monster.Goblin"")))","(GameplayTags=)","(GameplayTags=)","None","ProcChance|Legendary_LuckOnGoblinKill","0.000000","/Game/Skills/Blueprints/Legendaries/ProcSkill_LuckOnGoblinKill.ProcSkill_LuckOnGoblinKill_C","3.000000","False",""
Legendary_IgniteEnemiesOnRelicActive,"Always","SkillStart","(GameplayTags=)","(GameplayTags=((TagName=""Skill.EmberWeapon.Active"")))","(GameplayTags=)","None","ProcChance|Legendary_IgniteEnemiesOnRelicActive","0.000000","/Game/Skills/Blueprints/Legendaries/ProcSkill_IgniteNearbyEnemies.ProcSkill_IgniteNearbyEnemies_C","0.000000","False",""
Legendary_IgniteEnemiesOnRelicActiveBonus,"Always","SkillStart","(GameplayTags=)","(GameplayTags=((TagName=""Skill.EmberWeapon.Active"")))","(GameplayTags=)","None","ProcChance|Legendary_IgniteEnemiesOnRelicActiveBonus","0.000000","/Game/Skills/Blueprints/Legendaries/ProcSkill_IgniteNearbyEnemies.ProcSkill_IgniteNearbyEnemies_C","0.000000","True",""
Legendary_SummonGoblinHound,"Always","SkillStart","(GameplayTags=)","(GameplayTags=((TagName=""Skill.EmberWeapon.UltimateActive"")))","(GameplayTags=)","None","ProcChance|Legendary_SummonGoblinHound","0.000000","/Game/Skills/Blueprints/Legendaries/ProcSkill_SpawnMinion_GoblinHound.ProcSkill_SpawnMinion_GoblinHound_C","1.000000","False",""
Damnation,"Always","TakeDamage","(GameplayTags=)","(GameplayTags=)","(GameplayTags=((TagName=""StatusEffect.Damnation"")))","None","None","0.000000","/Game/Skills/Blueprints/DuskMage/Skill_Damnation_Proc.Skill_Damnation_Proc_C","1.000000","False",""
Legendary_LeadCarOverload,"Always","SkillStart","(GameplayTags=)","(GameplayTags=((TagName=""Skill.Railman.TurretSpecial"")))","(GameplayTags=)","None","ProcChance|Legendary_LeadCarOverload","0.000000","/Game/Skills/Blueprints/Railman/Legendary/Skill_Legendary_OverloadTurret.Skill_Legendary_OverloadTurret_C","0.000000","False",""
Legendary_GhostTrainSummonPets,"Always","SkillStart","(GameplayTags=)","(GameplayTags=((TagName=""Skill.Railman.GhostTrain"")))","(GameplayTags=)","None","ProcChance|Legendary_GhostTrainSummonPets","0.000000","/Game/Skills/Blueprints/Railman/Legendary/ProcSkill_SpawnMinion_GhostlyRailmaster.ProcSkill_SpawnMinion_GhostlyRailmaster_C","0.000000","False",""
Legendary_DuskMageManaRegenBurst,"Always","SkillStart","(GameplayTags=)","(GameplayTags=((TagName=""Skill.Cooldown"")))","(GameplayTags=)","None","ProcChance|Legendary_DuskMageManaRegenBurst","0.000000","/Game/Skills/Blueprints/DuskMage/Legendary/Skill_Legendary_ManaRegenOnCooldown.Skill_Legendary_ManaRegenOnCooldown_C","0.000000","False",""
Legendary_DuskMage_InstantCharge,"Always","SkillStart","(GameplayTags=)","(GameplayTags=((TagName=""Skill.EmberWeapon.Active"")))","(GameplayTags=)","None","ProcChance|Legendary_DuskMage_InstantCharge","0.000000","/Game/Skills/Blueprints/DuskMage/Legendary/Skill_Legendary_InstantChargeBar.Skill_Legendary_InstantChargeBar_C","0.000000","False",""
Legendary_StackingDamage_Dark,"Always","SkillStart","(GameplayTags=)","(GameplayTags=((TagName=""Skill.DuskMage.Dark"")))","(GameplayTags=)","None","ProcChance|Legendary_StackingDamage_Dark","0.000000","/Game/Skills/Blueprints/DuskMage/Legendary/Skill_StackingDamage_Dark.Skill_StackingDamage_Dark_C","10.000000","False",""
Legendary_StackingDamage_Light,"Always","SkillStart","(GameplayTags=)","(GameplayTags=((TagName=""Skill.DuskMage.Light"")))","(GameplayTags=)","None","ProcChance|Legendary_StackingDamage_Light","0.000000","/Game/Skills/Blueprints/DuskMage/Legendary/Skill_StackingDamage_Light.Skill_StackingDamage_Light_C","10.000000","False",""
Legendary_StackingDamage_Barrage,"Always","SkillStart","(GameplayTags=)","(GameplayTags=((TagName=""Skill.Forged.Ranged"")))","(GameplayTags=)","None","ProcChance|Legendary_StackingDamage_Barrage","0.000000","/Game/Skills/Blueprints/Forged/Legendary/Skill_StackingDamage_Barrage.Skill_StackingDamage_Barrage_C","10.000000","False",""
Legendary_StackingDamage_Brawl,"Always","SkillStart","(GameplayTags=)","(GameplayTags=((TagName=""Skill.Forged.Melee"")))","(GameplayTags=)","None","ProcChance|Legendary_StackingDamage_Brawl","0.000000","/Game/Skills/Blueprints/Forged/Legendary/Skill_StackingDamage_Brawl.Skill_StackingDamage_Brawl_C","10.000000","False",""
Legendary_StackingDamage_Lineage,"Always","SkillStart","(GameplayTags=)","(GameplayTags=((TagName=""Skill.Railman.Melee"")))","(GameplayTags=)","None","ProcChance|Legendary_StackingDamage_Lineage","0.000000","/Game/Skills/Blueprints/Railman/Legendary/Skill_StackingDamage_Lineage.Skill_StackingDamage_Lineage_C","10.000000","False",""
Legendary_StackingDamage_Conductor,"Always","SkillStart","(GameplayTags=)","(GameplayTags=((TagName=""Skill.Railman.Turret"")))","(GameplayTags=)","None","ProcChance|Legendary_StackingDamage_Conductor","0.000000","/Game/Skills/Blueprints/Railman/Legendary/Skill_StackingDamage_Conductor.Skill_StackingDamage_Conductor_C","10.000000","False",""
Legendary_DuskMage_RelicNetherlings,"Always","SkillStart","(GameplayTags=)","(GameplayTags=((TagName=""Skill.EmberWeapon.UltimateActive"")))","(GameplayTags=)","None","ProcChance|Legendary_DuskMage_RelicNetherlings","0.000000","/Game/Skills/Blueprints/DuskMage/Legendary/Skill_Legendary_RelicSpawnNetherlings.Skill_Legendary_RelicSpawnNetherlings_C","0.000000","False",""
Legendary_Forged_CritAtMaxHeat,"Always","ActiveTraitAtMax","(GameplayTags=)","(GameplayTags=)","(GameplayTags=)","ForgedHeat","ProcChance|Legendary_Forged_CritAtMaxHeat","0.000000","/Game/Skills/Blueprints/Forged/Legendary/Skill_Legendary_OverheatCritChance.Skill_Legendary_OverheatCritChance_C","0.000000","False",""
Legendary_Forged_RelicSonicPulse,"Random","SkillStart","(GameplayTags=)","(GameplayTags=((TagName=""Skill.EmberWeapon.Active"")))","(GameplayTags=)","None","ProcChance|Legendary_Forged_RelicSonicPulse","0.000000","/Game/Skills/Blueprints/Forged/Skill_Forged_SonicPulse_Proc.Skill_Forged_SonicPulse_Proc_C","1.000000","False",""
Legendary_Forged_RelicAutomabots,"Always","SkillStart","(GameplayTags=)","(GameplayTags=((TagName=""Skill.EmberWeapon.UltimateActive"")))","(GameplayTags=)","None","ProcChance|Legendary_Forged_RelicAutomabots","0.000000","/Game/Skills/Blueprints/Forged/Legendary/ProcSkill_SpawnMinion_Automabot.ProcSkill_SpawnMinion_Automabot_C","2.000000","False",""
GolemOnKillChilled,"Random","DidKill","(GameplayTags=)","(GameplayTags=)","(GameplayTags=((TagName=""StatusEffect.Chilled""),(TagName=""StatusEffect.Frozen"")))","None","ProcChance|GolemOnKillChilled","0.000000","/Game/Skills/Blueprints/EmberWeapons/Coldheart/ProcSkill_Coldheart_IceGolem.ProcSkill_Coldheart_IceGolem_C","0.000000","True",""
Legendary_SeismicCharge,"Always","SkillDamage","(GameplayTags=)","(GameplayTags=((TagName=""Skill.BasicAttack"")))","(GameplayTags=)","None","ProcChance|Legendary_SeismicCharge","0.000000","/Game/Skills/Blueprints/Railman/Legendary/Skill_Legendary_GainSeismicCharge.Skill_Legendary_GainSeismicCharge_C","0.200000","False",""
Legendary_SeismicChargeReady,"Always","SkillDamage","(GameplayTags=)","(GameplayTags=((TagName=""Skill.BasicAttack"")))","(GameplayTags=)","None","ProcChance|Legendary_SeismicChargeReady","0.000000","/Game/Skills/Blueprints/Railman/Legendary/Skill_Legendary_SeismicShock.Skill_Legendary_SeismicShock_C","0.200000","False",""
Legendary_RailmanSetFlameShockwave,"Always","SkillDamage","(GameplayTags=)","(GameplayTags=((TagName=""Skill.BasicAttack.Melee""),(TagName=""Skill.BasicAttackMelee""),(TagName=""Skill.Railman.Melee"")))","(GameplayTags=)","None","ProcChance|Legendary_RailmanSetFlameShockwave","0.000000","/Game/Skills/Blueprints/Railman/Legendary/Skill_Legendary_FlameNova.Skill_Legendary_FlameNova_C","0.000000","False",""
Legendary_RailmanSetFlameShockwaveCharge,"Always","SkillStart","(GameplayTags=)","(GameplayTags=((TagName=""Skill.Railman.TurretSpecial"")))","(GameplayTags=)","None","ProcChance|Legendary_RailmanSetFlameShockwaveCharge","0.000000","/Game/Skills/Blueprints/Railman/Legendary/Skill_Legendary_GainFlameShockwaveCharge.Skill_Legendary_GainFlameShockwaveCharge_C","0.000000","False",""
LightningStrike,"Random","DoDamage","(GameplayTags=)","(GameplayTags=)","(GameplayTags=((TagName=""StatusEffect.Shock"")))","None","ProcChance|LightningStrike","0.000000","/Game/Skills/Blueprints/EmberWeapons/Electrode/Skill_Electrode_LightningHit.Skill_Electrode_LightningHit_C","0.000000","True",""
Legendary_RailmanSetRestoreEndurance,"Random","SkillStart","(GameplayTags=)","(GameplayTags=((TagName=""Skill.EmberWeapon.Active"")))","(GameplayTags=)","None","ProcChance|Legendary_RailmanSetRestoreEndurance","0.000000","/Game/Skills/Blueprints/Railman/Legendary/ProcSkill_RestoreAllEndurance.ProcSkill_RestoreAllEndurance_C","1.000000","False",""
Legendary_RailmanSetEnchantedHammer,"Always","SkillStart","(GameplayTags=)","(GameplayTags=((TagName=""Skill.EmberWeapon.UltimateActive"")))","(GameplayTags=)","None","ProcChance|Legendary_RailmanSetEnchantedHammer","0.000000","/Game/Skills/Blueprints/Railman/Legendary/ProcSkill_SpawnMinion_EnchantedHammer.ProcSkill_SpawnMinion_EnchantedHammer_C","0.000000","False",""
Legendary_PoisonGoblinImmunity,"Always","TakeDamage","(GameplayTags=)","(GameplayTags=)","(GameplayTags=)","None","ProcChance|Legendary_PoisonGoblinImmunity","0.000000","/Game/Skills/Blueprints/Legendaries/ProcSkill_HyvidPoisonImmunity.ProcSkill_HyvidPoisonImmunity_C","0.000000","False",""
Legendary_LuckOnHyvidKill,"Always","DidKill","(GameplayTags=((TagName=""Character.Monster.Vespid"")))","(GameplayTags=)","(GameplayTags=)","None","ProcChance|Legendary_LuckOnHyvidKill","0.000000","/Game/Skills/Blueprints/Legendaries/ProcSkill_LuckOnHyvidKill.ProcSkill_LuckOnHyvidKill_C","0.000000","False",""
Legendary_SpewPoisonOnRelic,"Always","SkillStart","(GameplayTags=)","(GameplayTags=((TagName=""Skill.EmberWeapon.Active"")))","(GameplayTags=)","None","ProcChance|Legendary_SpewPoisonOnRelic","0.000000","/Game/Skills/Blueprints/Legendaries/ProcSkill_SpewPoison.ProcSkill_SpewPoison_C","0.000000","False",""
Legendary_SpawnPoisonEgg,"Random","DidKill","(GameplayTags=)","(GameplayTags=)","(GameplayTags=)","None","ProcChance|Legendary_SpawnPoisonEgg","0.050000","/Game/Skills/Blueprints/Legendaries/Skill_Legendary_SpawnPoisonEgg.Skill_Legendary_SpawnPoisonEgg_C","1.000000","False",""
ShockBoltsOnKill,"Random","DidKill","(GameplayTags=)","(GameplayTags=)","(GameplayTags=)","None","ProcChance|ShockBoltsOnKill","0.000000","/Game/Skills/Blueprints/EmberWeapons/Electrode/SkillTreePlaceholders/SkillTree_Electrode_ShockBoltsOnKilled.SkillTree_Electrode_ShockBoltsOnKilled_C","0.000000","True",""
Legendary_RelicEmpoweringZone,"Always","SkillStart","(GameplayTags=)","(GameplayTags=((TagName=""Skill.EmberWeapon.UltimateActive"")))","(GameplayTags=)","None","ProcChance|Legendary_RelicEmpoweringZone","0.000000","/Game/Skills/Blueprints/Legendaries/ProcSkill_EmpoweringZone.ProcSkill_EmpoweringZone_C","0.000000","False",""
Legendary_IceArmor,"Always","TakeDamage","(GameplayTags=)","(GameplayTags=)","(GameplayTags=)","None","ProcChance|Legendary_IceArmor","0.000000","/Game/Skills/Blueprints/Legendaries/ProcSkill_IceArmor.ProcSkill_IceArmor_C","0.000000","False",""
Legendary_IceGolem,"Always","SkillStart","(GameplayTags=)","(GameplayTags=((TagName=""Skill.EmberWeapon.UltimateActive"")))","(GameplayTags=)","None","ProcChance|Legendary_IceGolem","0.000000","/Game/Skills/Blueprints/Legendaries/ProcSkill_SpawnMinion_IceGolem.ProcSkill_SpawnMinion_IceGolem_C","0.000000","False",""
Legendary_SkeletonWarriorGroup,"Always","SkillStart","(GameplayTags=)","(GameplayTags=((TagName=""Skill.EmberWeapon.UltimateActive"")))","(GameplayTags=)","None","ProcChance|Legendary_SkeletonWarriorGroup","0.000000","/Game/Skills/Blueprints/Legendaries/ProcSkill_SpawnMinion_SkeletonWarriorGroup.ProcSkill_SpawnMinion_SkeletonWarriorGroup_C","0.000000","False",""
Legendary_SkeletonGuardGroup,"Always","SkillStart","(GameplayTags=)","(GameplayTags=((TagName=""Skill.EmberWeapon.UltimateActive"")))","(GameplayTags=)","None","ProcChance|Legendary_SkeletonGuardGroup","0.000000","/Game/Skills/Blueprints/Legendaries/ProcSkill_SpawnMinion_SkeletonGuardsAndArchers.ProcSkill_SpawnMinion_SkeletonGuardsAndArchers_C","0.000000","False",""
Legendary_BasicAttackFireballs,"Always","SkillStart","(GameplayTags=)","(GameplayTags=((TagName=""Skill.EmberWeapon.Active"")))","(GameplayTags=)","None","ProcChance|Legendary_BasicAttackFireballs","0.000000","/Game/Skills/Blueprints/Legendaries/ProcSkill_BasicFireballsApplyStatus.ProcSkill_BasicFireballsApplyStatus_C","0.000000","False",""
Legendary_BasicAttackFireballsShot,"Always","SkillStart","(GameplayTags=)","(GameplayTags=((TagName=""Skill.BasicAttack.Melee""),(TagName=""Skill.BasicAttackMelee"")))","(GameplayTags=)","None","ProcChance|Legendary_BasicAttackFireballsShot","0.000000","/Game/Skills/Blueprints/Legendaries/ProcSkill_BasicFireballs.ProcSkill_BasicFireballs_C","0.000000","False",""
Legendary_UnboundBlade,"Always","SkillStart","(GameplayTags=)","(GameplayTags=((TagName=""Skill.BasicAttackMelee""),(TagName=""Skill.BasicAttack.Melee"")))","(GameplayTags=)","None","ProcChance|Legendary_UnboundBlade","0.000000","/Game/Skills/Blueprints/Legendaries/ProcSkill_UnboundBlade.ProcSkill_UnboundBlade_C","0.000000","False",""
Legendary_PoisonBarrageStack,"Always","SkillDamage","(GameplayTags=)","(GameplayTags=)","(GameplayTags=)","None","ProcChance|Legendary_PoisonBarrageStack","0.000000","/Game/Skills/Blueprints/Legendaries/ProcSkill_PoisonBarrageApplyStatus.ProcSkill_PoisonBarrageApplyStatus_C","0.250000","False",""
Legendary_PoisonBarrage,"Always","SkillStart","(GameplayTags=)","(GameplayTags=((TagName=""Skill.EmberWeapon.Active"")))","(GameplayTags=)","None","ProcChance|Legendary_PoisonBarrage","0.000000","/Game/Skills/Blueprints/Legendaries/ProcSkill_PoisonBarrage.ProcSkill_PoisonBarrage_C","0.000000","False",""
Sharpshooter_Scout,"Always","SkillStart","(GameplayTags=)","(GameplayTags=((TagName=""Skill.Sharpshooter.Ranged.Shoot"")))","(GameplayTags=)","None","None","0.000000","/Game/Skills/Blueprints/Sharpshooter/ProcSkill_ScoutBonus.ProcSkill_ScoutBonus_C","0.000000","True",""
Sharpshooter_Scout_ApplyPoison,"Always","DoDamage","(GameplayTags=)","(GameplayTags=((TagName=""Skill.Sharpshooter.Ranged.Shoot"")))","(GameplayTags=)","None","None","0.000000","/Game/Skills/Blueprints/Sharpshooter/ProcSkill_ScoutPoison.ProcSkill_ScoutPoison_C","0.000000","True",""
Sharpshooter_Goblin,"Always","SkillStart","(GameplayTags=)","(GameplayTags=((TagName=""Skill.Sharpshooter.Ranged.Shoot""),(TagName=""Skill"")))","(GameplayTags=)","None","None","0.000000","/Game/Skills/Blueprints/Sharpshooter/ProcSkill_GoblinBonus.ProcSkill_GoblinBonus_C","0.000000","True",""
Sharpshooter_Goblin_SummonGoblin,"Always","DoDamage","(GameplayTags=)","(GameplayTags=((TagName=""Skill.Sharpshooter.Ranged.Shoot"")))","(GameplayTags=)","None","None","0.000000","/Game/Skills/Blueprints/Sharpshooter/ProcSkill_GoblinSummon.ProcSkill_GoblinSummon_C","0.000000","True",""
Sharpshooter_Ghost,"Always","SkillStart","(GameplayTags=)","(GameplayTags=((TagName=""Skill.Sharpshooter.Ranged.Shoot"")))","(GameplayTags=)","None","None","0.000000","/Game/Skills/Blueprints/Sharpshooter/ProcSkill_GhostCrit.ProcSkill_GhostCrit_C","0.000000","True",""
Sharpshooter_Pipi,"Always","SkillStart","(GameplayTags=)","(GameplayTags=((TagName=""Skill.Sharpshooter.Ranged.Shoot"")))","(GameplayTags=)","None","None","0.000000","/Game/Skills/Blueprints/Sharpshooter/ProcSkill_PipiBonus.ProcSkill_PipiBonus_C","0.000000","True",""
Sharpshooter_PipiApplyWeaken,"Always","DoDamage","(GameplayTags=)","(GameplayTags=((TagName=""Skill.Sharpshooter.Ranged.Shoot"")))","(GameplayTags=)","None","None","0.000000","/Game/Skills/Blueprints/Sharpshooter/ProcSkill_PipiWeaken.ProcSkill_PipiWeaken_C","0.000000","True",""
Legendary_ClockworkPart,"Always","SkillStart","(GameplayTags=)","(GameplayTags=((TagName=""Skill.EmberWeapon.Active"")))","(GameplayTags=)","None","ProcChance|Legendary_ClockworkPart","0.000000","/Game/Skills/Blueprints/Legendaries/ProcSkill_ClockworkPartsApplyStatus.ProcSkill_ClockworkPartsApplyStatus_C","0.000000","False",""
Legendary_ClockworkExplodobotSummon,"Always","SkillStart","(GameplayTags=)","(GameplayTags=((TagName=""Skill.EmberWeapon.UltimateActive"")))","(GameplayTags=)","None","ProcChance|Legendary_ClockworkExplodobotSummon","0.000000","/Game/Skills/Blueprints/Legendaries/ProcSkill_SpawnMinion_ClockworkExplodobot.ProcSkill_SpawnMinion_ClockworkExplodobot_C","0.000000","False",""
Legendary_DrainLifeNova,"Always","SkillDamage","(GameplayTags=)","(GameplayTags=((TagName=""Skill.BasicAttack.Melee"")))","(GameplayTags=)","None","ProcChance|Legendary_DrainLifeNova","0.000000","/Game/Skills/Blueprints/Legendaries/ProcSkill_LifeStealNova.ProcSkill_LifeStealNova_C","3.000000","False",""
PipiProc,"Always","DidKill","(GameplayTags=)","(GameplayTags=)","(GameplayTags=((TagName=""StatusEffect.Sharpshooter.Pipi"")))","None","None","0.000000","/Game/Skills/Blueprints/Sharpshooter/Skill_Pipi_Proc.Skill_Pipi_Proc_C","0.000000","True",""
PrecisionStun,"Random","SkillDamage","(GameplayTags=)","(GameplayTags=((TagName=""Skill.Sharpshooter.Ranged.Shoot"")))","(GameplayTags=)","None","ProcChance|PrecisionStun","0.000000","/Game/Skills/Blueprints/Sharpshooter/ProcSkill_PrecisionStun.ProcSkill_PrecisionStun_C","0.000000","True",""
PrecisionHeal,"Random","SkillDamage","(GameplayTags=)","(GameplayTags=((TagName=""Skill.Sharpshooter.Ranged.Shoot"")))","(GameplayTags=)","None","ProcChance|PrecisionHeal","0.000000","/Game/Skills/Blueprints/Sharpshooter/Proc_Sharpshooter_PrecisionHeal.Proc_Sharpshooter_PrecisionHeal_C","0.000000","True",""
PrecisionAmmo,"Random","DidKill","(GameplayTags=)","(GameplayTags=((TagName=""Skill.Sharpshooter.Ranged.Shoot"")))","(GameplayTags=)","None","ProcChance|PrecisionAmmo","0.000000","/Game/Skills/Blueprints/Sharpshooter/Proc_Sharpshooter_PrecisionAmmo.Proc_Sharpshooter_PrecisionAmmo_C","0.000000","True",""
PotionIntangible,"Random","SkillStart","(GameplayTags=)","(GameplayTags=((TagName=""Skill.Potion"")))","(GameplayTags=)","None","ProcChance|PotionIntangible","0.000000","/Game/Skills/Blueprints/Sharpshooter/Proc_Sharpshooter_Intangible.Proc_Sharpshooter_Intangible_C","0.000000","False",""
Sharpshooter_Goose,"Always","SkillStart","(GameplayTags=)","(GameplayTags=((TagName=""Skill.Sharpshooter.Ranged.Shoot"")))","(GameplayTags=)","None","None","0.000000","/Game/Skills/Blueprints/Sharpshooter/ProcSkill_GooseBonus.ProcSkill_GooseBonus_C","0.000000","True",""
Sharpshooter_Rizzi,"Always","SkillStart","(GameplayTags=)","(GameplayTags=((TagName=""Skill.Sharpshooter.Ranged.Shoot"")))","(GameplayTags=)","None","None","0.000000","/Game/Skills/Blueprints/Sharpshooter/ProcSkill_RizziBonus.ProcSkill_RizziBonus_C","0.000000","True",""
Sharpshooter_RizziApplyImmobilize,"Always","DoDamage","(GameplayTags=)","(GameplayTags=((TagName=""Skill.Sharpshooter.Ranged.Shoot"")))","(GameplayTags=)","None","None","0.000000","/Game/Skills/Blueprints/Sharpshooter/ProcSkill_RizziImmobilize.ProcSkill_RizziImmobilize_C","0.000000","True",""
Sharpshooter_Shasta,"Always","SkillStart","(GameplayTags=)","(GameplayTags=((TagName=""Skill.Sharpshooter.Ranged.Shoot"")))","(GameplayTags=)","None","None","0.000000","/Game/Skills/Blueprints/Sharpshooter/ProcSkill_ShastaBonus.ProcSkill_ShastaBonus_C","0.000000","True",""
Sharpshooter_Shasta_ApplyFear,"Always","SkillDamage","(GameplayTags=)","(GameplayTags=((TagName=""Skill.Sharpshooter.Ranged.Shoot"")))","(GameplayTags=)","None","None","0.000000","/Game/Skills/Blueprints/Sharpshooter/ProcSkill_ShastaFear.ProcSkill_ShastaFear_C","0.000000","True",""
Thorns,"Random","TakeDamage","(GameplayTags=)","(GameplayTags=)","(GameplayTags=)","None","ProcChance|Thorns","0.000000","/Game/Skills/Blueprints/EmberWeapons/ProcSkill_Thorns.ProcSkill_Thorns_C","0.000000","True",""
BlockDamageMult,"Always","Block","(GameplayTags=)","(GameplayTags=)","(GameplayTags=)","None","None","0.000000","/Game/Skills/Blueprints/EmberWeapons/ChampionsAmulet/ProcSkill_DamageMultStacking.ProcSkill_DamageMultStacking_C","0.000000","False",""
KillDamageMult,"Always","DidKill","(GameplayTags=)","(GameplayTags=)","(GameplayTags=)","None","None","0.000000","/Game/Skills/Blueprints/EmberWeapons/ChampionsAmulet/ProcSkill_DamageMultStacking.ProcSkill_DamageMultStacking_C","0.000000","False",""
Legendary_TwoTonPull,"Random","SkillStart","(GameplayTags=)","(GameplayTags=((TagName=""Skill.Sharpshooter.Ranged.Shoot"")))","(GameplayTags=)","None","ProcChance|Legendary_TwoTonPull","0.000000","/Game/Skills/Blueprints/Legendaries/ProcSkill_TwoTonPull.ProcSkill_TwoTonPull_C","0.000000","False",""
Legendary_Chronometer,"Always","SkillStart","(GameplayTags=)","(GameplayTags=((TagName=""Skill.Sharpshooter.Adventurer"")))","(GameplayTags=)","None","ProcChance|Legendary_Chronometer","0.000000","/Game/Skills/Blueprints/EmberWeapons/ProcSkill_Legendary_Chronometer.ProcSkill_Legendary_Chronometer_C","0.000000","False",""
Legendary_HolyIcon,"Random","Block","(GameplayTags=)","(GameplayTags=)","(GameplayTags=)","None","ProcChance|Legendary_HolyIcon","0.000000","/Game/Skills/Blueprints/Legendaries/ProcSkill_SpawnHolyIcon.ProcSkill_SpawnHolyIcon_C","0.000000","False",""
Legendary_Sharpshooter_AmmoRestore,"Random","SkillDamage","(GameplayTags=)","(GameplayTags=((TagName=""Skill.BasicAttack.Ranged"")))","(GameplayTags=)","None","ProcChance|Legendary_Sharpshooter_AmmoRestore","0.000000","/Game/Skills/Blueprints/Sharpshooter/Proc_Sharpshooter_Legendary_AmmoRestore.Proc_Sharpshooter_Legendary_AmmoRestore_C","0.000000","False",""
Legendary_Sharpshooter_AdventurerSkillPoints,"Always","SkillStart","(GameplayTags=)","(GameplayTags=((TagName=""Skill.Sharpshooter.Adventurer"")))","(GameplayTags=)","None","None","0.000000","/Game/Skills/Blueprints/Forged/Legendary/Skill_StackingDamage_Adventurer.Skill_StackingDamage_Adventurer_C","0.000000","False",""
Legendary_Sharpshooter_PrecisionSkillPoints,"Always","SkillStart","(GameplayTags=((TagName=""Skill.Sharpshooter.Ranged"")))","(GameplayTags=)","(GameplayTags=)","None","ProcChance|Legendary_Sharpshooter_PrecisionSkillPoints","0.000000","/Game/Skills/Blueprints/Forged/Legendary/Skill_StackingDamage_Precision.Skill_StackingDamage_Precision_C","0.000000","False",""
Legendary_Sharpshooter_SummonHerman,"Always","SkillStart","(GameplayTags=)","(GameplayTags=((TagName=""Skill.EmberWeapon.Activated""),(TagName=""Skill.EmberWeapon.UltimateActive"")))","(GameplayTags=)","None","ProcChance|Legendary_Sharpshooter_SummonHerman","0.000000","/Game/Skills/Blueprints/Sharpshooter/Legendary/ProcSkill_SpawnMinion_Herman.ProcSkill_SpawnMinion_Herman_C","1.000000","False",""
Legendary_Sharpshooter_PotionGhost,"Always","SkillStart","(GameplayTags=)","(GameplayTags=((TagName=""Skill.Potion"")))","(GameplayTags=)","None","ProcChance|Legendary_Sharpshooter_PotionGhost","0.000000","/Game/Skills/Blueprints/Sharpshooter/Proc_Sharpshooter_Legendary_GhostRestore.Proc_Sharpshooter_Legendary_GhostRestore_C","0.000000","False",""
Legendary_PoisonAmmoOnRelic,"Always","SkillStart","(GameplayTags=)","(GameplayTags=((TagName=""Skill.EmberWeapon.Active"")))","(GameplayTags=)","None","ProcChance|Legendary_PoisonAmmoOnRelic","0.000000","/Game/Skills/Blueprints/Legendaries/ProcSkill_PoisonAmmoApplyStatus.ProcSkill_PoisonAmmoApplyStatus_C","0.000000","False",""
Legendary_PoisonAmmoUse,"Always","DoDamage","(GameplayTags=)","(GameplayTags=((TagName=""Skill.BasicAttack"")))","(GameplayTags=)","None","ProcChance|Legendary_PoisonAmmoUse","0.000000","/Game/Skills/Blueprints/Shrines/ProcSkill_PoisonAmmo_Nova.ProcSkill_PoisonAmmo_Nova_C","0.500000","False",""
Legendary_ChainLightning,"Always","DoDamage","(GameplayTags=)","(GameplayTags=)","(GameplayTags=)","None","ProcChance|Legendary_ChainLightning","0.000000","/Game/Skills/Blueprints/Legendaries/ProcSkill_BasicChainLightning.ProcSkill_BasicChainLightning_C","0.250000","True",""
Legendary_BasicChainLightningOnBasic,"Always","DoDamage","(GameplayTags=)","(GameplayTags=((TagName=""Skill.BasicAttack"")))","(GameplayTags=)","None","ProcChance|Legendary_BasicChainLightningOnBasic","0.000000","/Game/Skills/Blueprints/Legendaries/ProcSkill_BasicChainLightning.ProcSkill_BasicChainLightning_C","0.500000","False",""
Legendary_PromoteSpiritWellMinion,"Random","DoDamage","(GameplayTags=)","(GameplayTags=)","(GameplayTags=)","None","ProcChance|Legendary_PromoteSpiritWellMinion","0.000000","/Game/Skills/Blueprints/Legendaries/ProcSkill_PromoteSpiritWellMinion.ProcSkill_PromoteSpiritWellMinion_C","0.000000","False",""
Legendary_CooldownShockCharge,"Always","SkillStart","(GameplayTags=)","(GameplayTags=((TagName=""Skill.Cooldown"")))","(GameplayTags=)","None","ProcChance|Legendary_CooldownShockCharge","0.000000","/Game/Skills/Blueprints/Railman/Legendary/Skill_Legendary_GainPoundShockCharge.Skill_Legendary_GainPoundShockCharge_C","0.000000","False",""
Legendary_ShotgunBlastShockCharge,"Always","DoDamage","(GameplayTags=)","(GameplayTags=((TagName=""Skill.Forged.RapidFire"")))","(GameplayTags=)","None","ProcChance|Legendary_ShotgunBlastShockCharge","0.000000","/Game/Skills/Blueprints/Forged/Legendary/Skill_Legendary_GainShotgunneShockCharge.Skill_Legendary_GainShotgunneShockCharge_C","3.000000","False",""
Legendary_ZapOnBlock,"Random","Block","(GameplayTags=)","(GameplayTags=)","(GameplayTags=)","None","ProcChance|Legendary_ZapOnBlock","0.000000","/Game/Skills/Blueprints/Legendaries/ProcSkill_ZapOnBlock.ProcSkill_ZapOnBlock_C","1.000000","False",""
Legendary_LuckOnVolturaKill,"Always","DidKill","(GameplayTags=((TagName=""Character.Monster.Voltura"")))","(GameplayTags=)","(GameplayTags=)","None","ProcChance|Legendary_LuckOnVolturaKill","0.000000","/Game/Skills/Blueprints/Legendaries/ProcSkill_LuckOnVolturaKill.ProcSkill_LuckOnVolturaKill_C","0.000000","False",""
Legendary_LuckOnAutomatonKill,"Always","DidKill","(GameplayTags=((TagName=""Character.Monster.Automaton"")))","(GameplayTags=)","(GameplayTags=)","None","ProcChance|Legendary_LuckOnAutomatonKill","0.000000","/Game/Skills/Blueprints/Legendaries/ProcSkill_LuckOnVolturaKill.ProcSkill_LuckOnVolturaKill_C","0.000000","False",""
Legendary_ElectricVolturaImmunity,"Always","TakeDamage","(GameplayTags=)","(GameplayTags=)","(GameplayTags=)","None","ProcChance|Legendary_ElectricVolturaImmunity","0.000000","/Game/Skills/Blueprints/Legendaries/ProcSkill_ElectricVolturaImmunity.ProcSkill_ElectricVolturaImmunity_C","0.000000","False",""
Legendary_RelicSkillRefresh,"Random","SkillStart","(GameplayTags=)","(GameplayTags=((TagName=""Skill.EmberWeapon.Active"")))","(GameplayTags=)","None","ProcChance|Legendary_RelicSkillRefresh","0.000000","/Game/Skills/Blueprints/Legendaries/ProcSkill_RelicSkillRefresh.ProcSkill_RelicSkillRefresh_C","0.000000","False",""
Legendary_RelicActiveChargeUp,"Always","SkillStart","(GameplayTags=)","(GameplayTags=((TagName=""Skill.EmberWeapon.UltimateActive"")))","(GameplayTags=)","None","ProcChance|Legendary_RelicActiveChargeUp","0.000000","/Game/Skills/Blueprints/Legendaries/ProcSkill_SpawnMinion_RelicChargeUpCaster.ProcSkill_SpawnMinion_RelicChargeUpCaster_C","0.000000","False",""
VentBuff,"Random","SkillStart","(GameplayTags=)","(GameplayTags=((TagName=""Skill.Forged.Vent"")))","(GameplayTags=)","None","ProcChance|VentBuff","0.000000","/Game/Skills/Blueprints/Forged/Proc_Forged_VentBuff.Proc_Forged_VentBuff_C","0.000000","True",""
Legendary_AlexProc,"Always","SkillStart","(GameplayTags=)","(GameplayTags=)","(GameplayTags=)","None","ProcChance|Legendary_AlexProc","0.000000","/Game/Skills/Blueprints/Legendaries/ProcSkill_AlexSwordCounter.ProcSkill_AlexSwordCounter_C","0.000000","True",""
ShockingRounds,"Always","SkillDamage","(GameplayTags=)","(GameplayTags=((TagName=""Skill.Railman.Turret.Passive.LeadCar"")))","(GameplayTags=)","None","None","1.000000","/Game/Skills/Blueprints/Railman/ProcSkill_ShockingRounds.ProcSkill_ShockingRounds_C","0.000000","True",""
Legendary_StormDriver,"Always","SkillDamage","(GameplayTags=)","(GameplayTags=((TagName=""Skill.Sharpshooter.Ranged.Onslaught"")))","(GameplayTags=)","None","ProcChance|Legendary_StormDriver","1.000000","/Game/Skills/Blueprints/Sharpshooter/Legendary/ProcSkill_StormDriver.ProcSkill_StormDriver_C","1.000000","True",""
Legendary_RandomRelicSkill,"Always","SkillStart","(GameplayTags=)","(GameplayTags=((TagName=""Skill.EmberWeapon.Active"")))","(GameplayTags=)","None","ProcChance|Legendary_RandomRelicSkill","0.000000","/Game/Skills/Blueprints/Legendaries/Skill_ScrollOfWonder_ChooseSkill.Skill_ScrollOfWonder_ChooseSkill_C","0.000000","True",""
TurretPiercing,"Always","SkillStart","(GameplayTags=)","(GameplayTags=((TagName=""Skill.Railman.TurretSpecial"")))","(GameplayTags=)","None","ProcChance|TurretPiercing","0.000000","/Game/Skills/Blueprints/Railman/ProcSkill_TurretPiercing.ProcSkill_TurretPiercing_C","0.000000","True",""
VentBlock,"Always","SkillStart","(GameplayTags=)","(GameplayTags=((TagName=""Skill.Forged.Vent"")))","(GameplayTags=)","None","ProcChance|VentBlock","0.000000","/Game/Skills/Blueprints/Forged/Proc_Forged_VentArmor.Proc_Forged_VentArmor_C","0.000000","True",""
HealOnBrawlHit,"Random","SkillDamage","(GameplayTags=)","(GameplayTags=((TagName=""Skill.Forged.Melee"")))","(GameplayTags=)","None","ProcChance|HealonBrawlHit","0.000000","/Game/Skills/Blueprints/Forged/Proc_Forged_HealthOnHitStun.Proc_Forged_HealthOnHitStun_C","0.000000","True",""
PoisonDartExplode,"Always","DidKill","(GameplayTags=)","(GameplayTags=)","(GameplayTags=((TagName=""StatusEffect.Poison.PoisonDart"")))","None","ProcChance|PoisonDartExplode","0.000000","/Game/Skills/Blueprints/Forged/Proc_PoisonDartExplode.Proc_PoisonDartExplode_C","0.000000","True",""
Legendary_PetHealthOnHit,"Always","DoDamage","(GameplayTags=)","(GameplayTags=((TagName=""Skill.Pet.Basic"")))","(GameplayTags=)","None","ProcChance|Legendary_PetHealthOnHit","0.000000","/Game/Skills/Blueprints/Pets/Legendary/Proc_HealthOnHit.Proc_HealthOnHit_C","0.250000","True",""
Legendary_PetFlameNova,"Always","DoDamage","(GameplayTags=)","(GameplayTags=((TagName=""Skill.Pet.Basic"")))","(GameplayTags=)","None","ProcChance|Legendary_PetFlameNova","0.000000","/Game/Skills/Blueprints/Pets/Legendary/Proc_FlameNova.Proc_FlameNova_C","8.000000","True",""
Legendary_PetPoisonAura,"Always","DoDamage","(GameplayTags=)","(GameplayTags=((TagName=""Skill.Pet.Basic"")))","(GameplayTags=)","None","ProcChance|Legendary_PetPoisonAura","0.000000","/Game/Skills/Blueprints/Pets/Legendary/Proc_PoisonHazard.Proc_PoisonHazard_C","6.000000","True",""
Legendary_PetShockNova,"Always","SkillStart","(GameplayTags=)","(GameplayTags=((TagName=""Skill.Pet.Active"")))","(GameplayTags=)","None","ProcChance|Legendary_PetShockNova","0.000000","/Game/Skills/Blueprints/Pets/Legendary/Proc_ShockNova.Proc_ShockNova_C","0.100000","True",""
Legendary_PetGhostPets,"Always","DoDamage","(GameplayTags=)","(GameplayTags=)","(GameplayTags=)","None","ProcChance|Legendary_PetGhostPets","0.000000","/Game/Skills/Blueprints/Pets/Legendary/ProcSkill_SummonGhostPets.ProcSkill_SummonGhostPets_C","30.000000","True",""
Legendary_PetCooldownRefresh,"Random","DoDamage","(GameplayTags=)","(GameplayTags=((TagName=""Skill.Pet.Basic"")))","(GameplayTags=)","None","ProcChance|Legendary_PetCooldownRefresh","0.000000","/Game/Skills/Blueprints/Pets/Legendary/ProcSkill_ActivePetRefresh.ProcSkill_ActivePetRefresh_C","4.000000","True",""
