---,DisplayName,BaseMonster,AffixString,ShouldSpawnReturnPortal,DestroyAllMonstersOnDie,ScaleMultiplier,HitpointBonusMultiplier,DamageBonusMultiplier,SpeedBonusMultiplier,ExperienceBonusMultiplier,AggroRadius,bShouldTether,ChaseRadius,IgnoreMinionChance,StatusEffect,ItemSpawn,TraitString1,TraitString2,TraitString3,ItemSpawnGameplayTags,Notes
Alpaca_Side_Boss,"NSLOCTEXT(""BossTable"", ""1ADB0A21422AD15B1ADDC2AFFEB944DA"", ""Queen of Alpacas"")","(RowName=""Alpaca_Menacer"")","SiegeSolo","True","False","1.350000","70.000000","2.000000","0.000000","111.000000","800.000000","True","2500.000000","0.250000","/Game/Monsters/Blueprints/StatusEffect_MiniBoss_EndCap.StatusEffect_MiniBoss_EndCap_C","Boss","KnockbackResistance=1;StunResistance=1","","","None",""
Automaton_Custodian_Electric_Rando_Boss,"NSLOCTEXT(""BossTable"", ""Automaton_Custodian_Electric_Rando_Boss_DisplayName"", ""S4N-1-T1Z3"")","(RowName=""Automaton_Custodian_Electric"")","Berserking","False","False","1.500000","70.000000","2.000000","0.000000","111.000000","800.000000","True","2500.000000","0.250000","/Game/Monsters/Blueprints/StatusEffect_MiniBoss_EndCap.StatusEffect_MiniBoss_EndCap_C","Champion_Unique","KnockbackResistance=1;StunResistance=1","","","None","mw1_wall_b_encounter"
Automaton_Electric_Story_Boss,"NSLOCTEXT(""BossTable"", ""1E45254B432AC7C0B6E4E8897A88B380"", ""Overcharger"")","(RowName=""Automaton_Hulk_Electric"")","Berserking","True","False","1.500000","70.000000","2.000000","0.000000","111.000000","800.000000","True","2500.000000","0.250000","/Game/Monsters/Blueprints/StatusEffect_MiniBoss_EndCap.StatusEffect_MiniBoss_EndCap_C","Boss","KnockbackResistance=1;StunResistance=1","","","None",""
Automaton_Electric_Story_Boss_Mapworks,"NSLOCTEXT(""BossTable"", ""1E45254B432AC7C0B6E4E8897A88B380"", ""Overcharger"")","(RowName=""Automaton_Hulk_Electric"")","Berserking","True","True","1.500000","70.000000","2.000000","0.000000","111.000000","800.000000","True","2500.000000","0.250000","/Game/Monsters/Blueprints/StatusEffect_MiniBoss_Outdoors_Arena.StatusEffect_MiniBoss_Outdoors_Arena_C","Boss","KnockbackResistance=1;StunResistance=1","","","None",""
Automaton_Hulk_Electric_Rando_Boss,"NSLOCTEXT(""BossTable"", ""Automaton_Hulk_Electric_Rando_Boss_DisplayName"", ""Hunker Junker"")","(RowName=""Automaton_Hulk_Electric"")","Shocking","False","False","1.500000","70.000000","2.000000","0.000000","111.000000","800.000000","True","2500.000000","0.250000","/Game/Monsters/Blueprints/StatusEffect_MiniBoss_EndCap.StatusEffect_MiniBoss_EndCap_C","Champion_Unique","KnockbackResistance=1;StunResistance=1","","","None","mw1_corner_a_encounter"
Automaton_Hulk_Electric_Rando_Boss2,"NSLOCTEXT(""BossTable"", ""Automaton_Hulk_Electric_Rando_Boss2_DisplayName"", ""TR3-NCH-R3Z-N0R"")","(RowName=""Automaton_Hulk_Electric"")","Berserking","False","False","1.500000","70.000000","2.000000","0.000000","111.000000","800.000000","True","2500.000000","0.250000","/Game/Monsters/Blueprints/StatusEffect_MiniBoss_EndCap.StatusEffect_MiniBoss_EndCap_C","Champion_Unique","KnockbackResistance=1;StunResistance=1","","","None","mw_trench_50x50_a_encounter"
Automaton_Sentry_Electric_Rando_Boss,"NSLOCTEXT(""BossTable"", ""Automaton_Sentry_Electric_Rando_Boss_DisplayName"", ""01110100 01101100 00110011 "")","(RowName=""Automaton_Sentry_Electric"")","Shocking","False","False","1.500000","70.000000","2.000000","0.000000","111.000000","800.000000","True","2500.000000","0.250000","/Game/Monsters/Blueprints/StatusEffect_MiniBoss_EndCap.StatusEffect_MiniBoss_EndCap_C","Champion_Unique","KnockbackResistance=1;StunResistance=1","","","None","cliffs1KP_50x50_L_0a_encounter"
Automaton_Hulk_Physical_Mapworks_Boss,"NSLOCTEXT(""BossTable"", ""Automaton_Hulk_Physical_Mapworks_Boss_DisplayName"", ""Gundaddy"")","(RowName=""Automaton_Hulk_Physical_Boss"")","SiegeSolo","True","True","1.150000","70.000000","2.000000","0.000000","111.000000","800.000000","True","2500.000000","0.250000","/Game/Monsters/Blueprints/StatusEffect_MiniBoss_Outdoors_Arena.StatusEffect_MiniBoss_Outdoors_Arena_C","Boss","KnockbackResistance=1;StunResistance=1","","","None",""
Automaton_Rando_Boss2,"NSLOCTEXT(""BossTable"", ""C48C5C6440A26740FCB002828FAFB88A"", ""Ol\' Wally"")","(RowName=""Automaton_Sentry_Fire_Boss"")","Blazing","False","False","1.500000","70.000000","2.000000","0.000000","111.000000","800.000000","True","2500.000000","0.250000","/Game/Monsters/Blueprints/StatusEffect_MiniBoss_EndCap.StatusEffect_MiniBoss_EndCap_C","Champion_Unique","KnockbackResistance=1;StunResistance=1","","","None",""
Automaton_Rando_Boss2_Mapworks,"NSLOCTEXT(""BossTable"", ""C48C5C6440A26740FCB002828FAFB88A"", ""Ol\' Wally"")","(RowName=""Automaton_Sentry_Fire_Boss"")","Blazing","True","True","1.500000","70.000000","2.000000","0.000000","111.000000","800.000000","True","2500.000000","0.250000","/Game/Monsters/Blueprints/StatusEffect_MiniBoss_Outdoors_Arena.StatusEffect_MiniBoss_Outdoors_Arena_C","Champion_Unique","KnockbackResistance=1;StunResistance=1","","","None",""
Automaton_Rando_Boss3,"NSLOCTEXT(""BossTable"", ""4B1F1AE94E50DA31E283398D42173109"", ""J0N-E-5"")","(RowName=""Automaton_Sentry_Poison_Boss"")","Berserking","False","False","1.500000","70.000000","2.000000","0.000000","111.000000","800.000000","True","2500.000000","0.250000","/Game/Monsters/Blueprints/StatusEffect_MiniBoss_EndCap.StatusEffect_MiniBoss_EndCap_C","Champion_Unique","KnockbackResistance=1;StunResistance=1","","","None",""
Automaton_Rando_Boss3_Mapworks,"NSLOCTEXT(""BossTable"", ""4B1F1AE94E50DA31E283398D42173109"", ""J0N-E-5"")","(RowName=""Automaton_Sentry_Poison_Boss"")","Berserking","True","True","1.500000","70.000000","2.000000","0.000000","111.000000","800.000000","True","2500.000000","0.250000","/Game/Monsters/Blueprints/StatusEffect_MiniBoss_Outdoors_Arena.StatusEffect_MiniBoss_Outdoors_Arena_C","Champion_Unique","KnockbackResistance=1;StunResistance=1","","","None",""
Automaton_Rando_Boss4,"NSLOCTEXT(""BossTable"", ""D3F807944000729F1FEC35926A474FCD"", ""PSY-R1"")","(RowName=""Automaton_Sentry_Poison"")","PlagueBearer","False","False","1.500000","70.000000","2.000000","0.000000","111.000000","800.000000","True","2500.000000","0.250000","/Game/Monsters/Blueprints/StatusEffect_MiniBoss_EndCap.StatusEffect_MiniBoss_EndCap_C","Champion_Unique","KnockbackResistance=1;StunResistance=1","","","None","if_lakes_capend_poi_b via Vespid_Small_AutomatonSentryPoison2_Sphere_Unique"
Automaton_Sentry_Electric_Rando_Boss2,"NSLOCTEXT(""BossTable"", ""Automaton_Sentry_Electric_Rando_Boss2_DisplayName"", ""3CH-0H"")","(RowName=""Automaton_Sentry_Electric"")","Berserking","False","False","1.500000","70.000000","2.000000","0.000000","111.000000","800.000000","True","2500.000000","0.250000","/Game/Monsters/Blueprints/StatusEffect_MiniBoss_EndCap.StatusEffect_MiniBoss_EndCap_C","Champion_Unique","KnockbackResistance=1;StunResistance=1","","","None","mw1_corner_b_encounter"
Automaton_Sentry_Electric_Mapworks_Boss,"NSLOCTEXT(""BossTable"", ""Automaton_Sentry_Electric_Mapworks_Boss_DisplayName"", ""MadOS"")","(RowName=""Automaton_Sentry_Electric"")","Shocking","True","True","1.500000","70.000000","2.000000","0.000000","111.000000","800.000000","True","2500.000000","0.250000","/Game/Monsters/Blueprints/StatusEffect_MiniBoss_Outdoors_Arena.StatusEffect_MiniBoss_Outdoors_Arena_C","Boss","KnockbackResistance=1;StunResistance=1","","","None",""
Automaton_Sentry_Physical_Mapworks_Boss,"NSLOCTEXT(""BossTable"", ""Automaton_Sentry_Physical_Mapworks_Boss_DisplayName"", ""Watchdog Alpha"")","(RowName=""Automaton_Sentry_Physical"")","Berserking","True","True","1.500000","70.000000","2.000000","0.000000","111.000000","800.000000","True","2500.000000","0.250000","/Game/Monsters/Blueprints/StatusEffect_MiniBoss_Outdoors_Arena.StatusEffect_MiniBoss_Outdoors_Arena_C","Boss","KnockbackResistance=1;StunResistance=1","","","None",""
Automaton_Story_Boss,"NSLOCTEXT(""BossTable"", ""17AF97C04B9C39C71E26038D7694C573"", ""Secret Weapon"")","(RowName=""Automaton_Sentry_Fire_Boss"")","Shocking","True","True","1.500000","60.000000","2.000000","0.000000","95.000000","800.000000","True","2500.000000","0.250000","/Game/Monsters/Blueprints/StatusEffect_MiniBoss_SecretWeapon.StatusEffect_MiniBoss_SecretWeapon_C","Boss","KnockbackResistance=1;StunResistance=1","","","None","Quest_Goblin_DestroySecretWeapon"
Automaton_Story_Boss_Mapworks,"NSLOCTEXT(""BossTable"", ""Automaton_Story_Boss_Mapworks_DisplayName"", ""Secret Weapon"")","(RowName=""Automaton_Sentry_Fire_Boss"")","Shocking","True","True","1.500000","60.000000","2.000000","0.000000","95.000000","800.000000","True","2500.000000","0.250000","/Game/Monsters/Blueprints/StatusEffect_MiniBoss_SecretWeapon.StatusEffect_MiniBoss_SecretWeapon_C","Boss","KnockbackResistance=1;StunResistance=1","","","None","Quest_Goblin_DestroySecretWeapon"
Automaton_Story_Boss2,"NSLOCTEXT(""BossTable"", ""AA1317DB4DD46C771DA28DB95A870936"", ""Frackmaster 2000"")","(RowName=""Automaton_Sentry_Poison_Boss"")","PlagueBearer","False","False","1.500000","70.000000","2.000000","0.000000","111.000000","800.000000","True","2500.000000","0.250000","/Game/Monsters/Blueprints/StatusEffect_MiniBoss_EndCap.StatusEffect_MiniBoss_EndCap_C","Boss","KnockbackResistance=1;StunResistance=1","","","None",""
Automaton_Story_Boss2_Mapworks,"NSLOCTEXT(""BossTable"", ""AA1317DB4DD46C771DA28DB95A870936"", ""Frackmaster 2000"")","(RowName=""Automaton_Sentry_Poison_Boss"")","PlagueBearer","True","True","1.500000","70.000000","2.000000","0.000000","111.000000","800.000000","True","2500.000000","0.250000","/Game/Monsters/Blueprints/StatusEffect_MiniBoss_Outdoors_Arena.StatusEffect_MiniBoss_Outdoors_Arena_C","Boss","KnockbackResistance=1;StunResistance=1","","","None",""
Brall,"NSLOCTEXT(""BossTable"", ""174820A8421FA947B9FB01AE3629B2CB"", ""Brall"")","(RowName=""Brall"")","TextBrall","True","True","1.000000","140.000000","2.000000","0.000000","222.000000","2000.000000","False","2500.000000","0.500000","/Game/Monsters/Blueprints/Brall/StatusEffect_Boss_Brall.StatusEffect_Boss_Brall_C","Story_Boss_Drop","KnockbackResistance=1;StunResistance=1","Energy.Max=1;Energy.RegenMax=0;Energy=1","","None",""
Burrower_Story_Boss,"NSLOCTEXT(""BossTable"", ""C55C0FFB466056AD31A05F8AB4A52197"", ""Duggle Bug"")","(RowName=""Burrower"")","SiegeSolo","True","False","1.350000","70.000000","2.000000","0.000000","111.000000","800.000000","True","2500.000000","0.250000","/Game/Monsters/Blueprints/StatusEffect_MiniBoss_EndCap.StatusEffect_MiniBoss_EndCap_C","Boss","KnockbackResistance=1;StunResistance=1","","","None",""
Burrower_Story_Boss_Mapworks,"NSLOCTEXT(""BossTable"", ""C55C0FFB466056AD31A05F8AB4A52197"", ""Duggle Bug"")","(RowName=""Burrower"")","SiegeSolo","True","True","1.350000","70.000000","2.000000","0.000000","111.000000","800.000000","True","2500.000000","0.250000","/Game/Monsters/Blueprints/StatusEffect_MiniBoss_Outdoors_Arena.StatusEffect_MiniBoss_Outdoors_Arena_C","Boss","KnockbackResistance=1;StunResistance=1","","","None",""
CommunityMimicBoss,"NSLOCTEXT(""BossTable"", ""A3E445164E0328288D3E1F81E1F3ED77"", ""Schaefer\'s Safebox"")","(RowName=""Mimic_TreasureChest"")","NetherWell;Blazing;SiegeSolo;Berserking;PlagueBearer;Shocking","False","False","4.000000","700.000000","4.000000","1.000000","1109.000000","2500.000000","True","2500.000000","0.250000","/Game/Monsters/Blueprints/StatusEffect_MiniBoss_EndCap.StatusEffect_MiniBoss_EndCap_C","CommunityBoss","KnockbackResistance=1;StunResistance=1","","","None",""
CommunityYapperBoss,"NSLOCTEXT(""BossTable"", ""6A8FBF404B92B1A9CE07B8B3190060A3"", ""Uber Yapper"")","(RowName=""Goblin_Stabby_Yapper"")","NetherWell;Blazing;SiegeSolo;Berserking;PlagueBearer;Shocking","False","False","3.000000","500.000000","4.000000","1.000000","792.000000","2500.000000","True","2500.000000","0.250000","/Game/Monsters/Blueprints/StatusEffect_Champion_Yapper.StatusEffect_Champion_Yapper_C","CommunityBoss","KnockbackResistance=1;StunResistance=1","","","None",""
Goblin_Bomber_Rando_Boss,"NSLOCTEXT(""BossTable"", ""01B359E34E1874C1813BAF96AA3A698A"", ""Toll-Taker Tater"")","(RowName=""Goblin_Bomber"")","SiegeSolo","False","False","1.350000","70.000000","2.000000","0.000000","111.000000","800.000000","True","2500.000000","0.250000","/Game/Monsters/Blueprints/StatusEffect_MiniBoss_EndCap.StatusEffect_MiniBoss_EndCap_C","Champion_Unique","KnockbackResistance=1;StunResistance=1","","","None",""
Goblin_Bomber_Rando_Boss_Mapworks,"NSLOCTEXT(""BossTable"", ""01B359E34E1874C1813BAF96AA3A698A"", ""Toll-Taker Tater"")","(RowName=""Goblin_Bomber"")","SiegeSolo","True","True","1.350000","70.000000","2.000000","0.000000","111.000000","800.000000","True","2500.000000","0.250000","/Game/Monsters/Blueprints/StatusEffect_MiniBoss_Outdoors_Arena.StatusEffect_MiniBoss_Outdoors_Arena_C","Champion_Unique","KnockbackResistance=1;StunResistance=1","","","None",""
Goblin_Brute_Cave_Mapworks_Boss,"NSLOCTEXT(""BossTable"", ""Goblin_Brute_Cave_Mapworks_Boss_DisplayName"", ""Tallowface, Chieftain of Paleskins"")","(RowName=""Goblin_Brute2"")","Berserking","True","True","1.600000","80.000000","2.000000","0.000000","127.000000","800.000000","True","2500.000000","0.250000","/Game/Monsters/Blueprints/StatusEffect_MiniBoss_Thunderthighs.StatusEffect_MiniBoss_Thunderthighs_C","Boss","KnockbackResistance=1;StunResistance=1","Energy.Max=4;Energy.RegenMax=4;Energy.Regen=4","ConditionalStatus|StatusEffect.Boss.WideloadBlue","None",""
Goblin_Brute_Story_Boss,"NSLOCTEXT(""BossTable"", ""B4DB16CA4C3A1668F6C00AA2F3C2114A"", ""Wideload"")","(RowName=""Goblin_Brute_Boss"")","TextWideload","True","True","1.600000","80.000000","2.000000","0.000000","127.000000","800.000000","True","2500.000000","0.250000","/Game/Monsters/Blueprints/StatusEffect_MonsterBoss_Wideload.StatusEffect_MonsterBoss_Wideload_C","Story_Boss_Drop","KnockbackResistance=1;StunResistance=1","Energy.Max=4;Energy.RegenMax=4;Energy.Regen=4","","None",""
Goblin_Brute_Story_Boss3,"NSLOCTEXT(""BossTable"", ""1B41C84A4D44B349FCC52EA74F07B8DB"", ""Thunderthighs, Head Librarian"")","(RowName=""Goblin_Brute_Boss2"")","Shocking","True","True","1.600000","80.000000","2.000000","0.000000","127.000000","800.000000","True","2500.000000","0.250000","/Game/Monsters/Blueprints/StatusEffect_MiniBoss_Thunderthighs.StatusEffect_MiniBoss_Thunderthighs_C","Boss","KnockbackResistance=1;StunResistance=1","Energy.Max=4;Energy.RegenMax=4;Energy.Regen=4","ConditionalStatus|StatusEffect.Boss.WideloadBlue","None",""
Goblin_Brute_Story_Boss3_Mapworks,"NSLOCTEXT(""BossTable"", ""Goblin_Brute_Story_Boss3_Mapworks_DisplayName"", ""Thunderthighs, Head Librarian"")","(RowName=""Goblin_Brute_Boss2"")","Shocking","True","True","1.600000","80.000000","2.000000","0.000000","127.000000","800.000000","True","2500.000000","0.250000","/Game/Monsters/Blueprints/StatusEffect_MiniBoss_Thunderthighs.StatusEffect_MiniBoss_Thunderthighs_C","Boss","KnockbackResistance=1;StunResistance=1","Energy.Max=4;Energy.RegenMax=4;Energy.Regen=4","ConditionalStatus|StatusEffect.Boss.WideloadBlue","None",""
Goblin_Chanter_Blue_Mapworks_Boss,"NSLOCTEXT(""BossTable"", ""Goblin_Chanter_Blue_Mapworks_Boss_DisplayName"", ""Doctor Nasty"")","(RowName=""Goblin_Chanter_Blue"")","Illusionist","True","True","1.350000","70.000000","2.000000","0.000000","111.000000","800.000000","True","2500.000000","0.250000","/Game/Monsters/Blueprints/StatusEffect_MiniBoss_Outdoors_Arena.StatusEffect_MiniBoss_Outdoors_Arena_C","Boss","KnockbackResistance=1;StunResistance=1","","","None",""
Goblin_Chanter_Red_Mapworks_Boss,"NSLOCTEXT(""BossTable"", ""Goblin_Chanter_Red_Mapworks_Boss_DisplayName"", ""Mayhem Mik"")","(RowName=""Goblin_Chanter_Red"")","NetherWell","True","True","1.350000","70.000000","2.000000","0.000000","111.000000","800.000000","True","2500.000000","0.250000","/Game/Monsters/Blueprints/StatusEffect_MiniBoss_Outdoors_Arena.StatusEffect_MiniBoss_Outdoors_Arena_C","Boss","KnockbackResistance=1;StunResistance=1","","","None",""
Goblin_Engineer_Cave_Mapworks_Boss,"NSLOCTEXT(""BossTable"", ""Goblin_Engineer_Cave_Mapworks_Boss_DisplayName"", ""Poindexter"")","(RowName=""Goblin_Engineer2"")","Blazing","True","True","1.350000","70.000000","2.000000","0.000000","111.000000","800.000000","True","2500.000000","0.250000","/Game/Monsters/Blueprints/StatusEffect_MiniBoss_Outdoors_Arena.StatusEffect_MiniBoss_Outdoors_Arena_C","Champion_Unique","KnockbackResistance=1;StunResistance=1","","","None",""
Goblin_Engineer_Red_Mapworks_Boss,"NSLOCTEXT(""BossTable"", ""Goblin_Engineer_Red_Mapworks_Boss_DisplayName"", ""Rotten Red"")","(RowName=""Goblin_Engineer_Red"")","SiegeSolo","True","True","1.350000","70.000000","2.000000","0.000000","111.000000","800.000000","True","2500.000000","0.250000","/Game/Monsters/Blueprints/StatusEffect_MiniBoss_Outdoors_Arena.StatusEffect_MiniBoss_Outdoors_Arena_C","Boss","KnockbackResistance=1;StunResistance=1","","","None",""
Goblin_Gunner_Blue_Mapworks_Boss,"NSLOCTEXT(""BossTable"", ""Goblin_Gunner_Blue_Mapworks_Boss_DisplayName"", ""Lucky Pablo"")","(RowName=""Goblin_Gunner_Blue"")","SiegeSolo","True","True","1.750000","70.000000","2.000000","0.000000","111.000000","800.000000","True","2500.000000","0.250000","/Game/Monsters/Blueprints/StatusEffect_MiniBoss_Outdoors_Arena.StatusEffect_MiniBoss_Outdoors_Arena_C","Boss","KnockbackResistance=1;StunResistance=1","","","None",""
Goblin_Lumberjack_Red_Mapworks_Boss,"NSLOCTEXT(""BossTable"", ""Goblin_Lumberjack_Red_Mapworks_Boss_DisplayName"", ""Jack"")","(RowName=""Goblin_Lumberjack_Red"")","Blazing","True","True","1.750000","70.000000","2.000000","0.000000","111.000000","800.000000","True","2500.000000","0.250000","/Game/Monsters/Blueprints/StatusEffect_MiniBoss_Outdoors_Arena.StatusEffect_MiniBoss_Outdoors_Arena_C","Champion_Unique","KnockbackResistance=1;StunResistance=1","","","None",""
Goblin_Miner_Pale_Mapworks_Boss,"NSLOCTEXT(""BossTable"", ""Goblin_Miner_Pale_Mapworks_Boss_DisplayName"", ""Captain Tyler"")","(RowName=""Goblin_Miner2"")","Berserking","True","True","1.750000","70.000000","2.000000","0.000000","111.000000","800.000000","True","2500.000000","0.250000","/Game/Monsters/Blueprints/StatusEffect_MiniBoss_Outdoors_Arena.StatusEffect_MiniBoss_Outdoors_Arena_C","Boss","KnockbackResistance=1;StunResistance=1","","","None",""
Goblin_Miner_Red_Mapworks_Boss,"NSLOCTEXT(""BossTable"", ""Goblin_Miner_Red_Mapworks_Boss_DisplayName"", ""Nuke"")","(RowName=""Goblin_Miner_Red"")","Blazing","True","True","1.750000","70.000000","2.000000","0.000000","111.000000","800.000000","True","2500.000000","0.250000","/Game/Monsters/Blueprints/StatusEffect_MiniBoss_Outdoors_Arena.StatusEffect_MiniBoss_Outdoors_Arena_C","Boss","KnockbackResistance=1;StunResistance=1","","","None",""
GoblinChanter_Rando_Boss4,"NSLOCTEXT(""BossTable"", ""B0B85E47480901F5B5300FA0E26251C1"", ""Uncle Burny"")","(RowName=""Goblin_Chanter_Tough"")","Blazing","False","False","1.350000","70.000000","2.000000","0.000000","111.000000","800.000000","True","2500.000000","0.250000","/Game/Monsters/Blueprints/StatusEffect_MiniBoss_EndCap.StatusEffect_MiniBoss_EndCap_C","Champion_Unique","KnockbackResistance=1;StunResistance=1","","","None",""
GoblinChanter_Rando_Boss4_Mapworks,"NSLOCTEXT(""BossTable"", ""B0B85E47480901F5B5300FA0E26251C1"", ""Uncle Burny"")","(RowName=""Goblin_Chanter_Tough"")","Blazing","True","True","1.350000","70.000000","2.000000","0.000000","111.000000","800.000000","True","2500.000000","0.250000","/Game/Monsters/Blueprints/StatusEffect_MiniBoss_Outdoors_Arena.StatusEffect_MiniBoss_Outdoors_Arena_C","Champion_Unique","KnockbackResistance=1;StunResistance=1","","","None",""
GoblinChanter_Story_Boss,"NSLOCTEXT(""BossTable"", ""29EF6AE04E415E5EADE33A8FF97A9F6B"", ""Stinkshanks, Master of Potions"")","(RowName=""Goblin_Chanter2"")","PlagueBearer","False","True","1.350000","70.000000","2.000000","0.000000","111.000000","3000.000000","True","5000.000000","0.250000","/Game/Monsters/Blueprints/StatusEffect_MiniBoss_Retchbreath.StatusEffect_MiniBoss_Retchbreath_C","Boss","KnockbackResistance=1;StunResistance=1","","","None",""
GoblinChanter_Story_Boss_Mapworks,"NSLOCTEXT(""BossTable"", ""29EF6AE04E415E5EADE33A8FF97A9F6B"", ""Stinkshanks, Master of Potions"")","(RowName=""Goblin_Chanter2"")","PlagueBearer","True","True","1.350000","70.000000","2.000000","0.000000","111.000000","3000.000000","True","5000.000000","0.250000","/Game/Monsters/Blueprints/StatusEffect_MiniBoss_Retchbreath.StatusEffect_MiniBoss_Retchbreath_C","Boss","KnockbackResistance=1;StunResistance=1","","","None",""
GoblinEngineer_GoblinForest1,"NSLOCTEXT(""BossTable"", ""BA790E8E4D856D7CF09A318903392F55"", ""Chief Lugnut"")","(RowName=""Goblin_Engineer"")","Illusionist","False","False","1.350000","70.000000","2.000000","0.000000","111.000000","800.000000","True","2500.000000","0.250000","/Game/Monsters/Blueprints/StatusEffect_MiniBoss_EndCap.StatusEffect_MiniBoss_EndCap_C","Champion_Unique","KnockbackResistance=1;StunResistance=1","","","None",""
GoblinEngineer_GoblinForest1_Mapworks,"NSLOCTEXT(""BossTable"", ""BA790E8E4D856D7CF09A318903392F55"", ""Chief Lugnut"")","(RowName=""Goblin_Engineer"")","Illusionist","True","True","1.350000","70.000000","2.000000","0.000000","111.000000","800.000000","True","2500.000000","0.250000","/Game/Monsters/Blueprints/StatusEffect_MiniBoss_Outdoors_Arena.StatusEffect_MiniBoss_Outdoors_Arena_C","Champion_Unique","KnockbackResistance=1;StunResistance=1","","","None",""
GoblinGunner_Rando_Boss4,"NSLOCTEXT(""BossTable"", ""330E11C442DA98E1BF264DA567FB4AFB"", ""Peanut"")","(RowName=""Goblin_Gunner"")","Berserking","False","False","1.350000","70.000000","2.000000","0.000000","111.000000","800.000000","True","2500.000000","0.250000","/Game/Monsters/Blueprints/StatusEffect_MiniBoss_EndCap.StatusEffect_MiniBoss_EndCap_C","Champion_Unique","KnockbackResistance=1;StunResistance=1","","","None",""
GoblinGunner_Rando_Boss4_Mapworks,"NSLOCTEXT(""BossTable"", ""330E11C442DA98E1BF264DA567FB4AFB"", ""Peanut"")","(RowName=""Goblin_Gunner"")","Berserking","True","True","1.350000","70.000000","2.000000","0.000000","111.000000","800.000000","True","2500.000000","0.250000","/Game/Monsters/Blueprints/StatusEffect_MiniBoss_Outdoors_Arena.StatusEffect_MiniBoss_Outdoors_Arena_C","Champion_Unique","KnockbackResistance=1;StunResistance=1","","","None",""
GoblinInfested_Rando_Boss,"NSLOCTEXT(""BossTable"", ""0F56437A4D7F5951462E64BFC71FDEF8"", ""Gobnab"")","(RowName=""Goblin_Infested"")","PlagueBearer","False","False","1.350000","70.000000","2.000000","0.000000","111.000000","800.000000","True","2500.000000","0.250000","/Game/Monsters/Blueprints/StatusEffect_MiniBoss_EndCap.StatusEffect_MiniBoss_EndCap_C","Champion_Unique","KnockbackResistance=1;StunResistance=1","","","None",""
GoblinInfested_Rando_Boss2,"NSLOCTEXT(""BossTable"", ""D42F34FF4C5FC2AAEE8A12B130DBB62D"", ""Grub-Grub"")","(RowName=""Goblin_Infested"")","Blazing","False","False","1.350000","70.000000","2.000000","0.000000","111.000000","800.000000","True","2500.000000","0.250000","/Game/Monsters/Blueprints/StatusEffect_MiniBoss_EndCap.StatusEffect_MiniBoss_EndCap_C","Champion_Unique","KnockbackResistance=1;StunResistance=1","","","None",""
GoblinMiner_Rando_Boss,"NSLOCTEXT(""BossTable"", ""1B0DEDE7432EE43FEC26AAA6822EC214"", ""Overseer Hatelash"")","(RowName=""Goblin_Miner"")","SiegeSolo","False","False","1.750000","70.000000","2.000000","0.000000","111.000000","800.000000","True","2500.000000","0.250000","/Game/Monsters/Blueprints/StatusEffect_MiniBoss_EndCap.StatusEffect_MiniBoss_EndCap_C","Champion_Unique","KnockbackResistance=1;StunResistance=1","","","None",""
GoblinMiner_Rando_Boss_Mapworks,"NSLOCTEXT(""BossTable"", ""1B0DEDE7432EE43FEC26AAA6822EC214"", ""Overseer Hatelash"")","(RowName=""Goblin_Miner"")","SiegeSolo","True","True","1.750000","70.000000","2.000000","0.000000","111.000000","800.000000","True","2500.000000","0.250000","/Game/Monsters/Blueprints/StatusEffect_MiniBoss_Outdoors_Arena.StatusEffect_MiniBoss_Outdoors_Arena_C","Champion_Unique","KnockbackResistance=1;StunResistance=1","","","None",""
GoblinRider_Story_Boss,"NSLOCTEXT(""BossTable"", ""15FBA2DB4C8771741893A183F5249DAF"", ""Dogjockey, Yapper\'s Rival"")","(RowName=""Goblin_Rider_Red"")","Blazing","True","True","1.250000","70.000000","2.000000","0.000000","111.000000","800.000000","True","2500.000000","0.250000","/Game/Monsters/Blueprints/StatusEffect_MiniBoss_EndCap.StatusEffect_MiniBoss_EndCap_C","Boss","KnockbackResistance=1;StunResistance=1","","","None",""
GoblinStabby_Rando_Boss3,"NSLOCTEXT(""BossTable"", ""481B044D4FE8D14ECB28EFB07B6B84F8"", ""Heretic Guzzlebum"")","(RowName=""Goblin_Stabby"")","NetherWell","False","False","1.350000","70.000000","2.000000","0.000000","111.000000","800.000000","True","2500.000000","0.250000","/Game/Monsters/Blueprints/StatusEffect_MiniBoss_EndCap.StatusEffect_MiniBoss_EndCap_C","Champion_Unique","KnockbackResistance=1;StunResistance=1","","","None",""
GoblinStabby_Rando_Boss3_Mapworks,"NSLOCTEXT(""BossTable"", ""481B044D4FE8D14ECB28EFB07B6B84F8"", ""Heretic Guzzlebum"")","(RowName=""Goblin_Stabby"")","NetherWell","True","True","1.350000","70.000000","2.000000","0.000000","111.000000","800.000000","True","2500.000000","0.250000","/Game/Monsters/Blueprints/StatusEffect_MiniBoss_Outdoors_Arena.StatusEffect_MiniBoss_Outdoors_Arena_C","Champion_Unique","KnockbackResistance=1;StunResistance=1","","","None",""
GoblinStabby_Story_Boss,"NSLOCTEXT(""BossTable"", ""6488C1E742775F174EB4B88C7ED2C5BA"", ""Yapper"")","(RowName=""Goblin_Stabby_Yapper"")","TextYapper","False","True","0.000000","15.000000","1.000000","0.000000","24.000000","800.000000","True","2500.000000","0.250000","/Game/Monsters/Blueprints/StatusEffect_Champion_Yapper.StatusEffect_Champion_Yapper_C","Champion","KnockbackResistance=1;StunResistance=1;DestroyDeadDisabled=1","","","None",""
MimicChest_Rando_Boss,"NSLOCTEXT(""BossTable"", ""CD2D5EBF40F1155F9901CF8EB816FD9D"", ""Hang-Ree"")","(RowName=""Mimic_TreasureChest"")","NetherWell","False","False","1.600000","70.000000","2.000000","0.000000","111.000000","800.000000","True","2500.000000","0.250000","/Game/Monsters/Blueprints/StatusEffect_MiniBoss_EndCap.StatusEffect_MiniBoss_EndCap_C","Champion_Unique","KnockbackResistance=1;StunResistance=1","","","None",""
GoblinRider_Story_Boss_Mapworks,"NSLOCTEXT(""BossTable"", ""GoblinRider_Story_Boss_Mapworks_DisplayName"", ""Dogjockey, Yapper\'s Rival"")","(RowName=""Goblin_Rider_Red"")","Blazing","True","True","1.250000","70.000000","2.000000","0.000000","111.000000","800.000000","True","2500.000000","0.250000","/Game/Monsters/Blueprints/StatusEffect_MiniBoss_Outdoors_Arena.StatusEffect_MiniBoss_Outdoors_Arena_C","Boss","KnockbackResistance=1;StunResistance=1","","","None",""
Mossrat_Story_Boss,"NSLOCTEXT(""BossTable"", ""E1EF665A420E8A4A5026B6BF9386CA09"", ""Carrion Killer"")","(RowName=""Mossrat_Tough"")","NetherWell","True","False","1.500000","70.000000","2.000000","0.000000","111.000000","800.000000","True","2500.000000","0.250000","/Game/Monsters/Blueprints/StatusEffect_MiniBoss_EndCap.StatusEffect_MiniBoss_EndCap_C","Boss","KnockbackResistance=1;StunResistance=1","","","None",""
Mossrat_Mountain_Rando_Boss,"NSLOCTEXT(""BossTable"", ""Mossrat_Mountain_Rando_Boss_DisplayName"", ""Rodento Rummager"")","(RowName=""Mossrat_Mountain"")","NetherWell","False","False","1.500000","70.000000","2.000000","0.000000","111.000000","800.000000","True","2500.000000","0.250000","/Game/Monsters/Blueprints/StatusEffect_MiniBoss_EndCap.StatusEffect_MiniBoss_EndCap_C","Champion_Unique","KnockbackResistance=1;StunResistance=1","","","None","gh1_wall_50x50_a_encounter"
NetherimBrute_Rando_Boss2,"NSLOCTEXT(""BossTable"", ""A698612E4725813A7193F2931D837D83"", ""B\'hemau"")","(RowName=""Netherim_BruteChampion"")","Berserking","False","False","1.350000","70.000000","2.000000","0.000000","111.000000","800.000000","True","2500.000000","0.250000","/Game/Monsters/Blueprints/StatusEffect_Boss_Netherim.StatusEffect_Boss_Netherim_C","Champion_Unique","KnockbackResistance=1;StunResistance=1","","","None",""
NetherimBrute_Rando_Boss2_Mapworks,"NSLOCTEXT(""BossTable"", ""A698612E4725813A7193F2931D837D83"", ""B\'hemau"")","(RowName=""Netherim_BruteChampion"")","Berserking","True","True","1.350000","70.000000","2.000000","0.000000","111.000000","800.000000","True","2500.000000","0.250000","/Game/Monsters/Blueprints/StatusEffect_Boss_Netherim.StatusEffect_Boss_Netherim_C","Champion_Unique","KnockbackResistance=1;StunResistance=1","","","None",""
NetherimBrute_Story_Boss,"NSLOCTEXT(""BossTable"", ""DFC12D434D56C2DD8FE2A7A93898C2D4"", ""Zig, the Defiler"")","(RowName=""Netherim_Brute"")","NetherWell","True","False","1.350000","70.000000","2.000000","0.000000","111.000000","800.000000","True","2500.000000","0.250000","/Game/Monsters/Blueprints/StatusEffect_Boss_Netherim.StatusEffect_Boss_Netherim_C","Boss","KnockbackResistance=1;StunResistance=1","","","None",""
NetherimBrute_Story_Boss_Mapworks,"NSLOCTEXT(""BossTable"", ""DFC12D434D56C2DD8FE2A7A93898C2D4"", ""Zig, the Defiler"")","(RowName=""Netherim_Brute"")","NetherWell","True","True","1.350000","70.000000","2.000000","0.000000","111.000000","800.000000","True","2500.000000","0.250000","/Game/Monsters/Blueprints/StatusEffect_Boss_Netherim.StatusEffect_Boss_Netherim_C","Boss","KnockbackResistance=1;StunResistance=1","","","None",""
NetherimBrute_Story_Boss2,"NSLOCTEXT(""BossTable"", ""384D6152496C3089DDEB1DABB0B79CAC"", ""Hexx, the Angered"")","(RowName=""Netherim_BruteChampion"")","Berserking","True","False","1.350000","70.000000","2.000000","0.000000","111.000000","800.000000","True","2500.000000","0.250000","/Game/Monsters/Blueprints/StatusEffect_Boss_Netherim.StatusEffect_Boss_Netherim_C","Boss","KnockbackResistance=1;StunResistance=1","","","None",""
NetherimSpellbreaker_Rando_Boss,"NSLOCTEXT(""BossTable"", ""5F3D0F6542CCAD034394EBA4B7D6B24A"", ""Xardox, Accursed"")","(RowName=""Netherim_SpellbreakerChampion"")","Illusionist","False","False","1.500000","70.000000","2.000000","0.000000","111.000000","1000.000000","True","2500.000000","0.250000","/Game/Monsters/Blueprints/StatusEffect_Boss_Netherim.StatusEffect_Boss_Netherim_C","Champion_Unique","KnockbackResistance=1;StunResistance=1","","","None",""
NetherimSpellbreaker_Rando_Boss_Mapworks,"NSLOCTEXT(""BossTable"", ""5F3D0F6542CCAD034394EBA4B7D6B24A"", ""Xardox, Accursed"")","(RowName=""Netherim_SpellbreakerChampion"")","Illusionist","True","True","1.500000","70.000000","2.000000","0.000000","111.000000","1000.000000","True","2500.000000","0.250000","/Game/Monsters/Blueprints/StatusEffect_Boss_Netherim.StatusEffect_Boss_Netherim_C","Champion_Unique","KnockbackResistance=1;StunResistance=1","","","None",""
NetherimSpellslinger_Story_Boss,"NSLOCTEXT(""BossTable"", ""5D8B34D347F0838D63BCCEA2DF5A8B60"", ""Nyx"")","(RowName=""Netherim_Spellslinger"")","Blazing","True","False","1.350000","70.000000","2.000000","0.000000","111.000000","800.000000","True","2500.000000","0.250000","/Game/Monsters/Blueprints/StatusEffect_Boss_Netherim.StatusEffect_Boss_Netherim_C","Boss","KnockbackResistance=1;StunResistance=1","","","None",""
NetherimWarrior_Rando_Boss,"NSLOCTEXT(""BossTable"", ""062F63954898D9439C75BB939EDEE54D"", ""Zyxox"")","(RowName=""Netherim_WarriorChampion"")","SiegeSolo","False","False","1.500000","70.000000","2.000000","0.000000","111.000000","800.000000","True","2500.000000","0.250000","/Game/Monsters/Blueprints/StatusEffect_Boss_Netherim.StatusEffect_Boss_Netherim_C","Champion_Unique","KnockbackResistance=1;StunResistance=1","","","None",""
NetherimWarrior_Rando_Boss_Mapworks,"NSLOCTEXT(""BossTable"", ""062F63954898D9439C75BB939EDEE54D"", ""Zyxox"")","(RowName=""Netherim_WarriorChampion"")","SiegeSolo","True","True","1.500000","70.000000","2.000000","0.000000","111.000000","800.000000","True","2500.000000","0.250000","/Game/Monsters/Blueprints/StatusEffect_Boss_Netherim.StatusEffect_Boss_Netherim_C","Champion_Unique","KnockbackResistance=1;StunResistance=1","","","None",""
NetherimWarrior_Rando_Boss2,"NSLOCTEXT(""BossTable"", ""NetherimWarrior_Rando_Boss2_DisplayName"", ""Xymox"")","(RowName=""Netherim_WarriorChampion"")","SiegeSolo","False","False","1.500000","70.000000","2.000000","0.000000","111.000000","800.000000","True","2500.000000","0.250000","/Game/Monsters/Blueprints/StatusEffect_Boss_Netherim.StatusEffect_Boss_Netherim_C","Champion_Unique","KnockbackResistance=1;StunResistance=1","","","None","cliffs1KP_50x50_End_1a_encounter"
NetherimWarrior_Story_Boss,"NSLOCTEXT(""BossTable"", ""F7BA5259447042C254A335A3338F9B00"", ""Ohgr Bezzimahl"")","(RowName=""Netherim_WarriorChampion"")","Illusionist","False","False","1.500000","70.000000","2.000000","0.000000","111.000000","800.000000","True","2500.000000","0.250000","/Game/Monsters/Blueprints/StatusEffect_Boss_Netherim.StatusEffect_Boss_Netherim_C","Boss","KnockbackResistance=1;StunResistance=1","","","None","Quest_Goblin_KillNetherimBoss"
NetherimWarrior_Story_Boss_Mapworks,"NSLOCTEXT(""BossTable"", ""F7BA5259447042C254A335A3338F9B00"", ""Ohgr Bezzimahl"")","(RowName=""Netherim_WarriorChampion"")","Illusionist","True","True","1.500000","70.000000","2.000000","0.000000","111.000000","800.000000","True","2500.000000","0.250000","/Game/Monsters/Blueprints/StatusEffect_Boss_Netherim.StatusEffect_Boss_Netherim_C","Boss","KnockbackResistance=1;StunResistance=1","","","None","Quest_Goblin_KillNetherimBoss"
Netherling_Rando_Boss2,"NSLOCTEXT(""BossTable"", ""9303773B4E0B9DA096417FA888D5A36B"", ""Grixl the Ravenous"")","(RowName=""Netherling"")","Berserking","False","False","1.700000","70.000000","1.600000","0.000000","111.000000","800.000000","True","2500.000000","0.250000","/Game/Monsters/Blueprints/StatusEffect_Boss_Netherim.StatusEffect_Boss_Netherim_C","Champion_Unique","KnockbackResistance=1;StunResistance=1","","","None",""
Netherling_Rando_Boss2_Mapworks,"NSLOCTEXT(""BossTable"", ""9303773B4E0B9DA096417FA888D5A36B"", ""Grixl the Ravenous"")","(RowName=""Netherling"")","Berserking","True","True","1.700000","70.000000","1.600000","0.000000","111.000000","800.000000","True","2500.000000","0.250000","/Game/Monsters/Blueprints/StatusEffect_Boss_Netherim.StatusEffect_Boss_Netherim_C","Champion_Unique","KnockbackResistance=1;StunResistance=1","","","None",""
Ordrak,"NSLOCTEXT(""BossTable"", ""0CF1B6CD431145898EF85093B6857A2A"", ""Ordrak"")","(RowName=""Ordrak"")","TextOrdrak","True","True","1.000000","200.000000","2.000000","0.000000","317.000000","2000.000000","False","2500.000000","0.250000","/Game/Monsters/Blueprints/Ordrak/StatusEffect_Boss_Ordrak.StatusEffect_Boss_Ordrak_C","Story_Boss_Drop","KnockbackResistance=1;StunResistance=1","","","None",""
Ordrak_PreVFX,"NSLOCTEXT(""BossTable"", ""91A84BBE4773398FAB259E89BE0831B7"", ""Ordrak Pre-VFX DO NOT USE"")","(RowName=""Ordrak_PreVFX"")","","True","True","1.000000","225.000000","2.000000","0.000000","356.000000","2500.000000","False","2500.000000","0.250000","/Game/Monsters/Blueprints/Ordrak/StatusEffect_Boss_Ordrak.StatusEffect_Boss_Ordrak_C","None","KnockbackResistance=1;StunResistance=1","","","None",""
Sadista,"NSLOCTEXT(""BossTable"", ""A6D66B3944993EA959E304A48BC11B86"", ""Sadista"")","(RowName=""Sadista"")","TextSadista","True","True","1.000000","140.000000","2.000000","0.000000","222.000000","2000.000000","False","2500.000000","0.500000","/Game/Monsters/Blueprints/Sadista/StatusEffect_Boss_Sadista.StatusEffect_Boss_Sadista_C","Story_Boss_Drop","KnockbackResistance=1;StunResistance=1","","","None",""
ShadowBeast_Story_Boss,"NSLOCTEXT(""BossTable"", ""AC15D0F941B6001A0440F2B5B8151841"", ""Grundlepox, Netherim Herald"")","(RowName=""Shadowbeast"")","TextGrundlepox","True","False","1.000000","70.000000","1.750000","0.000000","111.000000","800.000000","True","2500.000000","0.250000","/Game/Monsters/Blueprints/StatusEffect_Boss_Netherim_NoDecal.StatusEffect_Boss_Netherim_NoDecal_C","Boss","KnockbackResistance=1;StunResistance=1","","","None",""
ShadowBeast_Story_Boss_Mapworks,"NSLOCTEXT(""BossTable"", ""AC15D0F941B6001A0440F2B5B8151841"", ""Grundlepox, Netherim Herald"")","(RowName=""Shadowbeast"")","TextGrundlepox","True","True","1.000000","70.000000","2.000000","0.000000","111.000000","800.000000","True","2500.000000","0.250000","/Game/Monsters/Blueprints/StatusEffect_Boss_Netherim_NoDecal.StatusEffect_Boss_Netherim_NoDecal_C","Boss","KnockbackResistance=1;StunResistance=1","","","None",""
ShadowBeast_Story_Boss2,"NSLOCTEXT(""BossTable"", ""4444C6634E1188296749F796EC660B16"", ""Algramath, Warden of the Falls"")","(RowName=""Shadowbeast"")","NetherWell","False","False","1.000000","70.000000","2.000000","0.000000","111.000000","800.000000","True","2500.000000","0.250000","/Game/Monsters/Blueprints/StatusEffect_Boss_Netherim_NoDecal.StatusEffect_Boss_Netherim_NoDecal_C","Boss","KnockbackResistance=1;StunResistance=1","","","None",""
ShadowBeast_Story_Boss2_Mapworks,"NSLOCTEXT(""BossTable"", ""4444C6634E1188296749F796EC660B16"", ""Algramath, Warden of the Falls"")","(RowName=""Shadowbeast"")","NetherWell","True","True","1.000000","70.000000","2.000000","0.000000","111.000000","800.000000","True","2500.000000","0.250000","/Game/Monsters/Blueprints/StatusEffect_Boss_Netherim_NoDecal.StatusEffect_Boss_Netherim_NoDecal_C","Boss","KnockbackResistance=1;StunResistance=1","","","None",""
Skeleton_MeleeFire_Rando_Boss,"NSLOCTEXT(""BossTable"", ""69946AD24A47186E03A0D8AFBC30F484"", ""Skorch"")","(RowName=""Skeleton_Melee_Fire"")","Blazing","False","False","1.500000","70.000000","2.000000","0.000000","111.000000","800.000000","True","2500.000000","0.250000","/Game/Monsters/Blueprints/StatusEffect_MiniBoss_EndCap.StatusEffect_MiniBoss_EndCap_C","Champion_Unique","KnockbackResistance=1;StunResistance=1","","","None",""
Skeleton_MeleeFire_Rando_Boss_Mapworks,"NSLOCTEXT(""BossTable"", ""69946AD24A47186E03A0D8AFBC30F484"", ""Skorch"")","(RowName=""Skeleton_Melee_Fire"")","Blazing","True","True","1.500000","70.000000","2.000000","0.000000","111.000000","800.000000","True","2500.000000","0.250000","/Game/Monsters/Blueprints/StatusEffect_MiniBoss_Outdoors_Arena.StatusEffect_MiniBoss_Outdoors_Arena_C","Champion_Unique","KnockbackResistance=1;StunResistance=1","","","None",""
SkeletonMelee_Rando_Boss2,"NSLOCTEXT(""BossTable"", ""2D9A41D04253C65EEB37E39A91986C75"", ""Skullotar, Evil Lord of Ressurection"")","(RowName=""Skeleton_Melee_Unique"")","NetherWell","False","False","1.500000","70.000000","2.000000","0.000000","111.000000","800.000000","True","2500.000000","0.250000","/Game/Monsters/Blueprints/StatusEffect_MiniBoss_EndCap.StatusEffect_MiniBoss_EndCap_C","Champion_Unique","KnockbackResistance=1;StunResistance=1","","","None",""
SkeletonMelee_Rando_Boss2_Mapworks,"NSLOCTEXT(""BossTable"", ""2D9A41D04253C65EEB37E39A91986C75"", ""Skullotar, Evil Lord of Ressurection"")","(RowName=""Skeleton_Melee_Unique"")","NetherWell","True","True","1.500000","70.000000","2.000000","0.000000","111.000000","800.000000","True","2500.000000","0.250000","/Game/Monsters/Blueprints/StatusEffect_MiniBoss_Outdoors_Arena.StatusEffect_MiniBoss_Outdoors_Arena_C","Champion_Unique","KnockbackResistance=1;StunResistance=1","","","None",""
SkeletonRangedFire_Story_Boss,"NSLOCTEXT(""BossTable"", ""74DC3CA04F7C748DD160FC82F71F23E2"", ""Master Marrow, Scorcher of Bones"")","(RowName=""Skeleton_Ranged_Fire_BruceKillis"")","Blazing_Newbie","True","False","1.500000","35.000000","2.000000","0.000000","55.000000","800.000000","True","2500.000000","0.250000","/Game/Monsters/Blueprints/StatusEffect_MiniBoss_EndCap.StatusEffect_MiniBoss_EndCap_C","Boss","KnockbackResistance=1;StunResistance=1","","","None",""
SkeletonRangedFire_Story_Boss_Mapworks,"NSLOCTEXT(""BossTable"", ""17E5B0D142EBA1E4166F55BEA3BA6450"", ""Master Marrow, Scorcher of Bones"")","(RowName=""Skeleton_Ranged_Fire_BruceKillis"")","Blazing","True","True","1.500000","35.000000","2.000000","0.000000","55.000000","800.000000","True","2500.000000","0.250000","/Game/Monsters/Blueprints/StatusEffect_MiniBoss_Outdoors_Arena.StatusEffect_MiniBoss_Outdoors_Arena_C","Boss","KnockbackResistance=1;StunResistance=1","","","None",""
SkeletonRangedPoison_Rando_Boss,"NSLOCTEXT(""BossTable"", ""6662BCD04327FAC01074909DEE34F110"", ""Sniper Lestrange"")","(RowName=""Skeleton_Ranged_Poison"")","PlagueBearer","False","False","1.500000","70.000000","2.000000","0.000000","111.000000","800.000000","True","2500.000000","0.250000","/Game/Monsters/Blueprints/StatusEffect_MiniBoss_EndCap.StatusEffect_MiniBoss_EndCap_C","Champion_Unique","KnockbackResistance=1;StunResistance=1","","","None",""
SkeletonRangedPoison_Rando_Boss_Mapworks,"NSLOCTEXT(""BossTable"", ""6662BCD04327FAC01074909DEE34F110"", ""Sniper Lestrange"")","(RowName=""Skeleton_Ranged_Poison"")","PlagueBearer","True","True","1.500000","70.000000","2.000000","0.000000","111.000000","800.000000","True","2500.000000","0.250000","/Game/Monsters/Blueprints/StatusEffect_MiniBoss_Outdoors_Arena.StatusEffect_MiniBoss_Outdoors_Arena_C","Champion_Unique","KnockbackResistance=1;StunResistance=1","","","None",""
SkeletonRangedPoison_Rando_Boss2,"NSLOCTEXT(""BossTable"", ""17FEBD6B43365A2EB0300C83A373CCBB"", ""Wyrm-Rot"")","(RowName=""Skeleton_Ranged_Poison"")","PlagueBearer","False","False","1.500000","70.000000","2.000000","0.000000","111.000000","800.000000","True","2500.000000","0.250000","/Game/Monsters/Blueprints/StatusEffect_MiniBoss_EndCap.StatusEffect_MiniBoss_EndCap_C","Champion_Unique","KnockbackResistance=1;StunResistance=1","","","None","if_lakes_capend_poi_a via Vespid_Small_SkeletonRangedPoison2_Sphere_Unique"
SkeletonShield_Electric_Mapworks_Boss,"NSLOCTEXT(""BossTable"", ""SkeletonShield_Electric_Mapworks_Boss_DisplayName"", ""Roger Ohm"")","(RowName=""Skeleton_Shield_Electric"")","Illusionist","True","True","1.500000","70.000000","2.000000","0.000000","111.000000","800.000000","True","2500.000000","0.250000","/Game/Monsters/Blueprints/StatusEffect_MiniBoss_Outdoors_Arena.StatusEffect_MiniBoss_Outdoors_Arena_C","Boss","KnockbackResistance=1;StunResistance=1","","","None",""
SkeletonShield_Rando_Boss3,"NSLOCTEXT(""BossTable"", ""5C96391E4D52B6300C76709F7EA3D583"", ""Sir Alek"")","(RowName=""Skeleton_Shield"")","SiegeSolo","False","False","1.500000","70.000000","2.000000","0.000000","111.000000","800.000000","True","2500.000000","0.250000","/Game/Monsters/Blueprints/StatusEffect_MiniBoss_EndCap.StatusEffect_MiniBoss_EndCap_C","Champion_Unique","KnockbackResistance=1;StunResistance=1","","","None",""
SkeletonShield_Rando_Boss3_Mapworks,"NSLOCTEXT(""BossTable"", ""5C96391E4D52B6300C76709F7EA3D583"", ""Sir Alek"")","(RowName=""Skeleton_Shield"")","SiegeSolo","True","True","1.500000","70.000000","2.000000","0.000000","111.000000","800.000000","True","2500.000000","0.250000","/Game/Monsters/Blueprints/StatusEffect_MiniBoss_Outdoors_Arena.StatusEffect_MiniBoss_Outdoors_Arena_C","Champion_Unique","KnockbackResistance=1;StunResistance=1","","","None",""
SkeletonShieldPoison_Rando_Boss,"NSLOCTEXT(""BossTable"", ""8BC989704AA2009D210DDD8E39D01A83"", ""Watcher Gravely"")","(RowName=""Skeleton_Shield_Poison"")","Berserking","False","False","1.500000","70.000000","2.000000","0.000000","111.000000","800.000000","True","2500.000000","0.250000","/Game/Monsters/Blueprints/StatusEffect_MiniBoss_EndCap.StatusEffect_MiniBoss_EndCap_C","Champion_Unique","KnockbackResistance=1;StunResistance=1","","","None",""
SkeletonShieldPoison_Rando_Boss_Mapworks,"NSLOCTEXT(""BossTable"", ""8BC989704AA2009D210DDD8E39D01A83"", ""Watcher Gravely"")","(RowName=""Skeleton_Shield_Poison"")","Berserking","True","True","1.500000","70.000000","2.000000","0.000000","111.000000","800.000000","True","2500.000000","0.250000","/Game/Monsters/Blueprints/StatusEffect_MiniBoss_Outdoors_Arena.StatusEffect_MiniBoss_Outdoors_Arena_C","Champion_Unique","KnockbackResistance=1;StunResistance=1","","","None",""
Spider_Electric_Rando_Boss,"NSLOCTEXT(""BossTable"", ""7CABE9944034D91F62F348AA8F94E92B"", ""Electric Widow"")","(RowName=""Spider_Boss_Electric"")","Shocking","True","False","3.000000","70.000000","2.000000","0.000000","111.000000","800.000000","True","2500.000000","0.250000","/Game/Monsters/Blueprints/StatusEffect_Boss.StatusEffect_Boss_C","Boss","KnockbackResistance=1;StunResistance=1","","","None",""
Spider_Electric_Rando_Boss_Mapworks,"NSLOCTEXT(""BossTable"", ""7CABE9944034D91F62F348AA8F94E92B"", ""Electric Widow"")","(RowName=""Spider_Boss_Electric"")","Shocking","True","True","3.000000","70.000000","2.000000","0.000000","111.000000","800.000000","True","2500.000000","0.250000","/Game/Monsters/Blueprints/StatusEffect_MiniBoss_Outdoors_Arena.StatusEffect_MiniBoss_Outdoors_Arena_C","Boss","KnockbackResistance=1;StunResistance=1","","","None",""
Spider_Electric_Rando_Boss2,"NSLOCTEXT(""BossTable"", ""Spider_Electric_Rando_Boss2_DisplayName"", ""King Tingle"")","(RowName=""Spider_Boss_Electric"")","Shocking","False","False","3.000000","70.000000","2.000000","0.000000","111.000000","800.000000","True","2500.000000","0.250000","/Game/Monsters/Blueprints/StatusEffect_MiniBoss_EndCap.StatusEffect_MiniBoss_EndCap_C","Champion_Unique","KnockbackResistance=1;StunResistance=1","","","None","gh1_wall_50x50_b_encounter"
Spider_Fire_Story_Boss,"NSLOCTEXT(""BossTable"", ""7C9148B441AC82730A33428A1400B02C"", ""Skittles"")","(RowName=""Spider_Boss_Fire"")","Blazing","True","True","3.000000","70.000000","2.000000","0.000000","111.000000","800.000000","True","2500.000000","0.250000","/Game/Monsters/Blueprints/StatusEffect_MiniBoss_Skittles.StatusEffect_MiniBoss_Skittles_C","Boss","KnockbackResistance=1;StunResistance=1","","","None",""
Spider_Fire_Story_Boss_Mapworks,"NSLOCTEXT(""BossTable"", ""Spider_Fire_Story_Boss_Mapworks_DisplayName"", ""Skittles"")","(RowName=""Spider_Boss_Fire"")","Blazing","True","True","3.000000","70.000000","2.000000","0.000000","111.000000","800.000000","True","2500.000000","0.250000","/Game/Monsters/Blueprints/StatusEffect_MiniBoss_Skittles.StatusEffect_MiniBoss_Skittles_C","Boss","KnockbackResistance=1;StunResistance=1","","","None",""
Spider_Melee_Electric_Mapworks_Boss,"NSLOCTEXT(""BossTable"", ""Spider_Melee_Electric_Mapworks_Boss_DisplayName"", ""Shockweb"")","(RowName=""Spider_Boss_Electric"")","Illusionist","True","True","3.000000","70.000000","2.000000","0.000000","111.000000","800.000000","True","2500.000000","0.250000","/Game/Monsters/Blueprints/StatusEffect_MiniBoss_Outdoors_Arena.StatusEffect_MiniBoss_Outdoors_Arena_C","Boss","KnockbackResistance=1;StunResistance=1","","","None",""
Spider_Melee_Fire_Mapworks_Boss,"NSLOCTEXT(""BossTable"", ""Spider_Melee_Fire_Mapworks_Boss_DisplayName"", ""Smoulderfang"")","(RowName=""Spider_Boss_Fire"")","Blazing","True","True","3.000000","70.000000","2.000000","0.000000","111.000000","800.000000","True","2500.000000","0.250000","/Game/Monsters/Blueprints/StatusEffect_MiniBoss_Outdoors_Arena.StatusEffect_MiniBoss_Outdoors_Arena_C","Boss","KnockbackResistance=1;StunResistance=1","","","None",""
Spider_Melee_Physical_Mapworks_Boss,"NSLOCTEXT(""BossTable"", ""Spider_Melee_Physical_Mapworks_Boss_DisplayName"", ""Bitey"")","(RowName=""Spider_Boss_Physical"")","Berserking","True","True","3.000000","70.000000","2.000000","0.000000","111.000000","800.000000","True","2500.000000","0.250000","/Game/Monsters/Blueprints/StatusEffect_MiniBoss_Outdoors_Arena.StatusEffect_MiniBoss_Outdoors_Arena_C","Boss","KnockbackResistance=1;StunResistance=1","","","None",""
Spider_Poison_Story_Boss,"NSLOCTEXT(""BossTable"", ""83D6724F4D5848F8396D43AE8CA9D2C6"", ""Spinderella"")","(RowName=""Spider_Boss_Poison"")","PlagueBearer","True","False","3.000000","70.000000","2.000000","0.000000","111.000000","800.000000","True","2500.000000","0.250000","/Game/Monsters/Blueprints/StatusEffect_MiniBoss_EndCap.StatusEffect_MiniBoss_EndCap_C","Boss","KnockbackResistance=1;StunResistance=1","","","None",""
Spider_Poison_Story_Boss_Mapworks,"NSLOCTEXT(""BossTable"", ""83D6724F4D5848F8396D43AE8CA9D2C6"", ""Spinderella"")","(RowName=""Spider_Boss_Poison"")","PlagueBearer","True","True","3.000000","70.000000","2.000000","0.000000","111.000000","800.000000","True","2500.000000","0.250000","/Game/Monsters/Blueprints/StatusEffect_MiniBoss_Outdoors_Arena.StatusEffect_MiniBoss_Outdoors_Arena_C","Boss","KnockbackResistance=1;StunResistance=1","","","None",""
SpiderRangedElectric_Rando_Boss,"NSLOCTEXT(""BossTable"", ""SpiderRangedElectric_Rando_Boss_DisplayName"", ""Sparkles"")","(RowName=""Spider_Ranged_Electric_Boss"")","Shocking","False","False","3.000000","70.000000","2.000000","0.000000","111.000000","800.000000","True","2500.000000","0.250000","/Game/Monsters/Blueprints/StatusEffect_MiniBoss_EndCap.StatusEffect_MiniBoss_EndCap_C","Champion_Unique","KnockbackResistance=1;StunResistance=1","","","None","gh1_X_50x50_a_encounter"
Spider_Ranged_Physical_Mapworks_Boss,"NSLOCTEXT(""BossTable"", ""Spider_Ranged_Physical_Mapworks_Boss_DisplayName"", ""Aragoth"")","(RowName=""Spider_Ranged_Physical_Boss"")","Berserking","True","True","3.000000","70.000000","2.000000","0.000000","111.000000","800.000000","True","2500.000000","0.250000","/Game/Monsters/Blueprints/StatusEffect_MiniBoss_Outdoors_Arena.StatusEffect_MiniBoss_Outdoors_Arena_C","Boss","KnockbackResistance=1;StunResistance=1","","","None",""
SpiderRangedPoison_Rando_Boss,"NSLOCTEXT(""BossTable"", ""4FC713FB4116888351539C854687FDD0"", ""Virulent Vernon"")","(RowName=""Spider_Ranged_Poison_Boss"")","PlagueBearer","False","False","3.000000","70.000000","2.000000","0.000000","111.000000","800.000000","True","2500.000000","0.250000","/Game/Monsters/Blueprints/StatusEffect_MiniBoss_EndCap.StatusEffect_MiniBoss_EndCap_C","Champion_Unique","KnockbackResistance=1;StunResistance=1","","","None","if1_setpiece_40x80_03 via Vespid_Small_SpiderRangedPoison_Sphere_Unique"
SpiderRangedPoison_Rando_Boss_Mapworks,"NSLOCTEXT(""BossTable"", ""4FC713FB4116888351539C854687FDD0"", ""Virulent Vernon"")","(RowName=""Spider_Ranged_Poison_Boss"")","PlagueBearer","True","True","3.000000","70.000000","2.000000","0.000000","111.000000","800.000000","True","2500.000000","0.250000","/Game/Monsters/Blueprints/StatusEffect_MiniBoss_Outdoors_Arena.StatusEffect_MiniBoss_Outdoors_Arena_C","Champion_Unique","KnockbackResistance=1;StunResistance=1","","","None","if1_setpiece_40x80_03 via Vespid_Small_SpiderRangedPoison_Sphere_Unique"
StoneElemental_Story_Boss,"NSLOCTEXT(""BossTable"", ""5EA617F243E544B969F69B9EFE7D1B19"", ""Kronch, Stone Guardian"")","(RowName=""Stone_Elemental_Boss"")","SiegeSolo","True","False","2.000000","70.000000","2.000000","0.000000","111.000000","800.000000","True","2500.000000","0.250000","/Game/Monsters/Blueprints/StatusEffect_Boss.StatusEffect_Boss_C","Story_Boss_Drop","KnockbackResistance=1;StunResistance=1","","","None",""
StriderThorned_Story_Boss,"NSLOCTEXT(""BossTable"", ""4B65E2B8428595686E508BBFB2B25A30"", ""Oakbeard"")","(RowName=""Strider_Thorned"")","TextOakbeard","True","True","1.250000","70.000000","2.000000","0.000000","111.000000","800.000000","True","2500.000000","0.250000","/Game/Monsters/Blueprints/StatusEffect_MiniBoss_EndCap.StatusEffect_MiniBoss_EndCap_C","Boss","KnockbackResistance=1;StunResistance=1","","","None",""
VarkeninBrute_Story_Boss,"NSLOCTEXT(""BossTable"", ""6AEFA483484C037F6AD7EBA74936AF2B"", ""Strongtusk"")","(RowName=""Varkenin_Brute_Boss"")","TextStrongtusk","True","True","1.350000","100.000000","2.000000","0.000000","158.000000","800.000000","True","2500.000000","0.250000","/Game/Monsters/Blueprints/StrongtuskBoss/StatusEffect_Boss_Strongtusk.StatusEffect_Boss_Strongtusk_C","Story_Boss_Drop","KnockbackResistance=1;StunResistance=1","","","None",""
VarkeninBrute_Story_Boss2,"NSLOCTEXT(""BossTable"", ""05B9CB92403EDE389FC80C978029B0B5"", ""Smalltusk, Son of Strongtusk"")","(RowName=""Varkenin_Brute"")","Berserking","True","False","1.250000","70.000000","2.000000","0.000000","111.000000","800.000000","True","2500.000000","0.250000","/Game/Monsters/Blueprints/StatusEffect_MiniBoss_EndCap.StatusEffect_MiniBoss_EndCap_C","Boss","KnockbackResistance=1;StunResistance=1","","","None",""
VespidCharger_Competitive_Boss,"NSLOCTEXT(""BossTable"", ""3E167C1D48E5A8EC014F1CA8C7A72834"", ""Krrank"")","(RowName=""Vespid_Charger_Boss"")","PlagueBearer","True","True","2.000000","70.000000","2.000000","0.000000","111.000000","800.000000","True","2500.000000","0.250000","/Game/Monsters/Blueprints/StatusEffect_MiniBoss_Outdoors_Arena.StatusEffect_MiniBoss_Outdoors_Arena_C","Boss","KnockbackResistance=1;StunResistance=1","","","None",""
VespidCharger_Story_Boss,"NSLOCTEXT(""BossTable"", ""91D065834881116E65ED3C988E6624D9"", ""Krronk"")","(RowName=""Vespid_Charger_Boss"")","PlagueBearer","False","True","2.000000","70.000000","2.000000","0.000000","111.000000","800.000000","True","2500.000000","0.250000","/Game/Monsters/Blueprints/KrronkBoss/StatusEffect_MonsterBoss_VspCharger.StatusEffect_MonsterBoss_VspCharger_C","Story_Boss_Drop","KnockbackResistance=1;StunResistance=1","","","None",""
VespidCharger_Story_Boss_Mapworks,"NSLOCTEXT(""BossTable"", ""91D065834881116E65ED3C988E6624D9"", ""Krronk"")","(RowName=""Vespid_Charger_Boss"")","PlagueBearer","True","True","2.000000","70.000000","2.000000","0.000000","111.000000","800.000000","True","2500.000000","0.250000","/Game/Monsters/Blueprints/KrronkBoss/StatusEffect_MonsterBoss_VspCharger.StatusEffect_MonsterBoss_VspCharger_C","Story_Boss_Drop","KnockbackResistance=1;StunResistance=1","","","None",""
VespidFlier_Rando_Boss3,"NSLOCTEXT(""BossTable"", ""A7F91EAC4C9020A51CCC39991EB45B3E"", ""Szak"")","(RowName=""Vespid_Flier"")","Berserking","True","False","1.500000","70.000000","2.000000","0.000000","111.000000","800.000000","True","2500.000000","0.250000","/Game/Monsters/Blueprints/StatusEffect_MiniBoss_EndCap.StatusEffect_MiniBoss_EndCap_C","Boss","KnockbackResistance=1;StunResistance=1","","","None",""
VespidFlier_Rando_Boss3_Mapworks,"NSLOCTEXT(""BossTable"", ""A7F91EAC4C9020A51CCC39991EB45B3E"", ""Szak"")","(RowName=""Vespid_Flier"")","Berserking","True","True","1.500000","70.000000","2.000000","0.000000","111.000000","800.000000","True","2500.000000","0.250000","/Game/Monsters/Blueprints/StatusEffect_MiniBoss_Outdoors_Arena.StatusEffect_MiniBoss_Outdoors_Arena_C","Boss","KnockbackResistance=1;StunResistance=1","","","None",""
VespidFlier_Story_Boss,"NSLOCTEXT(""BossTable"", ""7B30F8084D5302C1E3DBEF99C3134986"", ""Psora"")","(RowName=""Vespid_Flier_Boss"")","TextPsora","False","True","2.000000","100.000000","1.350000","0.000000","158.000000","800.000000","True","2500.000000","0.250000","/Game/Monsters/Blueprints/PsoraBoss/StatusEffect_Boss_Psora.StatusEffect_Boss_Psora_C","Story_Boss_Drop","KnockbackResistance=1;StunResistance=1","","","None",""
VespidFlier_Story_Boss_Mapworks,"NSLOCTEXT(""BossTable"", ""7B30F8084D5302C1E3DBEF99C3134986"", ""Psora"")","(RowName=""Vespid_Flier_Boss"")","TextPsora","True","True","2.000000","100.000000","1.350000","0.000000","158.000000","800.000000","True","2500.000000","0.250000","/Game/Monsters/Blueprints/PsoraBoss/StatusEffect_Boss_Psora.StatusEffect_Boss_Psora_C","Story_Boss_Drop","KnockbackResistance=1;StunResistance=1","","","None",""
VespidGuardian_Rando_Boss6,"NSLOCTEXT(""BossTable"", ""8FFEB5C74E8D180C8CB982AB2587BFB2"", ""Acid Breath"")","(RowName=""Vespid_Guardian"")","PlagueBearer","False","False","1.500000","70.000000","2.000000","0.000000","111.000000","1000.000000","True","2500.000000","0.250000","/Game/Monsters/Blueprints/StatusEffect_MiniBoss_EndCap.StatusEffect_MiniBoss_EndCap_C","Champion_Unique","KnockbackResistance=1;StunResistance=1","","","None",""
VespidGuardian_Rando_Boss6_Mapworks,"NSLOCTEXT(""BossTable"", ""8FFEB5C74E8D180C8CB982AB2587BFB2"", ""Acid Breath"")","(RowName=""Vespid_Guardian"")","PlagueBearer","True","True","1.500000","70.000000","2.000000","0.000000","111.000000","1000.000000","True","2500.000000","0.250000","/Game/Monsters/Blueprints/StatusEffect_MiniBoss_Outdoors_Arena.StatusEffect_MiniBoss_Outdoors_Arena_C","Champion_Unique","KnockbackResistance=1;StunResistance=1","","","None",""
VespidSoldier_Rando_Boss5,"NSLOCTEXT(""BossTable"", ""5EDAC401439A10DC5B64E486B7F49886"", ""Razorsaw"")","(RowName=""Vespid_SoldierTough"")","PlagueBearer","False","False","1.500000","70.000000","2.000000","0.000000","111.000000","800.000000","True","2500.000000","0.250000","/Game/Monsters/Blueprints/StatusEffect_MiniBoss_EndCap.StatusEffect_MiniBoss_EndCap_C","Champion_Unique","KnockbackResistance=1;StunResistance=1","","","None",""
VespidSoldier_Rando_Boss5_Mapworks,"NSLOCTEXT(""BossTable"", ""5EDAC401439A10DC5B64E486B7F49886"", ""Razorsaw"")","(RowName=""Vespid_SoldierTough"")","PlagueBearer","True","True","1.500000","70.000000","2.000000","0.000000","111.000000","800.000000","True","2500.000000","0.250000","/Game/Monsters/Blueprints/StatusEffect_MiniBoss_Outdoors_Arena.StatusEffect_MiniBoss_Outdoors_Arena_C","Champion_Unique","KnockbackResistance=1;StunResistance=1","","","None",""
VespidSoldier_Story_Boss,"NSLOCTEXT(""BossTable"", ""7DC0A0EB49E5BEEF6B12BCA407681A85"", ""Syzygyx, Alpaca Hunter"")","(RowName=""Vespid_Soldier"")","Berserking","True","False","1.500000","70.000000","2.000000","0.000000","111.000000","800.000000","True","2500.000000","0.250000","/Game/Monsters/Blueprints/StatusEffect_Boss.StatusEffect_Boss_C","Story_Boss_Drop","KnockbackResistance=1;StunResistance=1","","","None",""
VespidSoldier_Story_Boss_Mapworks,"NSLOCTEXT(""BossTable"", ""7DC0A0EB49E5BEEF6B12BCA407681A85"", ""Syzygyx, Alpaca Hunter"")","(RowName=""Vespid_Soldier"")","Berserking","True","True","1.500000","70.000000","2.000000","0.000000","111.000000","800.000000","True","2500.000000","0.250000","/Game/Monsters/Blueprints/StatusEffect_MiniBoss_Outdoors_Arena.StatusEffect_MiniBoss_Outdoors_Arena_C","Story_Boss_Drop","KnockbackResistance=1;StunResistance=1","","","None",""
VespidSoldier_Story_Boss2,"NSLOCTEXT(""BossTable"", ""0DED0B634189EEAE3839CC9B5332653B"", ""Klatz"")","(RowName=""Vespid_Soldier"")","NetherWell","False","False","1.500000","70.000000","2.000000","0.000000","111.000000","800.000000","True","2500.000000","0.250000","/Game/Monsters/Blueprints/StatusEffect_MiniBoss_EndCap.StatusEffect_MiniBoss_EndCap_C","Story_Boss_Drop","KnockbackResistance=1;StunResistance=1","","","None",""
VespidSoldier_Story_Boss2_Mapworks,"NSLOCTEXT(""BossTable"", ""0DED0B634189EEAE3839CC9B5332653B"", ""Klatz"")","(RowName=""Vespid_Soldier"")","NetherWell","True","True","1.500000","70.000000","2.000000","0.000000","111.000000","800.000000","True","2500.000000","0.250000","/Game/Monsters/Blueprints/StatusEffect_MiniBoss_Outdoors_Arena.StatusEffect_MiniBoss_Outdoors_Arena_C","Story_Boss_Drop","KnockbackResistance=1;StunResistance=1","","","None",""
VolturaBomber_Story_Boss,"NSLOCTEXT(""BossTable"", ""9203ECFA453C9A4CE2AA429293BF6103"", ""Singedwing the Scavenger"")","(RowName=""Voltura_Bomber_Boss"")","SiegeSolo","True","False","1.350000","70.000000","2.000000","0.000000","111.000000","800.000000","True","2500.000000","0.250000","/Game/Monsters/Blueprints/StatusEffect_MiniBoss_EndCap.StatusEffect_MiniBoss_EndCap_C","Boss","KnockbackResistance=1;StunResistance=1","","","None",""
VolturaBomber_Story_Boss_Mapworks,"NSLOCTEXT(""BossTable"", ""9203ECFA453C9A4CE2AA429293BF6103"", ""Singedwing the Scavenger"")","(RowName=""Voltura_Bomber_Boss"")","SiegeSolo","True","True","1.350000","70.000000","2.000000","0.000000","111.000000","800.000000","True","2500.000000","0.250000","/Game/Monsters/Blueprints/StatusEffect_MiniBoss_Outdoors_Arena.StatusEffect_MiniBoss_Outdoors_Arena_C","Boss","KnockbackResistance=1;StunResistance=1","","","None",""
VolturaBomber_Rando_Boss,"NSLOCTEXT(""BossTable"", ""VolturaBomber_Rando_Boss_DisplayName"", ""Scrappy Surgewing"")","(RowName=""Voltura_Bomber_Boss"")","Shocking","False","False","1.350000","70.000000","2.000000","0.000000","111.000000","800.000000","True","2500.000000","0.250000","/Game/Monsters/Blueprints/StatusEffect_MiniBoss_EndCap.StatusEffect_MiniBoss_EndCap_C","Champion_Unique","KnockbackResistance=1;StunResistance=1","","","None","Volturavillage_50x50_capend_b_encounter"
VolturaFighter_Story_Boss,"NSLOCTEXT(""BossTable"", ""F009F56344603E3D1DD46981C988578A"", ""Strongarm, Voltura Bandit"")","(RowName=""Voltura_Fighter"")","Illusionist","False","False","1.350000","70.000000","2.000000","0.000000","111.000000","800.000000","True","2500.000000","0.250000","/Game/Monsters/Blueprints/StatusEffect_Boss.StatusEffect_Boss_C","Story_Boss_Drop","KnockbackResistance=1;StunResistance=1","","","None",""
VolturaFighter_Story_Boss_Mapworks,"NSLOCTEXT(""BossTable"", ""F009F56344603E3D1DD46981C988578A"", ""Strongarm, Voltura Bandit"")","(RowName=""Voltura_Fighter"")","Illusionist","True","True","1.350000","70.000000","2.000000","0.000000","111.000000","800.000000","True","2500.000000","0.250000","/Game/Monsters/Blueprints/StatusEffect_MiniBoss_Outdoors_Arena.StatusEffect_MiniBoss_Outdoors_Arena_C","Story_Boss_Drop","KnockbackResistance=1;StunResistance=1","","","None",""
VolturaFighter_Story_Boss_Shriekbeak,"NSLOCTEXT(""BossTable"", ""66FF1FBD4E906A4F24EF508F62D4B7BB"", ""Shriekbeak"")","(RowName=""Vultura_Boss_Shriekbeak"")","TextShriekbeak","True","True","1.300000","100.000000","2.000000","0.000000","158.000000","800.000000","True","2500.000000","0.250000","/Game/Monsters/Blueprints/ShriekbeakBoss/StatusEffect_Boss_Shriekbeak.StatusEffect_Boss_Shriekbeak_C","Boss","KnockbackResistance=1;StunResistance=1","","","None",""
VolturaGunner_Rando_Boss,"NSLOCTEXT(""BossTable"", ""BDC9F19D4C92F3BA5A01789DBB36CDF5"", ""Sarge, the Death Dealer"")","(RowName=""Voltura_Gunner"")","NetherWell","False","False","1.350000","70.000000","2.000000","0.000000","111.000000","800.000000","True","2500.000000","0.250000","/Game/Monsters/Blueprints/StatusEffect_MiniBoss_EndCap.StatusEffect_MiniBoss_EndCap_C","Boss","KnockbackResistance=1;StunResistance=1","","","None",""
VolturaGunner_Story_Boss,"NSLOCTEXT(""BossTable"", ""ED5E35DC4F50072C4623C1AF032F25F0"", ""Swiftshooter, Voltura Sniper"")","(RowName=""Voltura_Gunner"")","Shocking","True","True","1.350000","70.000000","2.000000","0.000000","111.000000","800.000000","True","2500.000000","0.250000","/Game/Monsters/Blueprints/StatusEffect_MiniBoss_EndCap.StatusEffect_MiniBoss_EndCap_C","Boss","KnockbackResistance=1;StunResistance=1","","","None",""
VolturaInterceptor_Story_Boss,"NSLOCTEXT(""BossTable"", ""CB21EC4C4497C0937702FF87B4F8D45D"", ""Squawkclaw"")","(RowName=""Voltura_Interceptor_Boss"")","TextSquawkclaw","True","True","2.350000","100.000000","2.000000","0.000000","158.000000","800.000000","True","2500.000000","0.250000","/Game/Monsters/Blueprints/SquawkclawBoss/StatusEffect_Boss_Squawkclaw.StatusEffect_Boss_Squawkclaw_C","Story_Boss_Drop","KnockbackResistance=1;StunResistance=1","Energy.Max=10;Energy.RegenMax=10;Energy.Regen=1","","None",""
VolturaGunner_Story_Boss_Mapworks,"NSLOCTEXT(""BossTable"", ""VolturaGunner_Story_Boss_Mapworks_DisplayName"", ""Swiftshooter, Voltura Sniper"")","(RowName=""Voltura_Gunner"")","Shocking","True","True","1.350000","70.000000","2.000000","0.000000","111.000000","800.000000","True","2500.000000","0.250000","/Game/Monsters/Blueprints/StatusEffect_MiniBoss_Outdoors_Arena.StatusEffect_MiniBoss_Outdoors_Arena_C","Boss","KnockbackResistance=1;StunResistance=1","","","None",""
Witch_Story_Boss,"NSLOCTEXT(""BossTable"", ""170866F44BEAD02B7A5EFC95DDD53D2A"", ""Lilly Bonebaker, Dark Occultist"")","(RowName=""Witch_Boss"")","NetherWell","True","False","1.400000","70.000000","2.000000","0.000000","111.000000","800.000000","True","2500.000000","0.250000","/Game/Monsters/Blueprints/StatusEffect_MiniBoss_EndCap.StatusEffect_MiniBoss_EndCap_C","Boss","KnockbackResistance=1;StunResistance=1","","","None","Placeholder until the witch monster is in."
Witch_Story_Boss_Mapworks,"NSLOCTEXT(""BossTable"", ""FEFC67C94476AA3C43A5DFBE037BE351"", ""Lilly Bonebaker, Dark Occultist"")","(RowName=""Witch_Boss"")","NetherWell","True","True","1.400000","70.000000","2.000000","0.000000","111.000000","800.000000","True","2500.000000","0.250000","/Game/Monsters/Blueprints/StatusEffect_MiniBoss_Outdoors_Arena.StatusEffect_MiniBoss_Outdoors_Arena_C","Boss","KnockbackResistance=1;StunResistance=1","","","None","Placeholder until the witch monster is in."
Witch_Story_Boss2,"NSLOCTEXT(""BossTable"", ""82878C064CB44C58D0B1A092F702DED4"", ""Sylvia Rouser, Necromantic Summoner"")","(RowName=""Witch_Boss"")","NetherWell","True","False","1.400000","70.000000","2.000000","0.000000","111.000000","800.000000","True","2500.000000","0.250000","/Game/Monsters/Blueprints/StatusEffect_MiniBoss_EndCap.StatusEffect_MiniBoss_EndCap_C","Boss","KnockbackResistance=1;StunResistance=1","","","None",""
Witch_Story_Boss2_Mapworks,"NSLOCTEXT(""BossTable"", ""82878C064CB44C58D0B1A092F702DED4"", ""Sylvia Rouser, Necromantic Summoner"")","(RowName=""Witch_Boss"")","NetherWell","True","True","1.400000","70.000000","2.000000","0.000000","111.000000","800.000000","True","2500.000000","0.250000","/Game/Monsters/Blueprints/StatusEffect_MiniBoss_Outdoors_Arena.StatusEffect_MiniBoss_Outdoors_Arena_C","Boss","KnockbackResistance=1;StunResistance=1","","","None",""
Zombie_Melee_Electric_Mapworks_Boss,"NSLOCTEXT(""BossTable"", ""Zombie_Melee_Electric_Mapworks_Boss_DisplayName"", ""Zappy Sam"")","(RowName=""Zombie_Electric"")","NetherWell","True","True","1.500000","70.000000","2.000000","0.000000","111.000000","400.000000","True","2500.000000","0.250000","/Game/Monsters/Blueprints/StatusEffect_MiniBoss_Outdoors_Arena.StatusEffect_MiniBoss_Outdoors_Arena_C","Boss","KnockbackResistance=1;StunResistance=1","","","None",""
ZombieMelee_Rando_Boss2,"NSLOCTEXT(""BossTable"", ""5699558F4A9A1B0DAA670286D57156CA"", ""Stinky Streve"")","(RowName=""Zombie_Melee"")","PlagueBearer","False","False","1.500000","70.000000","2.000000","0.000000","111.000000","4000.000000","True","2500.000000","0.250000","/Game/Monsters/Blueprints/StatusEffect_MiniBoss_EndCap.StatusEffect_MiniBoss_EndCap_C","Champion_Unique","KnockbackResistance=1;StunResistance=1","","","None",""
ZombieMelee_Rando_Boss2_Mapworks,"NSLOCTEXT(""BossTable"", ""5699558F4A9A1B0DAA670286D57156CA"", ""Stinky Streve"")","(RowName=""Zombie_Melee"")","PlagueBearer","True","True","1.500000","70.000000","2.000000","0.000000","111.000000","4000.000000","True","2500.000000","0.250000","/Game/Monsters/Blueprints/StatusEffect_MiniBoss_Outdoors_Arena.StatusEffect_MiniBoss_Outdoors_Arena_C","Champion_Unique","KnockbackResistance=1;StunResistance=1","","","None",""
ZombieRanged_Rando_Boss,"NSLOCTEXT(""BossTable"", ""CC6CB6A24ECE9D59E8930F8418A08F75"", ""Hurling Earl"")","(RowName=""Zombie_Ranged"")","PlagueBearer","False","False","1.500000","70.000000","2.000000","0.000000","111.000000","800.000000","True","2500.000000","0.250000","/Game/Monsters/Blueprints/StatusEffect_MiniBoss_EndCap.StatusEffect_MiniBoss_EndCap_C","Champion_Unique","KnockbackResistance=1;StunResistance=1","","","None","if_lakes_X_poi_a via Vespid_Small_FoulHurler_Sphere_Unique"
ZombieRanged_Rando_Boss_Mapworks,"NSLOCTEXT(""BossTable"", ""CC6CB6A24ECE9D59E8930F8418A08F75"", ""Hurling Earl"")","(RowName=""Zombie_Ranged"")","PlagueBearer","True","True","1.500000","70.000000","2.000000","0.000000","111.000000","800.000000","True","2500.000000","0.250000","/Game/Monsters/Blueprints/StatusEffect_MiniBoss_Outdoors_Arena.StatusEffect_MiniBoss_Outdoors_Arena_C","Champion_Unique","KnockbackResistance=1;StunResistance=1","","","None","if_lakes_X_poi_a via Vespid_Small_FoulHurler_Sphere_Unique"
