---,DuskMageMale,DuskMageFemale,RailmanMale,RailmanFemale,Forged,SharpshooterFemale,SharpshooterMale,Notes
T0_Nude_Boots,"/Game/Items/Armour/duskmage/dm_m_t0a_boots/dm_m_t0a_boots_bp.dm_m_t0a_boots_bp_C","/Game/Items/Armour/duskmage/dm_f_t0a_boots/dm_f_t0a_boots_bp.dm_f_t0a_boots_bp_C","/Game/Items/Armour/railman/rm_m_t0a_boots/rm_m_t0a_boots_bp.rm_m_t0a_boots_bp_C","/Game/Items/Armour/railman/rm_f_t0a_boots/rm_f_t0a_boots_bp.rm_f_t0a_boots_bp_C","None","/Game/Items/Armour/sharpshooter/ss_f_t0a_boots/ss_f_t0a_boots_bp.ss_f_t0a_boots_bp_C","/Game/Items/Armour/sharpshooter/ss_m_t0a_boots/ss_m_t0a_boots_bp.ss_m_t0a_boots_bp_C",""
T0_Nude_Gloves,"/Game/Items/Armour/duskmage/dm_m_t0a_gloves/dm_m_t0a_gloves_bp.dm_m_t0a_gloves_bp_C","/Game/Items/Armour/duskmage/dm_f_t0a_gloves/dm_f_t0a_gloves_bp.dm_f_t0a_gloves_bp_C","/Game/Items/Armour/railman/rm_m_t0a_gloves/rm_m_t0a_gloves_bp.rm_m_t0a_gloves_bp_C","/Game/Items/Armour/railman/rm_f_t0a_gloves/rm_f_t0a_gloves_bp.rm_f_t0a_gloves_bp_C","/Game/Items/Armour/forged/for_t0a_gloves/for_t0a_gloves_bp.for_t0a_gloves_bp_C","/Game/Items/Armour/sharpshooter/ss_f_t0a_gloves/ss_f_t0a_gloves_bp.ss_f_t0a_gloves_bp_C","/Game/Items/Armour/sharpshooter/ss_m_t0a_gloves/ss_m_t0a_gloves_bp.ss_m_t0a_gloves_bp_C",""
T0_Nude_Hatch,"None","None","None","None","/Game/Items/Armour/forged/for_t0a_hatch/for_t0a_hatch_bp.for_t0a_hatch_bp_C","None","None",""
T0_Nude_Head,"/Game/Items/Armour/duskmage/dm_m_t0a_head/dm_m_t0a_head_bp.dm_m_t0a_head_bp_C","/Game/Items/Armour/duskmage/dm_f_t0a_head/dm_f_t0a_head_bp.dm_f_t0a_head_bp_C","/Game/Items/Armour/railman/rm_m_t0a_head/rm_m_t0a_head_bp.rm_m_t0a_head_bp_C","/Game/Items/Armour/railman/rm_f_t0a_head/rm_f_t0a_head_bp.rm_f_t0a_head_bp_C","/Game/Items/Armour/forged/for_t0a_head/for_t0a_head_bp.for_t0a_head_bp_C","/Game/Items/Armour/sharpshooter/ss_f_t0a_head/ss_f_t0a_head_bp.ss_f_t0a_head_bp_C","/Game/Items/Armour/sharpshooter/ss_m_t0a_head/ss_m_t0a_head_bp.ss_m_t0a_head_bp_C",""
T0_Nude_Helm,"/Game/Items/Armour/duskmage/dm_m_t1c_helm/dm_m_t1c_helm_bp.dm_m_t1c_helm_bp_C","/Game/Items/Armour/duskmage/dm_f_t1c_helm/dm_f_t1c_helm_bp.dm_f_t1c_helm_bp_C","/Game/Items/Armour/railman/rm_m_t0a_helm/rm_m_t0a_helm_bp.rm_m_t0a_helm_bp_C","/Game/Items/Armour/railman/rm_f_t1b_helm/rm_f_t1b_helm_bp.rm_f_t1b_helm_bp_C","None","/Game/Items/Armour/sharpshooter/ss_f_t3a_helm/ss_f_t3a_helm_bp.ss_f_t3a_helm_bp_C","/Game/Items/Armour/sharpshooter/ss_m_t0a_helm/ss_m_t0a_helm_bp.ss_m_t0a_helm_bp_C",""
T0_Nude_Locomotion,"None","None","None","None","/Game/Items/Armour/forged/for_t0a_locomotion/for_t0a_locomotion_bp.for_t0a_locomotion_bp_C","None","None",""
T0_Nude_Shoulders,"None","None","None","None","/Game/Items/Armour/forged/for_t0a_shoulders/for_t0a_shoulders_bp.for_t0a_shoulders_bp_C","None","None",""
T0_Undies_Chest,"/Game/Items/Armour/duskmage/dm_m_t0a_chest/dm_m_t0a_chest_bp.dm_m_t0a_chest_bp_C","/Game/Items/Armour/duskmage/dm_f_t0b_chest/dm_f_t0b_chest_bp.dm_f_t0b_chest_bp_C","/Game/Items/Armour/railman/rm_m_t0b_chest/rm_m_t0b_chest_bp.rm_m_t0b_chest_bp_C","/Game/Items/Armour/railman/rm_f_t0b_chest/rm_f_t0b_chest_bp.rm_f_t0b_chest_bp_C","/Game/Items/Armour/forged/for_t0a_chest/for_t0a_chest_bp.for_t0a_chest_bp_C","/Game/Items/Armour/sharpshooter/ss_f_t0b_chest/ss_f_t0b_chest_bp.ss_f_t0b_chest_bp_C","/Game/Items/Armour/sharpshooter/ss_m_t0a_chest/ss_m_t0a_chest_bp.ss_m_t0a_chest_bp_C",""
T0_Undies_Pants,"/Game/Items/Armour/duskmage/dm_m_t0b_pants/dm_m_t0b_pants_bp.dm_m_t0b_pants_bp_C","/Game/Items/Armour/duskmage/dm_f_t0b_pants/dm_f_t0b_pants_bp.dm_f_t0b_pants_bp_C","/Game/Items/Armour/railman/rm_m_t0b_pants/rm_m_t0b_pants_bp.rm_m_t0b_pants_bp_C","/Game/Items/Armour/railman/rm_f_t0b_pants/rm_f_t0b_pants_bp.rm_f_t0b_pants_bp_C","None","/Game/Items/Armour/sharpshooter/ss_f_t0b_pants/ss_f_t0b_pants_bp.ss_f_t0b_pants_bp_C","/Game/Items/Armour/sharpshooter/ss_m_t0b_pants/ss_m_t0b_pants_bp.ss_m_t0b_pants_bp_C",""
T1_Starter_Boots,"/Game/Items/Armour/duskmage/dm_m_t1b_boots/dm_m_t1b_boots_bp.dm_m_t1b_boots_bp_C","/Game/Items/Armour/duskmage/dm_f_t1b_boots/dm_f_t1b_boots_bp.dm_f_t1b_boots_bp_C","/Game/Items/Armour/railman/rm_m_t1c_boots/rm_m_t1c_boots_bp.rm_m_t1c_boots_bp_C","/Game/Items/Armour/railman/rm_f_t1c_boots/rm_f_t1c_boots_bp.rm_f_t1c_boots_bp_C","None","/Game/Items/Armour/sharpshooter/ss_f_t0a_boots/ss_f_t0a_boots_bp.ss_f_t0a_boots_bp_C","/Game/Items/Armour/sharpshooter/ss_m_t0a_boots/ss_m_t0a_boots_bp.ss_m_t0a_boots_bp_C",""
T1_Starter_Chest,"/Game/Items/Armour/duskmage/dm_m_t1b_chest/dm_m_t1b_chest_bp.dm_m_t1b_chest_bp_C","/Game/Items/Armour/duskmage/dm_f_t1b_chest/dm_f_t1b_chest_bp.dm_f_t1b_chest_bp_C","/Game/Items/Armour/railman/rm_m_t1c_chest/rm_m_t1c_chest_bp.rm_m_t1c_chest_bp_C","/Game/Items/Armour/railman/rm_f_t1c_chest/rm_f_t1c_chest_bp.rm_f_t1c_chest_bp_C","/Game/Items/Armour/forged/for_t0a_chest/for_t0a_chest_bp.for_t0a_chest_bp_C","/Game/Items/Armour/sharpshooter/ss_f_t3a_chest/ss_f_t3a_chest_bp.ss_f_t3a_chest_bp_C","/Game/Items/Armour/sharpshooter/ss_m_t3a_chest/ss_m_t3a_chest_bp.ss_m_t3a_chest_bp_C",""
T1_Starter_Gloves,"/Game/Items/Armour/duskmage/dm_m_t0a_gloves/dm_m_t0a_gloves_bp.dm_m_t0a_gloves_bp_C","/Game/Items/Armour/duskmage/dm_f_t0a_gloves/dm_f_t0a_gloves_bp.dm_f_t0a_gloves_bp_C","/Game/Items/Armour/railman/rm_m_t0a_gloves/rm_m_t0a_gloves_bp.rm_m_t0a_gloves_bp_C","/Game/Items/Armour/railman/rm_f_t0a_gloves/rm_f_t0a_gloves_bp.rm_f_t0a_gloves_bp_C","/Game/Items/Armour/forged/for_t0a_gloves/for_t0a_gloves_bp.for_t0a_gloves_bp_C","/Game/Items/Armour/sharpshooter/ss_f_t0a_gloves/ss_f_t0a_gloves_bp.ss_f_t0a_gloves_bp_C","/Game/Items/Armour/sharpshooter/ss_m_t0a_gloves/ss_m_t0a_gloves_bp.ss_m_t0a_gloves_bp_C",""
T1_Starter_Hatch,"None","None","None","None","/Game/Items/Armour/forged/for_t0a_hatch/for_t0a_hatch_bp.for_t0a_hatch_bp_C","None","None",""
T1_Starter_Helm,"None","None","None","None","None","None","None",""
T1_Starter_Locomotion,"None","None","None","None","/Game/Items/Armour/forged/for_t0a_locomotion/for_t0a_locomotion_bp.for_t0a_locomotion_bp_C","None","None",""
T1_Starter_Shoulders,"None","None","None","None","/Game/Items/Armour/forged/for_t0a_shoulders/for_t0a_shoulders_bp.for_t0a_shoulders_bp_C","None","None",""
T1_Starter_Pants,"/Game/Items/Armour/duskmage/dm_m_t1b_pants/dm_m_t1b_pants_bp.dm_m_t1b_pants_bp_C","/Game/Items/Armour/duskmage/dm_f_t1b_pants/dm_f_t1b_pants_bp.dm_f_t1b_pants_bp_C","/Game/Items/Armour/railman/rm_m_t1c_pants/rm_m_t1c_pants_bp.rm_m_t1c_pants_bp_C","/Game/Items/Armour/railman/rm_f_t1c_pants/rm_f_t1c_pants_bp.rm_f_t1c_pants_bp_C","None","/Game/Items/Armour/sharpshooter/ss_f_t3a_pants/ss_f_t3a_pants_bp.ss_f_t3a_pants_bp_C","/Game/Items/Armour/sharpshooter/ss_m_t3a_pants/ss_m_t3a_pants_bp.ss_m_t3a_pants_bp_C",""
T1_Iconic_Boots,"/Game/Items/Armour/duskmage/dm_m_t1b_boots/dm_m_t1b_boots_bp.dm_m_t1b_boots_bp_C","/Game/Items/Armour/duskmage/dm_f_t1b_boots/dm_f_t1b_boots_bp.dm_f_t1b_boots_bp_C","/Game/Items/Armour/railman/rm_m_t1b_boots/rm_m_t1b_boots_bp.rm_m_t1b_boots_bp_C","/Game/Items/Armour/railman/rm_f_t1b_boots/rm_f_t1b_boots_bp.rm_f_t1b_boots_bp_C","None","None","None",""
T1_Iconic_Chest,"/Game/Items/Armour/duskmage/dm_m_t1b_chest/dm_m_t1b_chest_bp.dm_m_t1b_chest_bp_C","/Game/Items/Armour/duskmage/dm_f_t1b_chest/dm_f_t1b_chest_bp.dm_f_t1b_chest_bp_C","/Game/Items/Armour/railman/rm_m_t1b_chest/rm_m_t1b_chest_bp.rm_m_t1b_chest_bp_C","/Game/Items/Armour/railman/rm_f_t1b_chest/rm_f_t1b_chest_bp.rm_f_t1b_chest_bp_C","/Game/Items/Armour/forged/for_t1a_chest/for_t1a_chest_bp.for_t1a_chest_bp_C","None","None",""
T1_Iconic_Gloves,"/Game/Items/Armour/duskmage/dm_m_t1b_gloves/dm_m_t1b_gloves_bp.dm_m_t1b_gloves_bp_C","/Game/Items/Armour/duskmage/dm_f_t1b_gloves/dm_f_t1b_gloves_bp.dm_f_t1b_gloves_bp_C","/Game/Items/Armour/railman/rm_m_t1a_gloves/rm_m_t1a_gloves_bp.rm_m_t1a_gloves_bp_C","/Game/Items/Armour/railman/rm_f_t1a_gloves/rm_f_t1a_gloves_bp.rm_f_t1a_gloves_bp_C","/Game/Items/Armour/forged/for_t1a_gloves/for_t1a_gloves_bp.for_t1a_gloves_bp_C","None","None",""
T1_Iconic_Hatch,"None","None","None","None","/Game/Items/Armour/forged/for_t1a_hatch/for_t1a_hatch_bp.for_t1a_hatch_bp_C","None","None",""
T1_Iconic_Helm,"None","None","/Game/Items/Armour/railman/rm_m_t1a_helm/rm_m_t1a_helm_bp.rm_m_t1a_helm_bp_C","/Game/Items/Armour/railman/rm_f_t1a_helm/rm_f_t1a_helm_bp.rm_f_t1a_helm_bp_C","None","None","None",""
T1_Iconic_Locomotion,"None","None","None","None","/Game/Items/Armour/forged/for_t1a_locomotion/for_t1a_locomotion_bp.for_t1a_locomotion_bp_C","None","None",""
T1_Iconic_Locomotion_Snake,"None","None","None","None","/Game/Items/Armour/forged/for_t1a_locomotion/for_t1a_locomotion_bp.for_t1a_locomotion_bp_C","None","None",""
T1_Iconic_Pants,"/Game/Items/Armour/duskmage/dm_m_t1b_pants/dm_m_t1b_pants_bp.dm_m_t1b_pants_bp_C","/Game/Items/Armour/duskmage/dm_f_t1b_pants/dm_f_t1b_pants_bp.dm_f_t1b_pants_bp_C","/Game/Items/Armour/railman/rm_m_t1b_pants/rm_m_t1b_pants_bp.rm_m_t1b_pants_bp_C","/Game/Items/Armour/railman/rm_f_t1b_pants/rm_f_t1b_pants_bp.rm_f_t1b_pants_bp_C","None","None","None",""
T1_Iconic_Shoulders,"None","None","/Game/Items/Armour/railman/rm_m_t1a_shoulders/rm_m_t1a_shoulders_bp.rm_m_t1a_shoulders_bp_C","/Game/Items/Armour/railman/rm_f_t1a_shoulders/rm_f_t1a_shoulders_bp.rm_f_t1a_shoulders_bp_C","/Game/Items/Armour/forged/for_t0a_shoulders/for_t0a_shoulders_bp.for_t0a_shoulders_bp_C","None","None",""
T2_Forest_Boots,"/Game/Items/Armour/duskmage/dm_m_t2b_boots/dm_m_t2b_boots_bp.dm_m_t2b_boots_bp_C","/Game/Items/Armour/duskmage/dm_f_t2b_boots/dm_f_t2b_boots_bp.dm_f_t2b_boots_bp_C","/Game/Items/Armour/railman/rm_m_t2a_boots/rm_m_t2a_boots_bp.rm_m_t2a_boots_bp_C","/Game/Items/Armour/railman/rm_f_t2a_boots/rm_f_t2a_boots_bp.rm_f_t2a_boots_bp_C","None","/Game/Items/Armour/sharpshooter/ss_f_t2b_boots/ss_f_t2b_boots_bp.ss_f_t2b_boots_bp_C","/Game/Items/Armour/sharpshooter/ss_m_t2b_boots/ss_m_t2b_boots_bp.ss_m_t2b_boots_bp_C",""
T2_Forest_Chest,"/Game/Items/Armour/duskmage/dm_m_t2b_chest/dm_m_t2b_chest_bp.dm_m_t2b_chest_bp_C","/Game/Items/Armour/duskmage/dm_f_t2b_chest/dm_f_t2b_chest_bp.dm_f_t2b_chest_bp_C","/Game/Items/Armour/railman/rm_m_t2a_chest/rm_m_t2a_chest_bp.rm_m_t2a_chest_bp_C","/Game/Items/Armour/railman/rm_f_t2a_chest/rm_f_t2a_chest_bp.rm_f_t2a_chest_bp_C","/Game/Items/Armour/forged/for_t2b_chest/for_t2b_chest_bp.for_t2b_chest_bp_C","/Game/Items/Armour/sharpshooter/ss_f_t2b_chest/ss_f_t2b_chest_bp.ss_f_t2b_chest_bp_C","/Game/Items/Armour/sharpshooter/ss_m_t2b_chest/ss_m_t2b_chest_bp.ss_m_t2b_chest_bp_C",""
T2_Forest_Gloves,"/Game/Items/Armour/duskmage/dm_m_t2b_gloves/dm_m_t2b_gloves_bp.dm_m_t2b_gloves_bp_C","/Game/Items/Armour/duskmage/dm_f_t2b_gloves/dm_f_t2b_gloves_bp.dm_f_t2b_gloves_bp_C","/Game/Items/Armour/railman/rm_m_t2a_gloves/rm_m_t2a_gloves_bp.rm_m_t2a_gloves_bp_C","/Game/Items/Armour/railman/rm_f_t2a_gloves/rm_f_t2a_gloves_bp.rm_f_t2a_gloves_bp_C","/Game/Items/Armour/forged/for_t2b_gloves/for_t2b_gloves_bp.for_t2b_gloves_bp_C","/Game/Items/Armour/sharpshooter/ss_f_t2b_gloves/ss_f_t2b_gloves_bp.ss_f_t2b_gloves_bp_C","/Game/Items/Armour/sharpshooter/ss_m_t2b_gloves/ss_m_t2b_gloves_bp.ss_m_t2b_gloves_bp_C",""
T2_Forest_Hatch,"None","None","None","None","/Game/Items/Armour/forged/for_t2b_hatch/for_t2b_hatch_bp.for_t2b_hatch_bp_C","None","None",""
T2_Forest_Helm,"/Game/Items/Armour/duskmage/dm_m_t2b_helm/dm_m_t2b_helm_bp.dm_m_t2b_helm_bp_C","/Game/Items/Armour/duskmage/dm_f_t2b_helm/dm_f_t2b_helm_bp.dm_f_t2b_helm_bp_C","/Game/Items/Armour/railman/rm_m_t2a_helm/rm_m_t2a_helm_bp.rm_m_t2a_helm_bp_C","/Game/Items/Armour/railman/rm_f_t2a_helm/rm_f_t2a_helm_bp.rm_f_t2a_helm_bp_C","/Game/Items/Armour/forged/for_t2b_helm/for_t2b_helm_bp.for_t2b_helm_bp_C","/Game/Items/Armour/sharpshooter/ss_f_t2b_helm/ss_f_t2b_helm_bp.ss_f_t2b_helm_bp_C","/Game/Items/Armour/sharpshooter/ss_m_t2b_helm/ss_m_t2b_helm_bp.ss_m_t2b_helm_bp_C",""
T2_Forest_Locomotion,"None","None","None","None","/Game/Items/Armour/forged/for_t2b_locomotion/for_t2b_locomotion_bp.for_t2b_locomotion_bp_C","None","None",""
T2_Forest_Pants,"/Game/Items/Armour/duskmage/dm_m_t2b_pants/dm_m_t2b_pants_bp.dm_m_t2b_pants_bp_C","/Game/Items/Armour/duskmage/dm_f_t2b_pants/dm_f_t2b_pants_bp.dm_f_t2b_pants_bp_C","/Game/Items/Armour/railman/rm_m_t2a_pants/rm_m_t2a_pants_bp.rm_m_t2a_pants_bp_C","/Game/Items/Armour/railman/rm_f_t2a_pants/rm_f_t2a_pants_bp.rm_f_t2a_pants_bp_C","None","None","None",""
T2_Forest_Shoulders,"/Game/Items/Armour/duskmage/dm_m_t2b_shoulders/dm_m_t2b_shoulders_bp.dm_m_t2b_shoulders_bp_C","/Game/Items/Armour/duskmage/dm_f_t2b_shoulders/dm_f_t2b_shoulders_bp.dm_f_t2b_shoulders_bp_C","/Game/Items/Armour/railman/rm_m_t2a_shoulders/rm_m_t2a_shoulders_bp.rm_m_t2a_shoulders_bp_C","/Game/Items/Armour/railman/rm_f_t2a_shoulders/rm_f_t2a_shoulders_bp.rm_f_t2a_shoulders_bp_C","/Game/Items/Armour/forged/for_t2b_shoulders/for_t2b_shoulders_bp.for_t2b_shoulders_bp_C","None","None",""
T2_Iconic_Boots,"/Game/Items/Armour/duskmage/dm_m_t3a_boots/dm_m_t3a_boots_bp.dm_m_t3a_boots_bp_C","/Game/Items/Armour/duskmage/dm_f_t3a_boots/dm_f_t3a_boots_bp.dm_f_t3a_boots_bp_C","/Game/Items/Armour/railman/rm_m_t1a_boots/rm_m_t1a_boots_bp.rm_m_t1a_boots_bp_C","/Game/Items/Armour/railman/rm_f_t1a_boots/rm_f_t1a_boots_bp.rm_f_t1a_boots_bp_C","None","/Game/Items/Armour/sharpshooter/ss_f_t2a_boots/ss_f_t2a_boots_bp.ss_f_t2a_boots_bp_C","/Game/Items/Armour/sharpshooter/ss_m_t2a_boots/ss_m_t2a_boots_bp.ss_m_t2a_boots_bp_C",""
T2_Iconic_Chest,"/Game/Items/Armour/duskmage/dm_m_t3a_chest/dm_m_t3a_chest_bp.dm_m_t3a_chest_bp_C","/Game/Items/Armour/duskmage/dm_f_t3a_chest/dm_f_t3a_chest_bp.dm_f_t3a_chest_bp_C","/Game/Items/Armour/railman/rm_m_t1a_chest/rm_m_t1a_chest_bp.rm_m_t1a_chest_bp_C","/Game/Items/Armour/railman/rm_f_t1a_chest/rm_f_t1a_chest_bp.rm_f_t1a_chest_bp_C","/Game/Items/Armour/forged/for_t2a_chest/for_t2a_chest_bp.for_t2a_chest_bp_C","/Game/Items/Armour/sharpshooter/ss_f_t2a_chest/ss_f_t2a_chest_bp.ss_f_t2a_chest_bp_C","/Game/Items/Armour/sharpshooter/ss_m_t2a_chest/ss_m_t2a_chest_bp.ss_m_t2a_chest_bp_C",""
T2_Iconic_Gloves,"/Game/Items/Armour/duskmage/dm_m_t3a_gloves/dm_m_t3a_gloves_bp.dm_m_t3a_gloves_bp_C","/Game/Items/Armour/duskmage/dm_f_t3a_gloves/dm_f_t3a_gloves_bp.dm_f_t3a_gloves_bp_C","/Game/Items/Armour/railman/rm_m_t1a_gloves/rm_m_t1a_gloves_bp.rm_m_t1a_gloves_bp_C","/Game/Items/Armour/railman/rm_f_t1a_gloves/rm_f_t1a_gloves_bp.rm_f_t1a_gloves_bp_C","/Game/Items/Armour/forged/for_t2a_gloves/for_t2a_gloves_bp.for_t2a_gloves_bp_C","/Game/Items/Armour/sharpshooter/ss_f_t2a_gloves/ss_f_t2a_gloves_bp.ss_f_t2a_gloves_bp_C","/Game/Items/Armour/sharpshooter/ss_m_t2a_gloves/ss_m_t2a_gloves_bp.ss_m_t2a_gloves_bp_C",""
T2_Iconic_Hatch,"None","None","None","None","/Game/Items/Armour/forged/for_t2a_hatch/for_t2a_hatch_bp.for_t2a_hatch_bp_C","None","None",""
T2_Iconic_Helm,"/Game/Items/Armour/duskmage/dm_m_t3a_helm/dm_m_t3a_helm_bp.dm_m_t3a_helm_bp_C","/Game/Items/Armour/duskmage/dm_f_t3a_helm/dm_f_t3a_helm_bp.dm_f_t3a_helm_bp_C","/Game/Items/Armour/railman/rm_m_t1a_helm/rm_m_t1a_helm_bp.rm_m_t1a_helm_bp_C","/Game/Items/Armour/railman/rm_f_t1a_helm/rm_f_t1a_helm_bp.rm_f_t1a_helm_bp_C","/Game/Items/Armour/forged/for_t2a_helm/for_t2a_helm_bp.for_t2a_helm_bp_C","/Game/Items/Armour/sharpshooter/ss_f_t2a_helm/ss_f_t2a_helm_bp.ss_f_t2a_helm_bp_C","/Game/Items/Armour/sharpshooter/ss_m_t2a_helm/ss_m_t2a_helm_bp.ss_m_t2a_helm_bp_C",""
T2_Iconic_Locomotion,"None","None","None","None","/Game/Items/Armour/forged/for_t2a_locomotion/for_t2a_locomotion_bp.for_t2a_locomotion_bp_C","None","None",""
T2_Iconic_Pants,"/Game/Items/Armour/duskmage/dm_m_t3a_pants/dm_m_t3a_pants_bp.dm_m_t3a_pants_bp_C","/Game/Items/Armour/duskmage/dm_f_t3a_pants/dm_f_t3a_pants_bp.dm_f_t3a_pants_bp_C","/Game/Items/Armour/railman/rm_m_t1a_pants/rm_m_t1a_pants_bp.rm_m_t1a_pants_bp_C","/Game/Items/Armour/railman/rm_f_t1a_pants/rm_f_t1a_pants_bp.rm_f_t1a_pants_bp_C","None","/Game/Items/Armour/sharpshooter/ss_f_t2a_pants/ss_f_t2a_pants_bp.ss_f_t2a_pants_bp_C","/Game/Items/Armour/sharpshooter/ss_m_t2a_pants/ss_m_t2a_pants_bp.ss_m_t2a_pants_bp_C",""
T2_Iconic_Shoulders,"/Game/Items/Armour/duskmage/dm_m_t3a_shoulders/dm_m_t3a_shoulders_bp.dm_m_t3a_shoulders_bp_C","/Game/Items/Armour/duskmage/dm_f_t3a_shoulders/dm_f_t3a_shoulders_bp.dm_f_t3a_shoulders_bp_C","/Game/Items/Armour/railman/rm_m_t1a_shoulders/rm_m_t1a_shoulders_bp.rm_m_t1a_shoulders_bp_C","/Game/Items/Armour/railman/rm_f_t1a_shoulders/rm_f_t1a_shoulders_bp.rm_f_t1a_shoulders_bp_C","/Game/Items/Armour/forged/for_t2a_shoulders/for_t2a_shoulders_bp.for_t2a_shoulders_bp_C","/Game/Items/Armour/sharpshooter/ss_f_t2a_shoulders/ss_f_t2a_shoulders_bp.ss_f_t2a_shoulders_bp_C","/Game/Items/Armour/sharpshooter/ss_m_t2a_shoulders/ss_m_t2a_shoulders_bp.ss_m_t2a_shoulders_bp_C",""
T2_Industrial_Boots,"/Game/Items/Armour/duskmage/dm_m_t2b_boots/dm_m_t2b_boots_bp.dm_m_t2b_boots_bp_C","/Game/Items/Armour/duskmage/dm_f_t2b_boots/dm_f_t2b_boots_bp.dm_f_t2b_boots_bp_C","/Game/Items/Armour/railman/rm_m_t2b_boots/rm_m_t2b_boots_bp.rm_m_t2b_boots_bp_C","/Game/Items/Armour/railman/rm_f_t2b_boots/rm_f_t2b_boots_bp.rm_f_t2b_boots_bp_C","None","None","None",""
T2_Industrial_Chest,"/Game/Items/Armour/duskmage/dm_m_t2b_chest/dm_m_t2b_chest_bp.dm_m_t2b_chest_bp_C","/Game/Items/Armour/duskmage/dm_f_t2b_chest/dm_f_t2b_chest_bp.dm_f_t2b_chest_bp_C","/Game/Items/Armour/railman/rm_m_t2b_chest/rm_m_t2b_chest_bp.rm_m_t2b_chest_bp_C","/Game/Items/Armour/railman/rm_f_t2b_chest/rm_f_t2b_chest_bp.rm_f_t2b_chest_bp_C","/Game/Items/Armour/forged/for_t2c_chest/for_t2c_chest_bp.for_t2c_chest_bp_C","None","None",""
T2_Industrial_Gloves,"/Game/Items/Armour/duskmage/dm_m_t2b_gloves/dm_m_t2b_gloves_bp.dm_m_t2b_gloves_bp_C","/Game/Items/Armour/duskmage/dm_f_t2b_gloves/dm_f_t2b_gloves_bp.dm_f_t2b_gloves_bp_C","/Game/Items/Armour/railman/rm_m_t2b_gloves/rm_m_t2b_gloves_bp.rm_m_t2b_gloves_bp_C","/Game/Items/Armour/railman/rm_f_t2b_gloves/rm_f_t2b_gloves_bp.rm_f_t2b_gloves_bp_C","/Game/Items/Armour/forged/for_t2c_gloves/for_t2c_gloves_bp.for_t2c_gloves_bp_C","None","None",""
T2_Industrial_Hatch,"None","None","None","None","/Game/Items/Armour/forged/for_t2c_hatch/for_t2c_hatch_bp.for_t2c_hatch_bp_C","None","None",""
T2_Industrial_Helm,"/Game/Items/Armour/duskmage/dm_m_t2b_helm/dm_m_t2b_helm_bp.dm_m_t2b_helm_bp_C","/Game/Items/Armour/duskmage/dm_f_t2b_helm/dm_f_t2b_helm_bp.dm_f_t2b_helm_bp_C","/Game/Items/Armour/railman/rm_m_t2b_helm/rm_m_t2b_helm_bp.rm_m_t2b_helm_bp_C","/Game/Items/Armour/railman/rm_f_t2b_helm/rm_f_t2b_helm_bp.rm_f_t2b_helm_bp_C","/Game/Items/Armour/forged/for_t2c_helm/for_t2c_helm_bp.for_t2c_helm_bp_C","None","None",""
T2_Industrial_Locomotion,"None","None","None","None","/Game/Items/Armour/forged/for_t2c_locomotion/for_t2c_locomotion_bp.for_t2c_locomotion_bp_C","None","None",""
T2_Industrial_Pants,"/Game/Items/Armour/duskmage/dm_m_t2b_pants/dm_m_t2b_pants_bp.dm_m_t2b_pants_bp_C","/Game/Items/Armour/duskmage/dm_f_t2b_pants/dm_f_t2b_pants_bp.dm_f_t2b_pants_bp_C","/Game/Items/Armour/railman/rm_m_t2b_pants/rm_m_t2b_pants_bp.rm_m_t2b_pants_bp_C","/Game/Items/Armour/railman/rm_f_t2b_pants/rm_f_t2b_pants_bp.rm_f_t2b_pants_bp_C","None","None","None",""
T2_Industrial_Shoulders,"/Game/Items/Armour/duskmage/dm_m_t2b_shoulders/dm_m_t2b_shoulders_bp.dm_m_t2b_shoulders_bp_C","/Game/Items/Armour/duskmage/dm_f_t2b_shoulders/dm_f_t2b_shoulders_bp.dm_f_t2b_shoulders_bp_C","/Game/Items/Armour/railman/rm_m_t2b_shoulders/rm_m_t2b_shoulders_bp.rm_m_t2b_shoulders_bp_C","/Game/Items/Armour/railman/rm_f_t2b_shoulders/rm_f_t2b_shoulders_bp.rm_f_t2b_shoulders_bp_C","/Game/Items/Armour/forged/for_t2c_shoulders/for_t2c_shoulders_bp.for_t2c_shoulders_bp_C","None","None",""
T2_Basic_Helm_DM,"/Game/Items/Armour/duskmage/dm_m_t2d_helm/dm_m_t2d_helm_bp.dm_m_t2d_helm_bp_C","/Game/Items/Armour/duskmage/dm_f_t2d_helm/dm_f_t2d_helm_bp.dm_f_t2d_helm_bp_C","None","None","None","None","None",""
T2_Basic_Helm_RM,"None","None","/Game/Items/Armour/railman/rm_m_t2c_helm/rm_m_t2c_helm_bp.rm_m_t2c_helm_bp_C","/Game/Items/Armour/railman/rm_f_t2c_helm/rm_f_t2c_helm_bp.rm_f_t2c_helm_bp_C","None","None","None",""
T2_Basic_Helm_FOR,"None","None","None","None","/Game/Items/Armour/forged/for_t2d_helm/for_t2d_helm_bp.for_t2d_helm_bp_C","None","None",""
T2_Basic_Shoulders_DM,"/Game/Items/Armour/duskmage/dm_m_t2d_shoulders/dm_m_t2d_shoulders_bp.dm_m_t2d_shoulders_bp_C","/Game/Items/Armour/duskmage/dm_f_t2d_shoulders/dm_f_t2d_shoulders_bp.dm_f_t2d_shoulders_bp_C","None","None","None","None","None",""
T2_Basic2_Shoulders_DM,"/Game/Items/Armour/duskmage/dm_m_t2d_shoulders/dm_m_t2da_shoulders_bp.dm_m_t2da_shoulders_bp_C","/Game/Items/Armour/duskmage/dm_f_t2d_shoulders/dm_f_t2da_shoulders_bp.dm_f_t2da_shoulders_bp_C","None","None","None","None","None",""
T2_Basic_Shoulders_RM,"None","None","/Game/Items/Armour/railman/rm_m_t2c_shoulders/rm_m_t2c_shoulders_bp.rm_m_t2c_shoulders_bp_C","/Game/Items/Armour/railman/rm_f_t2c_shoulders/rm_f_t2c_shoulders_bp.rm_f_t2c_shoulders_bp_C","None","None","None",""
T2_Basic2_Shoulders_RM,"None","None","/Game/Items/Armour/railman/rm_m_t2c_shoulders/rm_m_t2ca_shoulders_bp.rm_m_t2ca_shoulders_bp_C","/Game/Items/Armour/railman/rm_f_t2c_shoulders/rm_f_t2ca_shoulders_bp.rm_f_t2ca_shoulders_bp_C","None","None","None",""
T2_Basic_Shoulders_FOR,"None","None","None","None","/Game/Items/Armour/forged/for_t2d_shoulders/for_t2d_shoulders_bp.for_t2d_shoulders_bp_C","None","None",""
T2_Basic2_Shoulders_FOR,"None","None","None","None","/Game/Items/Armour/forged/for_t2d_shoulders/for_t2da_shoulders_bp.for_t2da_shoulders_bp_C","None","None",""
T2_Generic_Helm_DM,"/Game/Items/Armour/duskmage/dm_m_t2e_helm/dm_m_t2e_helm_bp.dm_m_t2e_helm_bp_C","/Game/Items/Armour/duskmage/dm_f_t2e_helm/dm_f_t2e_helm_bp.dm_f_t2e_helm_bp_C","None","None","None","None","None",""
T2_Generic_Helm_RM,"None","None","/Game/Items/Armour/railman/rm_m_t2d_helm/rm_m_t2d_helm_bp.rm_m_t2d_helm_bp_C","/Game/Items/Armour/railman/rm_f_t2d_helm/rm_f_t2d_helm_bp.rm_f_t2d_helm_bp_C","None","None","None",""
T2_Generic_Helm_FOR,"None","None","None","None","/Game/Items/Armour/forged/for_t2e_helm/for_t2e_helm_bp.for_t2e_helm_bp_C","None","None",""
T2_Generic_Shoulders_DM,"/Game/Items/Armour/duskmage/dm_m_t2e_shoulders/dm_m_t2e_shoulders_bp.dm_m_t2e_shoulders_bp_C","/Game/Items/Armour/duskmage/dm_f_t2e_shoulders/dm_f_t2e_shoulders_bp.dm_f_t2e_shoulders_bp_C","None","None","None","None","None",""
T2_Generic2_Shoulders_DM,"/Game/Items/Armour/duskmage/dm_m_t2e_shoulders/dm_m_t2ea_shoulders_bp.dm_m_t2ea_shoulders_bp_C","/Game/Items/Armour/duskmage/dm_f_t2e_shoulders/dm_f_t2ea_shoulders_bp.dm_f_t2ea_shoulders_bp_C","None","None","None","None","None",""
T2_Generic_Shoulders_RM,"None","None","/Game/Items/Armour/railman/rm_m_t2d_shoulders/rm_m_t2d_shoulders_bp.rm_m_t2d_shoulders_bp_C","/Game/Items/Armour/railman/rm_f_t2d_shoulders/rm_f_t2d_shoulders_bp.rm_f_t2d_shoulders_bp_C","None","None","None",""
T2_Generic2_Shoulders_RM,"None","None","/Game/Items/Armour/railman/rm_m_t2d_shoulders/rm_m_t2da_shoulders_bp.rm_m_t2da_shoulders_bp_C","/Game/Items/Armour/railman/rm_f_t2d_shoulders/rm_f_t2da_shoulders_bp.rm_f_t2da_shoulders_bp_C","None","None","None",""
T2_Generic_Shoulders_FOR,"None","None","None","None","/Game/Items/Armour/forged/for_t2e_shoulders/for_t2e_shoulders_bp.for_t2e_shoulders_bp_C","None","None",""
T2_Generic2_Shoulders_FOR,"None","None","None","None","/Game/Items/Armour/forged/for_t2e_shoulders/for_t2ea_shoulders_bp.for_t2ea_shoulders_bp_C","None","None",""
T2_Generic3_Shoulders_FOR,"None","None","None","None","/Game/Items/Armour/forged/for_t2e_shoulders/for_t2eb_shoulders_bp.for_t2eb_shoulders_bp_C","None","None",""
T2_Universal_Helm_DM,"/Game/Items/Armour/duskmage/dm_m_t2f_helm/dm_m_t2f_helm_bp.dm_m_t2f_helm_bp_C","/Game/Items/Armour/duskmage/dm_f_t2f_helm/dm_f_t2f_helm_bp.dm_f_t2f_helm_bp_C","None","None","None","None","None",""
T2_Universal_Helm_RM,"None","None","/Game/Items/Armour/railman/rm_m_t2f_helm/rm_m_t2f_helm_bp.rm_m_t2f_helm_bp_C","/Game/Items/Armour/railman/rm_f_t2f_helm/rm_f_t2f_helm_bp.rm_f_t2f_helm_bp_C","None","None","None",""
T2_Universal_Helm_FOR,"None","None","None","None","/Game/Items/Armour/forged/for_t2f_helm/for_t2f_helm_bp.for_t2f_helm_bp_C","None","None",""
T2_Universal_Shoulders_DM,"/Game/Items/Armour/duskmage/dm_m_t2f_shoulders/dm_m_t2f_shoulders_bp.dm_m_t2f_shoulders_bp_C","/Game/Items/Armour/duskmage/dm_f_t2f_shoulders/dm_f_t2f_shoulders_bp.dm_f_t2f_shoulders_bp_C","None","None","None","None","None",""
T2_Universal2_Shoulders_DM,"/Game/Items/Armour/duskmage/dm_m_t2f_shoulders/dm_m_t2fa_shoulders_bp.dm_m_t2fa_shoulders_bp_C","/Game/Items/Armour/duskmage/dm_f_t2f_shoulders/dm_f_t2fa_shoulders_bp.dm_f_t2fa_shoulders_bp_C","None","None","None","None","None",""
T2_Universal_Shoulders_RM,"None","None","/Game/Items/Armour/railman/rm_m_t2f_shoulders/rm_m_t2f_shoulders_bp.rm_m_t2f_shoulders_bp_C","/Game/Items/Armour/railman/rm_f_t2f_shoulders/rm_f_t2f_shoulders_bp.rm_f_t2f_shoulders_bp_C","None","None","None",""
T2_Universal2_Shoulders_RM,"None","None","/Game/Items/Armour/railman/rm_m_t2f_shoulders/rm_m_t2fa_shoulders_bp.rm_m_t2fa_shoulders_bp_C","/Game/Items/Armour/railman/rm_f_t2f_shoulders/rm_f_t2fa_shoulders_bp.rm_f_t2fa_shoulders_bp_C","None","None","None",""
T2_Universal_Shoulders_FOR,"None","None","None","None","/Game/Items/Armour/forged/for_t2f_shoulders/for_t2f_shoulders_bp.for_t2f_shoulders_bp_C","None","None",""
T2_Universal2_Shoulders_FOR,"None","None","None","None","/Game/Items/Armour/forged/for_t2f_shoulders/for_t2fa_shoulders_bp.for_t2fa_shoulders_bp_C","None","None",""
T2_Global_Helm_DM,"/Game/Items/Armour/duskmage/dm_m_t2h_helm/dm_m_t2h_helm_bp.dm_m_t2h_helm_bp_C","/Game/Items/Armour/duskmage/dm_f_t2h_helm/dm_f_t2h_helm_bp.dm_f_t2h_helm_bp_C","None","None","None","None","None",""
T2_Global_Shoulders_DM,"/Game/Items/Armour/duskmage/dm_m_t2h_shoulders/dm_m_t2h_shoulders_bp.dm_m_t2h_shoulders_bp_C","/Game/Items/Armour/duskmage/dm_f_t2h_shoulders/dm_f_t2h_shoulders_bp.dm_f_t2h_shoulders_bp_C","None","None","None","None","None",""
T2_Global2_Shoulders_DM,"/Game/Items/Armour/duskmage/dm_m_t2h_shoulders/dm_m_t2ha_shoulders_bp.dm_m_t2ha_shoulders_bp_C","/Game/Items/Armour/duskmage/dm_f_t2h_shoulders/dm_f_t2ha_shoulders_bp.dm_f_t2ha_shoulders_bp_C","None","None","None","None","None",""
T2_Global_Helm_FOR,"None","None","None","None","/Game/Items/Armour/forged/for_t2h_helm/for_t2h_helm_bp.for_t2h_helm_bp_C","None","None",""
T2_Global_Shoulders_FOR,"None","None","None","None","/Game/Items/Armour/forged/for_t2h_shoulders/for_t2h_shoulders_bp.for_t2h_shoulders_bp_C","None","None",""
T2_Global2_Shoulders_FOR,"None","None","None","None","/Game/Items/Armour/forged/for_t2h_shoulders/for_t2ha_shoulders_bp.for_t2ha_shoulders_bp_C","None","None",""
T2_Global_Helm_RM,"None","None","/Game/Items/Armour/railman/rm_m_t2h_helm/rm_m_t2h_helm_bp.rm_m_t2h_helm_bp_C","/Game/Items/Armour/railman/rm_f_t2h_helm/rm_f_t2h_helm_bp.rm_f_t2h_helm_bp_C","None","None","None",""
T2_SoftHood_Helm,"/Game/Items/Armour/duskmage/dm_m_t2g_helm/dm_m_t2g_helm_bp.dm_m_t2g_helm_bp_C","/Game/Items/Armour/duskmage/dm_f_t2g_helm/dm_f_t2g_helm_bp.dm_f_t2g_helm_bp_C","/Game/Items/Armour/railman/rm_m_t2g_helm/rm_m_t2g_helm_bp.rm_m_t2g_helm_bp_C","/Game/Items/Armour/railman/rm_f_t2g_helm/rm_f_t2g_helm_bp.rm_f_t2g_helm_bp_C","/Game/Items/Armour/forged/for_t2g_helm/for_t2g_helm_bp.for_t2g_helm_bp_C","None","None",""
T2_Patchwork_Shoulders,"/Game/Items/Armour/duskmage/dm_m_t2g_shoulders/dm_m_t2g_shoulders_bp.dm_m_t2g_shoulders_bp_C","/Game/Items/Armour/duskmage/dm_f_t2g_shoulders/dm_f_t2g_shoulders_bp.dm_f_t2g_shoulders_bp_C","/Game/Items/Armour/railman/rm_m_t2g_shoulders/rm_m_t2g_shoulders_bp.rm_m_t2g_shoulders_bp_C","/Game/Items/Armour/railman/rm_f_t2g_shoulders/rm_f_t2g_shoulders_bp.rm_f_t2g_shoulders_bp_C","/Game/Items/Armour/forged/for_t2g_shoulders/for_t2g_shoulders_bp.for_t2g_shoulders_bp_C","None","None",""
T3_AncientAquatic_Boots,"/Game/Items/Armour/duskmage/dm_m_t2b_boots/dm_m_t2b_boots_bp.dm_m_t2b_boots_bp_C","/Game/Items/Armour/duskmage/dm_f_t2b_boots/dm_f_t2b_boots_bp.dm_f_t2b_boots_bp_C","/Game/Items/Armour/railman/rm_m_t2b_boots/rm_m_t2b_boots_bp.rm_m_t2b_boots_bp_C","/Game/Items/Armour/railman/rm_f_t2b_boots/rm_f_t2b_boots_bp.rm_f_t2b_boots_bp_C","None","/Game/Items/Armour/sharpshooter/ss_f_t3b_boots/ss_f_t3b_boots_bp.ss_f_t3b_boots_bp_C","/Game/Items/Armour/sharpshooter/ss_m_t3b_boots/ss_m_t3b_boots_bp.ss_m_t3b_boots_bp_C",""
T3_AncientAquatic_Chest,"/Game/Items/Armour/duskmage/dm_m_t2b_chest/dm_m_t2b_chest_bp.dm_m_t2b_chest_bp_C","/Game/Items/Armour/duskmage/dm_f_t2b_chest/dm_f_t2b_chest_bp.dm_f_t2b_chest_bp_C","/Game/Items/Armour/railman/rm_m_t2b_chest/rm_m_t2b_chest_bp.rm_m_t2b_chest_bp_C","/Game/Items/Armour/railman/rm_f_t2b_chest/rm_f_t2b_chest_bp.rm_f_t2b_chest_bp_C","/Game/Items/Armour/forged/for_t3b_chest/for_t3b_chest_bp.for_t3b_chest_bp_C","/Game/Items/Armour/sharpshooter/ss_f_t3b_chest/ss_f_t3b_chest_bp.ss_f_t3b_chest_bp_C","/Game/Items/Armour/sharpshooter/ss_m_t3b_chest/ss_m_t3b_chest_bp.ss_m_t3b_chest_bp_C",""
T3_AncientAquatic_Gloves,"/Game/Items/Armour/duskmage/dm_m_t2b_gloves/dm_m_t2b_gloves_bp.dm_m_t2b_gloves_bp_C","/Game/Items/Armour/duskmage/dm_f_t2b_gloves/dm_f_t2b_gloves_bp.dm_f_t2b_gloves_bp_C","/Game/Items/Armour/railman/rm_m_t2b_gloves/rm_m_t2b_gloves_bp.rm_m_t2b_gloves_bp_C","/Game/Items/Armour/railman/rm_f_t2b_gloves/rm_f_t2b_gloves_bp.rm_f_t2b_gloves_bp_C","/Game/Items/Armour/forged/for_t3b_gloves/for_t3b_gloves_bp.for_t3b_gloves_bp_C","/Game/Items/Armour/sharpshooter/ss_f_t3b_gloves/ss_f_t3b_gloves_bp.ss_f_t3b_gloves_bp_C","/Game/Items/Armour/sharpshooter/ss_m_t3b_gloves/ss_m_t3b_gloves_bp.ss_m_t3b_gloves_bp_C",""
T3_AncientAquatic_Hatch,"None","None","None","None","/Game/Items/Armour/forged/for_t3b_hatch/for_t3b_hatch_bp.for_t3b_hatch_bp_C","None","None",""
T3_AncientAquatic_Helm,"None","None","/Game/Items/Armour/railman/rm_m_t2b_helm/rm_m_t2b_helm_bp.rm_m_t2b_helm_bp_C","/Game/Items/Armour/railman/rm_f_t2b_helm/rm_f_t2b_helm_bp.rm_f_t2b_helm_bp_C","/Game/Items/Armour/forged/for_t3b_helm/for_t3b_helm_bp.for_t3b_helm_bp_C","/Game/Items/Armour/sharpshooter/ss_f_t3b_helm/ss_f_t3b_helm_bp.ss_f_t3b_helm_bp_C","/Game/Items/Armour/sharpshooter/ss_m_t3b_gloves/ss_m_t3b_gloves_bp.ss_m_t3b_gloves_bp_C",""
T3_AncientAquatic_Locomotion,"None","None","None","None","/Game/Items/Armour/forged/for_t3b_locomotion/for_t3b_locomotion_bp.for_t3b_locomotion_bp_C","None","None",""
T3_AncientAquatic_Pants,"/Game/Items/Armour/duskmage/dm_m_t2b_pants/dm_m_t2b_pants_bp.dm_m_t2b_pants_bp_C","/Game/Items/Armour/duskmage/dm_f_t2b_pants/dm_f_t2b_pants_bp.dm_f_t2b_pants_bp_C","/Game/Items/Armour/railman/rm_m_t2b_pants/rm_m_t2b_pants_bp.rm_m_t2b_pants_bp_C","/Game/Items/Armour/railman/rm_f_t2b_pants/rm_f_t2b_pants_bp.rm_f_t2b_pants_bp_C","None","/Game/Items/Armour/sharpshooter/ss_f_t3b_pants/ss_f_t3b_pants_bp.ss_f_t3b_pants_bp_C","/Game/Items/Armour/sharpshooter/ss_m_t3b_pants/ss_m_t3b_pants_bp.ss_m_t3b_pants_bp_C",""
T3_AncientAquatic_Shoulders,"/Game/Items/Armour/duskmage/dm_m_t2b_shoulders/dm_m_t2b_shoulders_bp.dm_m_t2b_shoulders_bp_C","/Game/Items/Armour/duskmage/dm_f_t2b_shoulders/dm_f_t2b_shoulders_bp.dm_f_t2b_shoulders_bp_C","/Game/Items/Armour/railman/rm_m_t2b_shoulders/rm_m_t2b_shoulders_bp.rm_m_t2b_shoulders_bp_C","/Game/Items/Armour/railman/rm_f_t2b_shoulders/rm_f_t2b_shoulders_bp.rm_f_t2b_shoulders_bp_C","/Game/Items/Armour/forged/for_t3b_shoulders/for_t3b_shoulders_bp.for_t3b_shoulders_bp_C","/Game/Items/Armour/sharpshooter/ss_f_t3b_shoulders/ss_f_t3b_shoulders_bp.ss_f_t3b_shoulders_bp_C","/Game/Items/Armour/sharpshooter/ss_m_t3b_shoulders/ss_m_t3b_shoulders_bp.ss_m_t3b_shoulders_bp_C",""
T3_Iconic_Boots,"/Game/Items/Armour/duskmage/dm_m_t3d_boots/dm_m_t3d_boots_bp.dm_m_t3d_boots_bp_C","/Game/Items/Armour/duskmage/dm_f_t3d_boots/dm_f_t3d_boots_bp.dm_f_t3d_boots_bp_C","/Game/Items/Armour/railman/rm_m_t3c_boots/rm_m_t3c_boots_bp.rm_m_t3c_boots_bp_C","/Game/Items/Armour/railman/rm_f_t3c_boots/rm_f_t3c_boots_bp.rm_f_t3c_boots_bp_C","None","None","None",""
T3_Iconic_Chest,"/Game/Items/Armour/duskmage/dm_m_t3d_chest/dm_m_t3d_chest_bp.dm_m_t3d_chest_bp_C","/Game/Items/Armour/duskmage/dm_f_t3d_chest/dm_f_t3d_chest_bp.dm_f_t3d_chest_bp_C","/Game/Items/Armour/railman/rm_m_t3c_chest/rm_m_t3c_chest_bp.rm_m_t3c_chest_bp_C","/Game/Items/Armour/railman/rm_f_t3c_chest/rm_f_t3c_chest_bp.rm_f_t3c_chest_bp_C","/Game/Items/Armour/forged/for_t3c_chest/for_t3c_chest_bp.for_t3c_chest_bp_C","None","None",""
T3_Iconic_Gloves,"/Game/Items/Armour/duskmage/dm_m_t3d_gloves/dm_m_t3d_gloves_bp.dm_m_t3d_gloves_bp_C","/Game/Items/Armour/duskmage/dm_f_t3d_gloves/dm_f_t3d_gloves_bp.dm_f_t3d_gloves_bp_C","/Game/Items/Armour/railman/rm_m_t3c_gloves/rm_m_t3c_gloves_bp.rm_m_t3c_gloves_bp_C","/Game/Items/Armour/railman/rm_f_t3c_gloves/rm_f_t3c_gloves_bp.rm_f_t3c_gloves_bp_C","/Game/Items/Armour/forged/for_t3c_gloves/for_t3c_gloves_bp.for_t3c_gloves_bp_C","None","None",""
T3_Iconic_Hatch,"None","None","None","None","/Game/Items/Armour/forged/for_t3c_hatch/for_t3c_hatch_bp.for_t3c_hatch_bp_C","None","None",""
T3_Iconic_Helm,"/Game/Items/Armour/duskmage/dm_m_t3d_helm/dm_m_t3d_helm_bp.dm_m_t3d_helm_bp_C","/Game/Items/Armour/duskmage/dm_f_t3d_helm/dm_f_t3d_helm_bp.dm_f_t3d_helm_bp_C","/Game/Items/Armour/railman/rm_m_t3c_helm/rm_m_t3c_helm_bp.rm_m_t3c_helm_bp_C","/Game/Items/Armour/railman/rm_f_t3c_helm/rm_f_t3c_helm_bp.rm_f_t3c_helm_bp_C","/Game/Items/Armour/forged/for_t3c_helm/for_t3c_helm_bp.for_t3c_helm_bp_C","None","None",""
T3_Iconic_Locomotion,"None","None","None","None","/Game/Items/Armour/forged/for_t2a_locomotion/for_t2a_locomotion_bp.for_t2a_locomotion_bp_C","None","None",""
T3_Iconic_LocomotionTank,"None","None","None","None","/Game/Items/Armour/forged/for_t3c_locomotion/for_t3c_locomotion_bp.for_t3c_locomotion_bp_C","None","None",""
T3_Iconic_Pants,"/Game/Items/Armour/duskmage/dm_m_t3d_pants/dm_m_t3d_pants_bp.dm_m_t3d_pants_bp_C","/Game/Items/Armour/duskmage/dm_f_t3d_pants/dm_f_t3d_pants_bp.dm_f_t3d_pants_bp_C","/Game/Items/Armour/railman/rm_m_t3c_pants/rm_m_t3c_pants_bp.rm_m_t3c_pants_bp_C","/Game/Items/Armour/railman/rm_f_t3c_pants/rm_f_t3c_pants_bp.rm_f_t3c_pants_bp_C","None","None","None",""
T3_Iconic_Shoulders,"/Game/Items/Armour/duskmage/dm_m_t3d_shoulders/dm_m_t3d_shoulders_bp.dm_m_t3d_shoulders_bp_C","/Game/Items/Armour/duskmage/dm_f_t3d_shoulders/dm_f_t3d_shoulders_bp.dm_f_t3d_shoulders_bp_C","/Game/Items/Armour/railman/rm_m_t3c_shoulders/rm_m_t3c_shoulders_bp.rm_m_t3c_shoulders_bp_C","/Game/Items/Armour/railman/rm_f_t3c_shoulders/rm_f_t3c_shoulders_bp.rm_f_t3c_shoulders_bp_C","/Game/Items/Armour/forged/for_t3c_shoulders/for_t3c_shoulders_bp.for_t3c_shoulders_bp_C","None","None",""
T3_Iconic2_Shoulders,"/Game/Items/Armour/duskmage/dm_m_t3d_shoulders/dm_m_t3d_shoulders_bp.dm_m_t3d_shoulders_bp_C","/Game/Items/Armour/duskmage/dm_f_t3d_shoulders/dm_f_t3d_shoulders_bp.dm_f_t3d_shoulders_bp_C","/Game/Items/Armour/railman/rm_m_t3c_shoulders/rm_m_t3ca_shoulders_bp.rm_m_t3ca_shoulders_bp_C","/Game/Items/Armour/railman/rm_f_t3c_shoulders/rm_f_t3ca_shoulders_bp.rm_f_t3ca_shoulders_bp_C","/Game/Items/Armour/forged/for_t3c_shoulders/for_t3c_shoulders_bp.for_t3c_shoulders_bp_C","/Game/Items/Armour/sharpshooter/ss_f_t3a_shoulders/ss_f_t3a_shoulders_bp.ss_f_t3a_shoulders_bp_C","/Game/Items/Armour/sharpshooter/ss_m_t3a_shoulders/ss_m_t3a_shoulders_bp.ss_m_t3a_shoulders_bp_C",""
T3_Iconic3_Shoulders,"/Game/Items/Armour/duskmage/dm_m_t3d_shoulders/dm_m_t3d_shoulders_bp.dm_m_t3d_shoulders_bp_C","/Game/Items/Armour/duskmage/dm_f_t3d_shoulders/dm_f_t3d_shoulders_bp.dm_f_t3d_shoulders_bp_C","/Game/Items/Armour/railman/rm_m_t3c_shoulders/rm_m_t3cb_shoulders_bp.rm_m_t3cb_shoulders_bp_C","/Game/Items/Armour/railman/rm_f_t3c_shoulders/rm_f_t3cb_shoulders_bp.rm_f_t3cb_shoulders_bp_C","/Game/Items/Armour/forged/for_t3c_shoulders/for_t3c_shoulders_bp.for_t3c_shoulders_bp_C","/Game/Items/Armour/sharpshooter/ss_f_t3a_shoulders/ss_f_t3a_shoulders_bp.ss_f_t3a_shoulders_bp_C","/Game/Items/Armour/sharpshooter/ss_m_t3a_shoulders/ss_m_t3a_shoulders_bp.ss_m_t3a_shoulders_bp_C",""
T3_Vespid_Boots,"/Game/Items/Armour/duskmage/dm_m_t3b_boots/dm_m_t3b_boots_bp.dm_m_t3b_boots_bp_C","/Game/Items/Armour/duskmage/dm_f_t3b_boots/dm_f_t3b_boots_bp.dm_f_t3b_boots_bp_C","/Game/Items/Armour/railman/rm_m_t3a_boots/rm_m_t3a_boots_bp.rm_m_t3a_boots_bp_C","/Game/Items/Armour/railman/rm_f_t3a_boots/rm_f_t3a_boots_bp.rm_f_t3a_boots_bp_C","None","None","None",""
T3_Vespid_Chest,"/Game/Items/Armour/duskmage/dm_m_t3b_chest/dm_m_t3b_chest_bp.dm_m_t3b_chest_bp_C","/Game/Items/Armour/duskmage/dm_f_t3b_chest/dm_f_t3b_chest_bp.dm_f_t3b_chest_bp_C","/Game/Items/Armour/railman/rm_m_t3a_chest/rm_m_t3a_chest_bp.rm_m_t3a_chest_bp_C","/Game/Items/Armour/railman/rm_f_t3a_chest/rm_f_t3a_chest_bp.rm_f_t3a_chest_bp_C","/Game/Items/Armour/forged/for_t3a_chest/for_t3a_chest_bp.for_t3a_chest_bp_C","None","None",""
T3_Vespid_Gloves,"/Game/Items/Armour/duskmage/dm_m_t3b_gloves/dm_m_t3b_gloves_bp.dm_m_t3b_gloves_bp_C","/Game/Items/Armour/duskmage/dm_f_t3b_gloves/dm_f_t3b_gloves_bp.dm_f_t3b_gloves_bp_C","/Game/Items/Armour/railman/rm_m_t3a_gloves/rm_m_t3a_gloves_bp.rm_m_t3a_gloves_bp_C","/Game/Items/Armour/railman/rm_f_t3a_gloves/rm_f_t3a_gloves_bp.rm_f_t3a_gloves_bp_C","/Game/Items/Armour/forged/for_t3a_gloves/for_t3a_gloves_bp.for_t3a_gloves_bp_C","None","None",""
T3_Vespid_Hatch,"None","None","None","None","/Game/Items/Armour/forged/for_t3a_hatch/for_t3a_hatch_bp.for_t3a_hatch_bp_C","None","None",""
T3_Vespid_Helm,"/Game/Items/Armour/duskmage/dm_m_t3b_helm/dm_m_t3b_helm_bp.dm_m_t3b_helm_bp_C","/Game/Items/Armour/duskmage/dm_f_t3b_helm/dm_f_t3b_helm_bp.dm_f_t3b_helm_bp_C","/Game/Items/Armour/railman/rm_m_t3a_helm/rm_m_t3a_helm_bp.rm_m_t3a_helm_bp_C","/Game/Items/Armour/railman/rm_f_t3a_helm/rm_f_t3a_helm_bp.rm_f_t3a_helm_bp_C","/Game/Items/Armour/forged/for_t3a_helm/for_t3a_helm_bp.for_t3a_helm_bp_C","None","None",""
T3_Vespid_Locomotion,"None","None","None","None","/Game/Items/Armour/forged/for_t2a_locomotion/for_t2a_locomotion_bp.for_t2a_locomotion_bp_C","None","None",""
T3_Vespid_Pants,"/Game/Items/Armour/duskmage/dm_m_t3b_pants/dm_m_t3b_pants_bp.dm_m_t3b_pants_bp_C","/Game/Items/Armour/duskmage/dm_f_t3b_pants/dm_f_t3b_pants_bp.dm_f_t3b_pants_bp_C","/Game/Items/Armour/railman/rm_m_t3a_pants/rm_m_t3a_pants_bp.rm_m_t3a_pants_bp_C","/Game/Items/Armour/railman/rm_f_t3a_pants/rm_f_t3a_pants_bp.rm_f_t3a_pants_bp_C","None","None","None",""
T3_Vespid_Shoulders,"/Game/Items/Armour/duskmage/dm_m_t3b_shoulders/dm_m_t3b_shoulders_bp.dm_m_t3b_shoulders_bp_C","/Game/Items/Armour/duskmage/dm_f_t3b_shoulders/dm_f_t3b_shoulders_bp.dm_f_t3b_shoulders_bp_C","/Game/Items/Armour/railman/rm_m_t3a_shoulders/rm_m_t3a_shoulders_bp.rm_m_t3a_shoulders_bp_C","/Game/Items/Armour/railman/rm_f_t3a_shoulders/rm_f_t3a_shoulders_bp.rm_f_t3a_shoulders_bp_C","/Game/Items/Armour/forged/for_t3a_shoulders/for_t3a_shoulders_bp.for_t3a_shoulders_bp_C","None","None",""
T3_Vespid2_Shoulders,"/Game/Items/Armour/duskmage/dm_m_t3b_shoulders/dm_m_t3b_shoulders_bp.dm_m_t3b_shoulders_bp_C","/Game/Items/Armour/duskmage/dm_f_t3b_shoulders/dm_f_t3b_shoulders_bp.dm_f_t3b_shoulders_bp_C","/Game/Items/Armour/railman/rm_m_t3a_shoulders/rm_m_t3aa_shoulders_bp.rm_m_t3aa_shoulders_bp_C","/Game/Items/Armour/railman/rm_f_t3a_shoulders/rm_f_t3aa_shoulders_bp.rm_f_t3aa_shoulders_bp_C","/Game/Items/Armour/forged/for_t3a_shoulders/for_t3a_shoulders_bp.for_t3a_shoulders_bp_C","None","None",""
T3_Vespid3_Shoulders,"/Game/Items/Armour/duskmage/dm_m_t3b_shoulders/dm_m_t3b_shoulders_bp.dm_m_t3b_shoulders_bp_C","/Game/Items/Armour/duskmage/dm_f_t3b_shoulders/dm_f_t3b_shoulders_bp.dm_f_t3b_shoulders_bp_C","/Game/Items/Armour/railman/rm_m_t3a_shoulders/rm_m_t3ab_shoulders_bp.rm_m_t3ab_shoulders_bp_C","/Game/Items/Armour/railman/rm_f_t3a_shoulders/rm_f_t3ab_shoulders_bp.rm_f_t3ab_shoulders_bp_C","/Game/Items/Armour/forged/for_t3a_shoulders/for_t3a_shoulders_bp.for_t3a_shoulders_bp_C","None","None",""
T3_Basic_Helm_DM,"/Game/Items/Armour/duskmage/dm_m_t3e_helm/dm_m_t3e_helm_bp.dm_m_t3e_helm_bp_C","/Game/Items/Armour/duskmage/dm_f_t3e_helm/dm_f_t3e_helm_bp.dm_f_t3e_helm_bp_C","None","None","None","None","None",""
T3_Basic_Helm_RM,"None","None","/Game/Items/Armour/railman/rm_m_t3d_helm/rm_m_t3d_helm_bp.rm_m_t3d_helm_bp_C","/Game/Items/Armour/railman/rm_f_t3d_helm/rm_f_t3d_helm_bp.rm_f_t3d_helm_bp_C","None","None","None",""
T3_Basic_Helm_FOR,"None","None","None","None","/Game/Items/Armour/forged/for_t3d_helm/for_t3d_helm_bp.for_t3d_helm_bp_C","None","None",""
T3_Basic_Shoulders_DM,"/Game/Items/Armour/duskmage/dm_m_t3e_shoulders/dm_m_t3e_shoulders_bp.dm_m_t3e_shoulders_bp_C","/Game/Items/Armour/duskmage/dm_f_t3e_shoulders/dm_f_t3e_shoulders_bp.dm_f_t3e_shoulders_bp_C","None","None","None","None","None",""
T3_Basic2_Shoulders_DM,"/Game/Items/Armour/duskmage/dm_m_t3e_shoulders/dm_m_t3ea_shoulders_bp.dm_m_t3ea_shoulders_bp_C","/Game/Items/Armour/duskmage/dm_f_t3e_shoulders/dm_f_t3ea_shoulders_bp.dm_f_t3ea_shoulders_bp_C","None","None","None","None","None",""
T3_Basic_Shoulders_RM,"None","None","/Game/Items/Armour/railman/rm_m_t3d_shoulders/rm_m_t3d_shoulders_bp.rm_m_t3d_shoulders_bp_C","/Game/Items/Armour/railman/rm_f_t3d_shoulders/rm_f_t3d_shoulders_bp.rm_f_t3d_shoulders_bp_C","None","None","None",""
T3_Basic2_Shoulders_RM,"None","None","/Game/Items/Armour/railman/rm_m_t3d_shoulders/rm_m_t3da_shoulders_bp.rm_m_t3da_shoulders_bp_C","/Game/Items/Armour/railman/rm_f_t3d_shoulders/rm_f_t3da_shoulders_bp.rm_f_t3da_shoulders_bp_C","None","None","None",""
T3_Basic_Shoulders_FOR,"None","None","None","None","/Game/Items/Armour/forged/for_t3d_shoulders/for_t3d_shoulders_bp.for_t3d_shoulders_bp_C","None","None",""
T3_Basic2_Shoulders_FOR,"None","None","None","None","/Game/Items/Armour/forged/for_t3d_shoulders/for_t3da_shoulders_bp.for_t3da_shoulders_bp_C","None","None",""
T3_Generic_Helm_DM,"/Game/Items/Armour/duskmage/dm_m_t3f_helm/dm_m_t3f_helm_bp.dm_m_t3f_helm_bp_C","/Game/Items/Armour/duskmage/dm_f_t3f_helm/dm_f_t3f_helm_bp.dm_f_t3f_helm_bp_C","None","None","None","None","None",""
T3_Generic_Helm_RM,"None","None","/Game/Items/Armour/railman/rm_m_t3f_helm/rm_m_t3f_helm_bp.rm_m_t3f_helm_bp_C","/Game/Items/Armour/railman/rm_f_t3f_helm/rm_f_t3f_helm_bp.rm_f_t3f_helm_bp_C","None","None","None",""
T3_Generic_Helm_FOR,"None","None","None","None","/Game/Items/Armour/forged/for_t3f_helm/for_t3f_helm_bp.for_t3f_helm_bp_C","None","None",""
T3_Generic_Shoulders_DM,"/Game/Items/Armour/duskmage/dm_m_t3f_shoulders/dm_m_t3f_shoulders_bp.dm_m_t3f_shoulders_bp_C","/Game/Items/Armour/duskmage/dm_f_t3f_shoulders/dm_f_t3f_shoulders_bp.dm_f_t3f_shoulders_bp_C","None","None","None","None","None",""
T3_Generic2_Shoulders_DM,"/Game/Items/Armour/duskmage/dm_m_t3f_shoulders/dm_m_t3fa_shoulders_bp.dm_m_t3fa_shoulders_bp_C","/Game/Items/Armour/duskmage/dm_f_t3f_shoulders/dm_f_t3fa_shoulders_bp.dm_f_t3fa_shoulders_bp_C","None","None","None","None","None",""
T3_Generic_Shoulders_RM,"None","None","/Game/Items/Armour/railman/rm_m_t3f_shoulders/rm_m_t3f_shoulders_bp.rm_m_t3f_shoulders_bp_C","/Game/Items/Armour/railman/rm_f_t3f_shoulders/rm_f_t3f_shoulders_bp.rm_f_t3f_shoulders_bp_C","None","None","None",""
T3_Generic2_Shoulders_RM,"None","None","/Game/Items/Armour/railman/rm_m_t3f_shoulders/rm_m_t3fa_shoulders_bp.rm_m_t3fa_shoulders_bp_C","/Game/Items/Armour/railman/rm_f_t3f_shoulders/rm_f_t3fa_shoulders_bp.rm_f_t3fa_shoulders_bp_C","None","None","None",""
T3_Generic_Shoulders_FOR,"None","None","None","None","/Game/Items/Armour/forged/for_t3f_shoulders/for_t3f_shoulders_bp.for_t3f_shoulders_bp_C","None","None",""
T3_Generic2_Shoulders_FOR,"None","None","None","None","/Game/Items/Armour/forged/for_t3f_shoulders/for_t3fa_shoulders_bp.for_t3fa_shoulders_bp_C","None","None",""
T3_Generic3_Shoulders_FOR,"None","None","None","None","/Game/Items/Armour/forged/for_t3f_shoulders/for_t3fb_shoulders_bp.for_t3fb_shoulders_bp_C","None","None",""
T3_Universal_Helm_DM,"/Game/Items/Armour/duskmage/dm_m_t3g_helm/dm_m_t3g_helm_bp.dm_m_t3g_helm_bp_C","/Game/Items/Armour/duskmage/dm_f_t3g_helm/dm_f_t3g_helm_bp.dm_f_t3g_helm_bp_C","None","None","None","None","None",""
T3_Universal_Helm_RM,"None","None","/Game/Items/Armour/railman/rm_m_t3g_helm/rm_m_t3g_helm_bp.rm_m_t3g_helm_bp_C","/Game/Items/Armour/railman/rm_f_t3g_helm/rm_f_t3g_helm_bp.rm_f_t3g_helm_bp_C","None","None","None",""
T3_Universal_Helm_FOR,"None","None","None","None","/Game/Items/Armour/forged/for_t3g_helm/for_t3g_helm_bp.for_t3g_helm_bp_C","None","None",""
T3_Universal_Shoulders_DM,"/Game/Items/Armour/duskmage/dm_m_t3g_shoulders/dm_m_t3g_shoulders_bp.dm_m_t3g_shoulders_bp_C","/Game/Items/Armour/duskmage/dm_f_t3g_shoulders/dm_f_t3g_shoulders_bp.dm_f_t3g_shoulders_bp_C","None","None","None","None","None",""
T3_Universal2_Shoulders_DM,"/Game/Items/Armour/duskmage/dm_m_t3g_shoulders/dm_m_t3ga_shoulders_bp.dm_m_t3ga_shoulders_bp_C","/Game/Items/Armour/duskmage/dm_f_t3g_shoulders/dm_f_t3ga_shoulders_bp.dm_f_t3ga_shoulders_bp_C","None","None","None","None","None",""
T3_Universal_Shoulders_RM,"None","None","/Game/Items/Armour/railman/rm_m_t3g_shoulders/rm_m_t3g_shoulders_bp.rm_m_t3g_shoulders_bp_C","/Game/Items/Armour/railman/rm_f_t3g_shoulders/rm_f_t3g_shoulders_bp.rm_f_t3g_shoulders_bp_C","None","None","None",""
T3_Universal2_Shoulders_RM,"None","None","/Game/Items/Armour/railman/rm_m_t3g_shoulders/rm_m_t3ga_shoulders_bp.rm_m_t3ga_shoulders_bp_C","/Game/Items/Armour/railman/rm_f_t3g_shoulders/rm_f_t3ga_shoulders_bp.rm_f_t3ga_shoulders_bp_C","None","None","None",""
T3_Universal_Shoulders_FOR,"None","None","None","None","/Game/Items/Armour/forged/for_t3g_shoulders/for_t3g_shoulders_bp.for_t3g_shoulders_bp_C","None","None",""
T3_Universal2_Shoulders_FOR,"None","None","None","None","/Game/Items/Armour/forged/for_t3g_shoulders/for_t3ga_shoulders_bp.for_t3ga_shoulders_bp_C","None","None",""
T3_MixNMatch_Shoulders,"/Game/Items/Armour/duskmage/dm_m_t3i_shoulders/dm_m_t3i_shoulders_bp.dm_m_t3i_shoulders_bp_C","/Game/Items/Armour/duskmage/dm_f_t3i_shoulders/dm_f_t3i_shoulders_bp.dm_f_t3i_shoulders_bp_C","/Game/Items/Armour/railman/rm_m_t3i_shoulders/rm_m_t3i_shoulders_bp.rm_m_t3i_shoulders_bp_C","/Game/Items/Armour/railman/rm_f_t3i_shoulders/rm_f_t3i_shoulders_bp.rm_f_t3i_shoulders_bp_C","/Game/Items/Armour/forged/for_t3i_shoulders/for_t3i_shoulders_bp.for_t3i_shoulders_bp_C","None","None",""
T3_Patchwork_Shoulders_RM,"None","None","/Game/Items/Armour/railman/rm_m_t2h_shoulders/rm_m_t2h_shoulders_bp.rm_m_t2h_shoulders_bp_C","/Game/Items/Armour/railman/rm_f_t2h_shoulders/rm_f_t2h_shoulders_bp.rm_f_t2h_shoulders_bp_C","None","None","None",""
T3_BeakHood_Helm_DM,"/Game/Items/Armour/duskmage/dm_m_t3i_helm/dm_m_t3i_helm_bp.dm_m_t3i_helm_bp_C","/Game/Items/Armour/duskmage/dm_f_t3i_helm/dm_f_t3i_helm_bp.dm_f_t3i_helm_bp_C","None","None","None","None","None",""
T3_PipeLight_Helm_FOR,"None","None","None","None","/Game/Items/Armour/forged/for_t3i_helm/for_t3i_helm_bp.for_t3i_helm_bp_C","None","None",""
T3_HornedSteel_Helm_RM,"None","None","/Game/Items/Armour/railman/rm_m_t3i_helm/rm_m_t3i_helm_bp.rm_m_t3i_helm_bp_C","/Game/Items/Armour/railman/rm_f_t3i_helm/rm_f_t3i_helm_bp.rm_f_t3i_helm_bp_C","None","None","None",""
T4_Voltura_Boots_DM,"/Game/Items/Armour/duskmage/dm_m_t4b_boots/dm_m_t4b_boots_bp.dm_m_t4b_boots_bp_C","/Game/Items/Armour/duskmage/dm_f_t4b_boots/dm_f_t4b_boots_bp.dm_f_t4b_boots_bp_C","None","None","None","None","None",""
T4_Voltura_Chest_DM,"/Game/Items/Armour/duskmage/dm_m_t4b_chest/dm_m_t4b_chest_bp.dm_m_t4b_chest_bp_C","/Game/Items/Armour/duskmage/dm_f_t4b_chest/dm_f_t4b_chest_bp.dm_f_t4b_chest_bp_C","None","None","None","None","None",""
T4_Voltura_Gloves_DM,"/Game/Items/Armour/duskmage/dm_m_t4b_gloves/dm_m_t4b_gloves_bp.dm_m_t4b_gloves_bp_C","/Game/Items/Armour/duskmage/dm_f_t4b_gloves/dm_f_t4b_gloves_bp.dm_f_t4b_gloves_bp_C","None","None","None","None","None",""
T4_Voltura_Helm_DM,"/Game/Items/Armour/duskmage/dm_m_t4b_helm/dm_m_t4b_helm_bp.dm_m_t4b_helm_bp_C","/Game/Items/Armour/duskmage/dm_f_t4b_helm/dm_f_t4b_helm_bp.dm_f_t4b_helm_bp_C","None","None","None","None","None",""
T4_Voltura_Pants_DM,"/Game/Items/Armour/duskmage/dm_m_t4b_pants/dm_m_t4b_pants_bp.dm_m_t4b_pants_bp_C","/Game/Items/Armour/duskmage/dm_f_t4b_pants/dm_f_t4b_pants_bp.dm_f_t4b_pants_bp_C","None","None","None","None","None",""
T4_Voltura_Shoulders_DM,"/Game/Items/Armour/duskmage/dm_m_t4b_shoulders/dm_m_t4b_shoulders_bp.dm_m_t4b_shoulders_bp_C","/Game/Items/Armour/duskmage/dm_f_t4b_shoulders/dm_f_t4b_shoulders_bp.dm_f_t4b_shoulders_bp_C","None","None","None","None","None",""
T4_Voltura_Chest_FOR,"None","None","None","None","/Game/Items/Armour/forged/for_t4f_chest/for_t4f_chest_bp.for_t4f_chest_bp_C","None","None",""
T4_Voltura_Gloves_FOR,"None","None","None","None","/Game/Items/Armour/forged/for_t4f_gloves/for_t4f_gloves_bp.for_t4f_gloves_bp_C","None","None",""
T4_Voltura_Hatch_FOR,"None","None","None","None","/Game/Items/Armour/forged/for_t4f_hatch/for_t4f_hatch_bp.for_t4f_hatch_bp_C","None","None",""
T4_Voltura_Helm_FOR,"None","None","None","None","/Game/Items/Armour/forged/for_t4f_helm/for_t4f_helm_bp.for_t4f_helm_bp_C","None","None",""
T4_Voltura_Locomotion_FOR,"None","None","None","None","/Game/Items/Armour/forged/for_t4f_locomotion/for_t4f_locomotion_bp.for_t4f_locomotion_bp_C","None","None",""
T4_Voltura_Shoulders_FOR,"None","None","None","None","/Game/Items/Armour/forged/for_t4f_shoulders/for_t4f_shoulders_bp.for_t4f_shoulders_bp_C","None","None",""
T4_Voltura_Boots_RM,"None","None","/Game/Items/Armour/railman/rm_m_t4a_boots/rm_m_t4a_boots_bp.rm_m_t4a_boots_bp_C","/Game/Items/Armour/railman/rm_f_t4a_boots/rm_f_t4a_boots_bp.rm_f_t4a_boots_bp_C","None","None","None",""
T4_Voltura_Chest_RM,"None","None","/Game/Items/Armour/railman/rm_m_t4a_chest/rm_m_t4a_chest_bp.rm_m_t4a_chest_bp_C","/Game/Items/Armour/railman/rm_f_t4a_chest/rm_f_t4a_chest_bp.rm_f_t4a_chest_bp_C","None","None","None",""
T4_Voltura_Gloves_RM,"None","None","/Game/Items/Armour/railman/rm_m_t4a_gloves/rm_m_t4a_gloves_bp.rm_m_t4a_gloves_bp_C","/Game/Items/Armour/railman/rm_f_t4a_gloves/rm_f_t4a_gloves_bp.rm_f_t4a_gloves_bp_C","None","None","None",""
T4_Voltura_Helm_RM,"None","None","/Game/Items/Armour/railman/rm_m_t4a_helm/rm_m_t4a_helm_bp.rm_m_t4a_helm_bp_C","/Game/Items/Armour/railman/rm_f_t4a_helm/rm_f_t4a_helm_bp.rm_f_t4a_helm_bp_C","None","None","None",""
T4_Voltura_Pants_RM,"None","None","/Game/Items/Armour/railman/rm_m_t4a_pants/rm_m_t4a_pants_bp.rm_m_t4a_pants_bp_C","/Game/Items/Armour/railman/rm_f_t4a_pants/rm_f_t4a_pants_bp.rm_f_t4a_pants_bp_C","None","None","None",""
T4_Voltura_Shoulders_RM,"None","None","/Game/Items/Armour/railman/rm_m_t4a_shoulders/rm_m_t4a_shoulders_bp.rm_m_t4a_shoulders_bp_C","/Game/Items/Armour/railman/rm_f_t4a_shoulders/rm_f_t4a_shoulders_bp.rm_f_t4a_shoulders_bp_C","None","None","None",""
T4_Voltura_Boots_SS,"None","None","None","None","None","/Game/Items/Armour/sharpshooter/ss_f_t4a_boots/ss_f_t4a_boots_bp.ss_f_t4a_boots_bp_C","/Game/Items/Armour/sharpshooter/ss_m_t4a_boots/ss_m_t4a_boots_bp.ss_m_t4a_boots_bp_C",""
T4_Voltura_Chest_SS,"None","None","None","None","None","/Game/Items/Armour/sharpshooter/ss_f_t4a_chest/ss_f_t4a_chest_bp.ss_f_t4a_chest_bp_C","/Game/Items/Armour/sharpshooter/ss_m_t4a_chest/ss_m_t4a_chest_bp.ss_m_t4a_chest_bp_C",""
T4_Voltura_Gloves_SS,"None","None","None","None","None","/Game/Items/Armour/sharpshooter/ss_f_t4a_gloves/ss_f_t4a_gloves_bp.ss_f_t4a_gloves_bp_C","/Game/Items/Armour/sharpshooter/ss_m_t4a_gloves/ss_m_t4a_gloves_bp.ss_m_t4a_gloves_bp_C",""
T4_Voltura_Helm_SS,"None","None","None","None","None","/Game/Items/Armour/sharpshooter/ss_f_t4a_helm/ss_f_t4a_helm_bp.ss_f_t4a_helm_bp_C","/Game/Items/Armour/sharpshooter/ss_m_t4a_helm/ss_m_t4a_helm_bp.ss_m_t4a_helm_bp_C",""
T4_Voltura_Pants_SS,"None","None","None","None","None","/Game/Items/Armour/sharpshooter/ss_f_t4a_pants/ss_f_t4a_pants_bp.ss_f_t4a_pants_bp_C","/Game/Items/Armour/sharpshooter/ss_m_t4a_pants/ss_m_t4a_pants_bp.ss_m_t4a_pants_bp_C",""
T4_Voltura_Shoulders_SS,"None","None","None","None","None","/Game/Items/Armour/sharpshooter/ss_f_t4a_shoulders/ss_f_t4a_shoulders_bp.ss_f_t4a_shoulders_bp_C","/Game/Items/Armour/sharpshooter/ss_m_t4a_shoulders/ss_m_t4a_shoulders_bp.ss_m_t4a_shoulders_bp_C",""
T4_Forest_Boots_DM,"/Game/Items/Armour/duskmage/dm_m_t4c_boots/dm_m_t4c_boots_bp.dm_m_t4c_boots_bp_C","/Game/Items/Armour/duskmage/dm_f_t4c_boots/dm_f_t4c_boots_bp.dm_f_t4c_boots_bp_C","None","None","None","None","None",""
T4_Forest_Chest_DM,"/Game/Items/Armour/duskmage/dm_m_t4c_chest/dm_m_t4c_chest_bp.dm_m_t4c_chest_bp_C","/Game/Items/Armour/duskmage/dm_f_t4c_chest/dm_f_t4c_chest_bp.dm_f_t4c_chest_bp_C","None","None","None","None","None",""
T4_Forest_Gloves_DM,"/Game/Items/Armour/duskmage/dm_m_t4c_gloves/dm_m_t4c_gloves_bp.dm_m_t4c_gloves_bp_C","/Game/Items/Armour/duskmage/dm_f_t4c_gloves/dm_f_t4c_gloves_bp.dm_f_t4c_gloves_bp_C","None","None","None","None","None",""
T4_Forest_Helm_DM,"/Game/Items/Armour/duskmage/dm_m_t4c_helm/dm_m_t4c_helm_bp.dm_m_t4c_helm_bp_C","/Game/Items/Armour/duskmage/dm_f_t4c_helm/dm_f_t4c_helm_bp.dm_f_t4c_helm_bp_C","None","None","None","None","None",""
T4_Forest_Pants_DM,"/Game/Items/Armour/duskmage/dm_m_t4c_pants/dm_m_t4c_pants_bp.dm_m_t4c_pants_bp_C","/Game/Items/Armour/duskmage/dm_f_t4c_pants/dm_f_t4c_pants_bp.dm_f_t4c_pants_bp_C","None","None","None","None","None",""
T4_Forest_Shoulders_DM,"/Game/Items/Armour/duskmage/dm_m_t4c_shoulders/dm_m_t4c_shoulders_bp.dm_m_t4c_shoulders_bp_C","/Game/Items/Armour/duskmage/dm_f_t4c_shoulders/dm_f_t4c_shoulders_bp.dm_f_t4c_shoulders_bp_C","None","None","None","None","None",""
T4_Forest_Boots_RM,"None","None","/Game/Items/Armour/railman/rm_m_t4b_boots/rm_m_t4b_boots_bp.rm_m_t4b_boots_bp_C","/Game/Items/Armour/railman/rm_f_t4b_boots/rm_f_t4b_boots_bp.rm_f_t4b_boots_bp_C","None","None","None",""
T4_Forest_Chest_RM,"None","None","/Game/Items/Armour/railman/rm_m_t4b_chest/rm_m_t4b_chest_bp.rm_m_t4b_chest_bp_C","/Game/Items/Armour/railman/rm_f_t4b_chest/rm_f_t4b_chest_bp.rm_f_t4b_chest_bp_C","None","None","None",""
T4_Forest_Gloves_RM,"None","None","/Game/Items/Armour/railman/rm_m_t4b_gloves/rm_m_t4b_gloves_bp.rm_m_t4b_gloves_bp_C","/Game/Items/Armour/railman/rm_f_t4b_gloves/rm_f_t4b_gloves_bp.rm_f_t4b_gloves_bp_C","None","None","None",""
T4_Forest_Helm_RM,"None","None","/Game/Items/Armour/railman/rm_m_t4b_helm/rm_m_t4b_helm_bp.rm_m_t4b_helm_bp_C","/Game/Items/Armour/railman/rm_f_t4b_helm/rm_f_t4b_helm_bp.rm_f_t4b_helm_bp_C","None","None","None",""
T4_Forest_Pants_RM,"None","None","/Game/Items/Armour/railman/rm_m_t4b_pants/rm_m_t4b_pants_bp.rm_m_t4b_pants_bp_C","/Game/Items/Armour/railman/rm_f_t4b_pants/rm_f_t4b_pants_bp.rm_f_t4b_pants_bp_C","None","None","None",""
T4_Forest_Shoulders_RM,"None","None","/Game/Items/Armour/railman/rm_m_t4b_shoulders/rm_m_t4b_shoulders_bp.rm_m_t4b_shoulders_bp_C","/Game/Items/Armour/railman/rm_f_t4b_shoulders/rm_f_t4b_shoulders_bp.rm_f_t4b_shoulders_bp_C","None","None","None",""
T4_Forest_Chest_FOR,"None","None","None","None","/Game/Items/Armour/forged/for_t4b_chest/for_t4b_chest_bp.for_t4b_chest_bp_C","None","None",""
T4_Forest_Gloves_FOR,"None","None","None","None","/Game/Items/Armour/forged/for_t4b_gloves/for_t4b_gloves_bp.for_t4b_gloves_bp_C","None","None",""
T4_Forest_Hatch_FOR,"None","None","None","None","/Game/Items/Armour/forged/for_t4b_hatch/for_t4b_hatch_bp.for_t4b_hatch_bp_C","None","None",""
T4_Forest_Helm_FOR,"None","None","None","None","/Game/Items/Armour/forged/for_t4b_helm/for_t4b_helm_bp.for_t4b_helm_bp_C","None","None",""
T4_Forest_Locomotion_FOR,"None","None","None","None","/Game/Items/Armour/forged/for_t4b_locomotion/for_t4b_locomotion_bp.for_t4b_locomotion_bp_C","None","None",""
T4_Forest_Shoulders_FOR,"None","None","None","None","/Game/Items/Armour/forged/for_t4b_shoulders/for_t4b_shoulders_bp.for_t4b_shoulders_bp_C","None","None",""
T4_Vespid_Boots_DM,"/Game/Items/Armour/duskmage/dm_m_t4d_boots/dm_m_t4d_boots_bp.dm_m_t4d_boots_bp_C","/Game/Items/Armour/duskmage/dm_f_t4d_boots/dm_f_t4d_boots_bp.dm_f_t4d_boots_bp_C","None","None","None","None","None",""
T4_Vespid_Chest_DM,"/Game/Items/Armour/duskmage/dm_m_t4d_chest/dm_m_t4d_chest_bp.dm_m_t4d_chest_bp_C","/Game/Items/Armour/duskmage/dm_f_t4d_chest/dm_f_t4d_chest_bp.dm_f_t4d_chest_bp_C","None","None","None","None","None",""
T4_Vespid_Gloves_DM,"/Game/Items/Armour/duskmage/dm_m_t4d_gloves/dm_m_t4d_gloves_bp.dm_m_t4d_gloves_bp_C","/Game/Items/Armour/duskmage/dm_f_t4d_gloves/dm_f_t4d_gloves_bp.dm_f_t4d_gloves_bp_C","None","None","None","None","None",""
T4_Vespid_Helm_DM,"/Game/Items/Armour/duskmage/dm_m_t4d_helm/dm_m_t4d_helm_bp.dm_m_t4d_helm_bp_C","/Game/Items/Armour/duskmage/dm_f_t4d_helm/dm_f_t4d_helm_bp.dm_f_t4d_helm_bp_C","None","None","None","None","None",""
T4_Vespid_Pants_DM,"/Game/Items/Armour/duskmage/dm_m_t4d_pants/dm_m_t4d_pants_bp.dm_m_t4d_pants_bp_C","/Game/Items/Armour/duskmage/dm_f_t4d_pants/dm_f_t4d_pants_bp.dm_f_t4d_pants_bp_C","None","None","None","None","None",""
T4_Vespid_Shoulders_DM,"/Game/Items/Armour/duskmage/dm_m_t4d_shoulders/dm_m_t4d_shoulders_bp.dm_m_t4d_shoulders_bp_C","/Game/Items/Armour/duskmage/dm_f_t4d_shoulders/dm_f_t4d_shoulders_bp.dm_f_t4d_shoulders_bp_C","None","None","None","None","None",""
T4_Vespid_Boots_RM,"None","None","/Game/Items/Armour/railman/rm_m_t4c_boots/rm_m_t4c_boots_bp.rm_m_t4c_boots_bp_C","/Game/Items/Armour/railman/rm_f_t4c_boots/rm_f_t4c_boots_bp.rm_f_t4c_boots_bp_C","None","None","None",""
T4_Vespid_Chest_RM,"None","None","/Game/Items/Armour/railman/rm_m_t4c_chest/rm_m_t4c_chest_bp.rm_m_t4c_chest_bp_C","/Game/Items/Armour/railman/rm_f_t4c_chest/rm_f_t4c_chest_bp.rm_f_t4c_chest_bp_C","None","None","None",""
T4_Vespid_Gloves_RM,"None","None","/Game/Items/Armour/railman/rm_m_t4c_gloves/rm_m_t4c_gloves_bp.rm_m_t4c_gloves_bp_C","/Game/Items/Armour/railman/rm_f_t4c_gloves/rm_f_t4c_gloves_bp.rm_f_t4c_gloves_bp_C","None","None","None",""
T4_Vespid_Helm_RM,"None","None","/Game/Items/Armour/railman/rm_m_t4c_helm/rm_m_t4c_helm_bp.rm_m_t4c_helm_bp_C","/Game/Items/Armour/railman/rm_f_t4c_helm/rm_f_t4c_helm_bp.rm_f_t4c_helm_bp_C","None","None","None",""
T4_Vespid_Pants_RM,"None","None","/Game/Items/Armour/railman/rm_m_t4c_pants/rm_m_t4c_pants_bp.rm_m_t4c_pants_bp_C","/Game/Items/Armour/railman/rm_f_t4c_pants/rm_f_t4c_pants_bp.rm_f_t4c_pants_bp_C","None","None","None",""
T4_Vespid_Shoulders_RM,"None","None","/Game/Items/Armour/railman/rm_m_t4c_shoulders/rm_m_t4c_shoulders_bp.rm_m_t4c_shoulders_bp_C","/Game/Items/Armour/railman/rm_f_t4c_shoulders/rm_f_t4c_shoulders_bp.rm_f_t4c_shoulders_bp_C","None","None","None",""
T4_Vespid_Chest_FOR,"None","None","None","None","/Game/Items/Armour/forged/for_t4c_chest/for_t4c_chest_bp.for_t4c_chest_bp_C","None","None",""
T4_Vespid_Gloves_FOR,"None","None","None","None","/Game/Items/Armour/forged/for_t4c_gloves/for_t4c_gloves_bp.for_t4c_gloves_bp_C","None","None",""
T4_Vespid_Hatch_FOR,"None","None","None","None","/Game/Items/Armour/forged/for_t4c_hatch/for_t4c_hatch_bp.for_t4c_hatch_bp_C","None","None",""
T4_Vespid_Helm_FOR,"None","None","None","None","/Game/Items/Armour/forged/for_t4c_helm/for_t4c_helm_bp.for_t4c_helm_bp_C","None","None",""
T4_Vespid_Locomotion_FOR,"None","None","None","None","/Game/Items/Armour/forged/for_t4c_locomotion/for_t4c_locomotion_bp.for_t4c_locomotion_bp_C","None","None",""
T4_Vespid_LocomotionSnake_FOR,"None","None","None","None","/Game/Items/Armour/forged/for_t3a_locomotion/for_t3a_locomotion_bp.for_t3a_locomotion_bp_C","None","None",""
T4_Vespid_Shoulders_FOR,"None","None","None","None","/Game/Items/Armour/forged/for_t4c_shoulders/for_t4c_shoulders_bp.for_t4c_shoulders_bp_C","None","None",""
T4_Coast_Boots_RM,"None","None","/Game/Items/Armour/railman/rm_m_t4e_boots/rm_m_t4e_boots_bp.rm_m_t4e_boots_bp_C","/Game/Items/Armour/railman/rm_f_t4e_boots/rm_f_t4e_boots_bp.rm_f_t4e_boots_bp_C","None","None","None",""
T4_Coast_Chest_RM,"None","None","/Game/Items/Armour/railman/rm_m_t4e_chest/rm_m_t4e_chest_bp.rm_m_t4e_chest_bp_C","/Game/Items/Armour/railman/rm_f_t4e_chest/rm_f_t4e_chest_bp.rm_f_t4e_chest_bp_C","None","None","None",""
T4_Coast_Gloves_RM,"None","None","/Game/Items/Armour/railman/rm_m_t4e_gloves/rm_m_t4e_gloves_bp.rm_m_t4e_gloves_bp_C","/Game/Items/Armour/railman/rm_f_t4e_gloves/rm_f_t4e_gloves_bp.rm_f_t4e_gloves_bp_C","None","None","None",""
T4_Coast_Helm_RM,"None","None","/Game/Items/Armour/railman/rm_m_t4e_helm/rm_m_t4e_helm_bp.rm_m_t4e_helm_bp_C","/Game/Items/Armour/railman/rm_f_t4e_helm/rm_f_t4e_helm_bp.rm_f_t4e_helm_bp_C","None","None","None",""
T4_Coast_Pants_RM,"None","None","/Game/Items/Armour/railman/rm_m_t4e_pants/rm_m_t4e_pants_bp.rm_m_t4e_pants_bp_C","/Game/Items/Armour/railman/rm_f_t4e_pants/rm_f_t4e_pants_bp.rm_f_t4e_pants_bp_C","None","None","None",""
T4_Coast_Shoulders_RM,"None","None","/Game/Items/Armour/railman/rm_m_t4e_shoulders/rm_m_t4e_shoulders_bp.rm_m_t4e_shoulders_bp_C","/Game/Items/Armour/railman/rm_f_t4e_shoulders/rm_f_t4e_shoulders_bp.rm_f_t4e_shoulders_bp_C","None","None","None",""
T4_Coast_Helm_DM,"/Game/Items/Armour/duskmage/dm_m_t4e_helm/dm_m_t4e_helm_bp.dm_m_t4e_helm_bp_C","/Game/Items/Armour/duskmage/dm_f_t4e_helm/dm_f_t4e_helm_bp.dm_f_t4e_helm_bp_C","None","None","None","None","None",""
T4_Coast_Helm_FOR,"None","None","None","None","/Game/Items/Armour/forged/for_t4e_helm/for_t4e_helm_bp.for_t4e_helm_bp_C","None","None",""
T4_Coast_Locomotion,"None","None","None","None","/Game/Items/Armour/forged/for_t4e_locomotion/for_t4e_locomotion_bp.for_t4e_locomotion_bp_C","None","None",""
T4_Common_Boots_RM,"None","None","/Game/Items/Armour/railman/rm_m_t4f_boots/rm_m_t4f_boots_bp.rm_m_t4f_boots_bp_C","/Game/Items/Armour/railman/rm_f_t4f_boots/rm_f_t4f_boots_bp.rm_f_t4f_boots_bp_C","None","None","None",""
T4_Common_Chest_RM,"None","None","/Game/Items/Armour/railman/rm_m_t4f_chest/rm_m_t4f_chest_bp.rm_m_t4f_chest_bp_C","/Game/Items/Armour/railman/rm_f_t4f_chest/rm_f_t4f_chest_bp.rm_f_t4f_chest_bp_C","None","None","None",""
T4_Common_Gloves_RM,"None","None","/Game/Items/Armour/railman/rm_m_t4f_gloves/rm_m_t4f_gloves_bp.rm_m_t4f_gloves_bp_C","/Game/Items/Armour/railman/rm_f_t4f_gloves/rm_f_t4f_gloves_bp.rm_f_t4f_gloves_bp_C","None","None","None",""
T4_Common_Helm_RM,"None","None","/Game/Items/Armour/railman/rm_m_t4f_helm/rm_m_t4f_helm_bp.rm_m_t4f_helm_bp_C","/Game/Items/Armour/railman/rm_f_t4f_helm/rm_f_t4f_helm_bp.rm_f_t4f_helm_bp_C","None","None","None",""
T4_Common_Pants_RM,"None","None","/Game/Items/Armour/railman/rm_m_t4f_pants/rm_m_t4f_pants_bp.rm_m_t4f_pants_bp_C","/Game/Items/Armour/railman/rm_f_t4f_pants/rm_f_t4f_pants_bp.rm_f_t4f_pants_bp_C","None","None","None",""
T4_Common_Shoulders_RM,"None","None","/Game/Items/Armour/railman/rm_m_t4f_shoulders/rm_m_t4f_shoulders_geo.rm_m_t4f_shoulders_geo_C","/Game/Items/Armour/railman/rm_f_t4f_shoulders/rm_f_t4f_shoulders_bp.rm_f_t4f_shoulders_bp_C","None","None","None",""
T4_Common_Boots_DM,"/Game/Items/Armour/duskmage/dm_m_t4f_boots/dm_m_t4f_boots_bp.dm_m_t4f_boots_bp_C","/Game/Items/Armour/duskmage/dm_f_t4f_boots/dm_f_t4f_boots_bp.dm_f_t4f_boots_bp_C","None","None","None","None","None",""
T4_Common_Chest_DM,"/Game/Items/Armour/duskmage/dm_m_t4f_chest/dm_m_t4f_chest_bp.dm_m_t4f_chest_bp_C","/Game/Items/Armour/duskmage/dm_f_t4f_chest/dm_f_t4f_chest_bp.dm_f_t4f_chest_bp_C","None","None","None","None","None",""
T4_Common_Gloves_DM,"/Game/Items/Armour/duskmage/dm_m_t4f_gloves/dm_m_t4f_gloves_bp.dm_m_t4f_gloves_bp_C","/Game/Items/Armour/duskmage/dm_f_t4f_gloves/dm_f_t4f_gloves_bp.dm_f_t4f_gloves_bp_C","None","None","None","None","None",""
T4_Common_Helm_DM,"/Game/Items/Armour/duskmage/dm_m_t4f_helm/dm_m_t4f_helm_bp.dm_m_t4f_helm_bp_C","/Game/Items/Armour/duskmage/dm_f_t4f_helm/dm_f_t4f_helm_bp.dm_f_t4f_helm_bp_C","None","None","None","None","None",""
T4_Common_Pants_DM,"/Game/Items/Armour/duskmage/dm_m_t4f_pants/dm_m_t4f_pants_bp.dm_m_t4f_pants_bp_C","/Game/Items/Armour/duskmage/dm_f_t4f_pants/dm_f_t4f_pants_bp.dm_f_t4f_pants_bp_C","None","None","None","None","None",""
T4_Common_Shoulders_DM,"/Game/Items/Armour/duskmage/dm_m_t4f_shoulders/dm_m_t4f_shoulders_bp.dm_m_t4f_shoulders_bp_C","/Game/Items/Armour/duskmage/dm_f_t4f_shoulders/dm_f_t4f_shoulders_bp.dm_f_t4f_shoulders_bp_C","None","None","None","None","None",""
T4_Common_Boots_SS,"None","None","None","None","None","/Game/Items/Armour/sharpshooter/ss_f_t4f_boots/ss_f_t4f_boots_bp.ss_f_t4f_boots_bp_C","/Game/Items/Armour/sharpshooter/ss_m_t4f_boots/ss_m_t4f_boots_bp.ss_m_t4f_boots_bp_C",""
T4_Common_Chest_SS,"None","None","None","None","None","/Game/Items/Armour/sharpshooter/ss_f_t4f_chest/ss_f_t4f_chest_bp.ss_f_t4f_chest_bp_C","/Game/Items/Armour/sharpshooter/ss_m_t4f_chest/ss_m_t4f_chest_bp.ss_m_t4f_chest_bp_C",""
T4_Common_Gloves_SS,"None","None","None","None","None","/Game/Items/Armour/sharpshooter/ss_f_t4f_gloves/ss_f_t4f_gloves_bp.ss_f_t4f_gloves_bp_C","/Game/Items/Armour/sharpshooter/ss_m_t4f_gloves/ss_m_t4f_gloves_bp.ss_m_t4f_gloves_bp_C",""
T4_Common_Helm_SS,"None","None","None","None","None","/Game/Items/Armour/sharpshooter/ss_f_t4f_helm/ss_f_t4f_helm_bp.ss_f_t4f_helm_bp_C","/Game/Items/Armour/sharpshooter/ss_m_t4f_helm/ss_m_t4f_helm_bp.ss_m_t4f_helm_bp_C",""
T4_Common_Pants_SS,"None","None","None","None","None","/Game/Items/Armour/sharpshooter/ss_f_t4f_pants/ss_f_t4f_pants_bp.ss_f_t4f_pants_bp_C","/Game/Items/Armour/sharpshooter/ss_m_t4f_pants/ss_m_t4f_pants_bp.ss_m_t4f_pants_bp_C",""
T4_Common_Shoulders_SS,"None","None","None","None","None","/Game/Items/Armour/sharpshooter/ss_f_t4f_shoulders/ss_f_t4f_shoulders_bp.ss_f_t4f_shoulders_bp_C","/Game/Items/Armour/sharpshooter/ss_m_t4f_shoulders/ss_m_t4f_shoulders_bp.ss_m_t4f_shoulders_bp_C",""
T1_Basic_AmmoBag_SS,"None","None","None","None","None","/Game/Items/Armour/sharpshooter/testammobag/ss_test_ammobag.ss_test_ammobag_C","/Game/Items/Armour/sharpshooter/testammobag/ss_test_ammobag.ss_test_ammobag_C",""
