---,Group,SubGroup,MaxCount,DisplayName,Description,Icon,bIsEnabled,bCanCraftDirectly,bRequired,Prop,Vendor,TraitString,GameplayTags,UpgradeTo,bShowCraftingConfirmation,bShowStorageTab,PropType,CustomCraftingVerb,QualityTags,CostType1,CostQuery1,Cost1,CostQuantity1,CostText1,CostIcon1,CostType2,CostQuery2,Cost2,CostQuantity2,CostText2,CostIcon2,Notes
Arch_Stone_Broken,"(RowName=""Decorations"")","(RowName=""Structures"")","0","NSLOCTEXT(""FortPropsTable"", ""D06076774FAA89823882A8A0C982E797"", ""Busted Stone Arch"")","","None","True","True","False","/Game/Environments/GlobalProps/Blueprints/Fort/FortTestArchStone.FortTestArchStone_C","None","","None","None","False","False","FortDecor","","(GameplayTags=((TagName=""ItemQuality.Normal"")))","Currency","Name","StoneRock_T1_Sandstone","50","","None","None","Name","None","0","","None",""
Banner_Battlefield_01,"(RowName=""Decorations"")","(RowName=""Misc"")","0","NSLOCTEXT(""FortPropsTable"", ""84550A844D8E8543BAA020BA0BBB9FE2"", ""Musty Old Banners"")","","None","True","True","False","/Game/Environments/GlobalProps/Blueprints/Fort/fort_banner_bf_01.fort_banner_bf_01_C","None","","None","None","False","False","FortDecor","","(GameplayTags=((TagName=""ItemQuality.Normal"")))","Currency","Name","WoodLog_T1_Ash","20","","None","None","Name","None","0","","None",""
Banner_Imperial_01,"(RowName=""Decorations"")","(RowName=""Misc"")","0","NSLOCTEXT(""FortPropsTable"", ""2CCBA8BB4EDD594BE62777A483057BC3"", ""Imperial Frontier Banner"")","","None","True","True","False","/Game/Environments/GlobalProps/Blueprints/Fort/fort_banner_io_01.fort_banner_io_01_C","None","","None","None","False","False","FortDecor","","(GameplayTags=((TagName=""ItemQuality.Magic"")))","Currency","Name","WoodPlank_T1_Ash","60","","None","Currency","Name","StoneBlock_T1_Sandstone","15","","None",""
BannerAlpha_01,"(RowName=""Decorations"")","(RowName=""Misc"")","1","NSLOCTEXT(""FortPropsTable"", ""D78F20B94D28E9FFF623D98241EA7A4C"", ""Alpha Hero Banner I"")","NSLOCTEXT(""FortPropsTable"", ""EE52DBE0462E569C6C4F30BF9162639E"", ""Thank you gift for participation in Closed Alpha testing, 2018"")","/Game/Environments/GlobalProps/Blueprints/Fort/FortObjectIcons/alpha_1_banner.alpha_1_banner","True","False","False","/Game/Environments/GlobalProps/Blueprints/Fort/fort_prop_banner_alpha1gift.fort_prop_banner_alpha1gift_C","None","","None","None","False","False","FortDecor","","(GameplayTags=((TagName=""ItemQuality.Legendary"")))","None","None","None","0","","None","None","Name","None","0","","None",""
BannerAlpha_02,"(RowName=""Decorations"")","(RowName=""Misc"")","1","NSLOCTEXT(""FortPropsTable"", ""AC1FF8374E64A61894DA988CBAD74961"", ""Alpha Hero Banner II"")","NSLOCTEXT(""FortPropsTable"", ""7784EE05458F5325C04E3AA3BF6864EA"", ""Thank you gift for participation in Closed Alpha testing, 2019. "")","/Game/Environments/GlobalProps/Blueprints/Fort/FortObjectIcons/alpha_3_banner.alpha_3_banner","True","True","False","/Game/Environments/GlobalProps/Blueprints/Fort/fort_prop_banner_alpha3gift.fort_prop_banner_alpha3gift_C","None","","None","None","False","False","FortDecor","","(GameplayTags=((TagName=""ItemQuality.Legendary"")))","Currency","Name","Gold","1","","None","None","Name","None","0","","None",""
Barrel,"(RowName=""Decorations"")","(RowName=""Misc"")","0","NSLOCTEXT(""FortPropsTable"", ""B25C6C5743850B95150579AE34E6EC82"", ""Sturdy Useful Barrel"")","","None","True","True","False","/Game/Environments/GlobalProps/Blueprints/Fort/FortTestBarrel03.FortTestBarrel03_C","None","","None","None","False","False","FortDecor","","(GameplayTags=((TagName=""ItemQuality.Normal"")))","Currency","Name","Gold","550","","None","None","Name","None","0","","None",""
BarrelGroup,"(RowName=""Decorations"")","(RowName=""Misc"")","0","NSLOCTEXT(""FortPropsTable"", ""E5A0F8F5486A43E147713C90530FCF07"", ""Buncha Wooden Barrels"")","","None","True","True","False","/Game/Environments/GlobalProps/Blueprints/Fort/fort_prop_barrelgrp_a_bp.fort_prop_barrelgrp_a_bp_C","None","","None","None","False","False","FortDecor","","(GameplayTags=((TagName=""ItemQuality.Normal"")))","Currency","Name","Gold","750","","None","None","Name","None","0","","None",""
BarrelofEmberCrystals,"(RowName=""Decorations"")","(RowName=""Misc"")","0","NSLOCTEXT(""FortPropsTable"", ""8FD3DFC346586CDC488CAD8569BE412A"", ""Crystal Filled Barrel"")","","None","True","True","False","/Game/Environments/GlobalProps/Blueprints/Fort/fort_barrel_crystals_01.fort_barrel_crystals_01_C","None","","None","None","False","False","FortDecor","","(GameplayTags=((TagName=""ItemQuality.Magic"")))","Currency","Name","Gold","3300","","None","None","Name","None","0","","None",""
Bench_Wooden,"(RowName=""Decorations"")","(RowName=""Misc"")","0","NSLOCTEXT(""FortPropsTable"", ""90BDB0BE4408781C3AD230919F985110"", ""Splintered Bench"")","","None","True","True","False","/Game/Environments/GlobalProps/Blueprints/Fort/FortTestGoblinBench.FortTestGoblinBench_C","None","","None","None","False","False","FortDecor","","(GameplayTags=((TagName=""ItemQuality.Normal"")))","Currency","Name","Gold","550","","None","None","Name","None","0","","None",""
Brazier,"(RowName=""Decorations"")","(RowName=""Misc"")","4","NSLOCTEXT(""FortPropsTable"", ""F47F7C684BED93096070F1B4576CB0FC"", ""Evil-looking Brazier"")","","None","False","False","False","/Game/Environments/GlobalProps/Blueprints/Fort/FortTestEvilBrazier.FortTestEvilBrazier_C","None","","None","None","False","False","FortDecor","","(GameplayTags=)","Currency","Name","StoneBlock_T1_Sandstone","15","NSLOCTEXT(""FortPropsTable"", ""774F2677406468C7A63727B35BACEB06"", ""15 Sandstone Blocks"")","None","Currency","Name","MetalBar_T1_Tin","2","NSLOCTEXT(""FortPropsTable"", ""E7E72D4B4B06B0A1DD6545B6AD8F2912"", ""2 Tin Bars"")","None",""
BrickPile_Fort_b,"(RowName=""Decorations"")","(RowName=""Structures"")","0","NSLOCTEXT(""FortPropsTable"", ""CFC3B4B6499B2F76C961FAA74BAA0205"", ""Buncha Piled Blocks"")","","None","True","True","False","/Game/Environments/GlobalProps/Blueprints/Fort/fort_prop_brickpile_b.fort_prop_brickpile_b_C","None","","None","None","False","False","FortDecor","","(GameplayTags=((TagName=""ItemQuality.Normal"")))","Currency","Name","Gold","550","","None","None","Name","None","0","","None",""
BrickPile_Fort_a,"(RowName=""Decorations"")","(RowName=""Structures"")","0","NSLOCTEXT(""FortPropsTable"", ""6A2CC9794670951AE26DDBAF452964E4"", ""Buncha Stacked Blocks"")","","None","True","True","False","/Game/Environments/GlobalProps/Blueprints/Fort/fort_prop_brickpile_a.fort_prop_brickpile_a_C","None","","None","None","False","False","FortDecor","","(GameplayTags=((TagName=""ItemQuality.Normal"")))","Currency","Name","Gold","550","","None","None","Name","None","0","","None",""
BrickPile_Fort_c,"(RowName=""Decorations"")","(RowName=""Structures"")","0","NSLOCTEXT(""FortPropsTable"", ""DB5D59AB42A0A2C46270DD9CF338A47D"", ""Buncha Heaped Blocks"")","","None","True","True","False","/Game/Environments/GlobalProps/Blueprints/Fort/fort_prop_brickpile_c.fort_prop_brickpile_c_C","None","","None","None","False","False","FortDecor","","(GameplayTags=((TagName=""ItemQuality.Normal"")))","Currency","Name","Gold","550","","None","None","Name","None","0","","None",""
Bucket_Gob_01,"(RowName=""Decorations"")","(RowName=""Misc"")","0","NSLOCTEXT(""FortPropsTable"", ""E608BF924DDBF33A4C1F6E8102C6B913"", ""Slightly Leaky Bucket"")","","None","True","True","False","/Game/Environments/GlobalProps/Blueprints/Fort/fort_prop_bucket_gob_01.fort_prop_bucket_gob_01_C","None","","None","None","False","False","FortDecor","","(GameplayTags=((TagName=""ItemQuality.Normal"")))","Currency","Name","Gold","200","","None","None","Name","None","0","","None",""
Bucket_Gob_Broken_01,"(RowName=""Decorations"")","(RowName=""Misc"")","0","NSLOCTEXT(""FortPropsTable"", ""E7FF3872487F1F7AA6C251B062BF2887"", ""Very Leaky Bucket"")","","None","True","True","False","/Game/Environments/GlobalProps/Blueprints/Fort/fort_prop_bucket_broken__gob_container_01.fort_prop_bucket_broken__gob_container_01_C","None","","None","None","False","False","FortDecor","","(GameplayTags=((TagName=""ItemQuality.Normal"")))","Currency","Name","Gold","200","","None","None","Name","None","0","","None",""
CampaignMap,"(RowName=""Decorations"")","(RowName=""Misc"")","1","NSLOCTEXT(""FortPropsTable"", ""468AA29B4515383CBBBFDE96EFC4958C"", ""War Planning Table"")","NSLOCTEXT(""FortPropsTable"", ""D3708EBE4C88CA812B77709C9EF72541"", ""Danger lurks around every corner. Plan your grand strategy from the safety of your fort."")","None","True","False","False","/Game/Environments/GlobalProps/Blueprints/Fort/FortTestCampaignMap.FortTestCampaignMap_C","None","","None","None","False","False","FortDecor","","(GameplayTags=((TagName=""ItemQuality.Legendary"")))","Currency","Name","Gold","2500","NSLOCTEXT(""FortPropsTable"", ""997F77B0446E0BA571CD9A9C4D0F4017"", ""2,500 Gold"")","None","Currency","Name","WoodLog_T1_Ash","25","NSLOCTEXT(""FortPropsTable"", ""5775E70B4050F7D816916C9344085BD6"", ""25 Ash Logs"")","None",""
Campfire_CookPot_Gob_02,"(RowName=""Decorations"")","(RowName=""Misc"")","4","NSLOCTEXT(""FortPropsTable"", ""015AE13F471F53AA9482B9BE41DBD99F"", ""Backcountry Cookpot"")","","None","True","True","False","/Game/Environments/GlobalProps/Blueprints/Fort/fort_prop_campfire_gob_02.fort_prop_campfire_gob_02_C","None","","None","None","False","False","FortDecor","","(GameplayTags=((TagName=""ItemQuality.Magic"")))","Currency","Name","WoodLog_T1_Ash","150","","None","Currency","Name","StoneRock_T1_Sandstone","150","","None",""
Campfire_Stone,"(RowName=""Decorations"")","(RowName=""Misc"")","4","NSLOCTEXT(""FortPropsTable"", ""5C7F92D643397B6307954CB32823C83D"", ""Cozy Little Campfire"")","","None","True","True","False","/Game/Environments/GlobalProps/Blueprints/Fort/FortTestCampfire.FortTestCampfire_C","None","","None","None","False","False","FortDecor","","(GameplayTags=((TagName=""ItemQuality.Normal"")))","Currency","Name","WoodLog_T1_Ash","25","","None","Currency","Name","StoneRock_T1_Sandstone","25","","None",""
CarouselPavilion,"(RowName=""Decorations"")","(RowName=""Structures"")","0","NSLOCTEXT(""FortPropsTable"", ""A678CF114D985A04788AE0888C7AAC50"", ""Patchwork Pavilion"")","","None","True","True","False","/Game/Environments/GlobalProps/Blueprints/Fort/fort_prop_tent_a_bp.fort_prop_tent_a_bp_C","None","","None","None","False","False","FortDecor","","(GameplayTags=((TagName=""ItemQuality.Normal"")))","Currency","Name","Gold","550","","None","Currency","Name","WoodLog_T1_Ash","50","","None",""
Cauldron_Goblin,"(RowName=""Decorations"")","(RowName=""Misc"")","0","NSLOCTEXT(""FortPropsTable"", ""8A8F68D241832187218FADB787EBBE0D"", ""Goblin Cauldron"")","","None","False","False","False","/Game/Environments/GlobalProps/Blueprints/Fort/FortTestCauldron.FortTestCauldron_C","None","","None","None","False","False","FortDecor","","(GameplayTags=)","Currency","Name","Gold","50","NSLOCTEXT(""FortPropsTable"", ""FD2346C4405C344F2C0469B0785DD84C"", ""50 Gold"")","None","None","Name","None","0","","None",""
Chair_Stool_Gobcave_01,"(RowName=""Decorations"")","(RowName=""Misc"")","0","NSLOCTEXT(""FortPropsTable"", ""7C18716543A6D0AAED263D91A80ED054"", ""Mostly Sturdy Stool"")","","None","True","True","False","/Game/Environments/GlobalProps/Blueprints/Fort/fort_prop_stool_gcave_01.fort_prop_stool_gcave_01_C","None","","None","None","False","False","FortDecor","","(GameplayTags=((TagName=""ItemQuality.Normal"")))","Currency","Name","Gold","200","","None","None","Name","None","0","","None",""
Column_GoblinGate_01,"(RowName=""Decorations"")","(RowName=""Structures"")","0","NSLOCTEXT(""FortPropsTable"", ""EC2B43C34B9B98F1D781CBBE591CB712"", ""Goblin Post"")","","None","False","False","False","/Game/Environments/GlobalProps/Blueprints/Fort/fort_prop_gob_column_01.fort_prop_gob_column_01_C","None","","None","None","False","False","FortDecor","","(GameplayTags=)","Currency","Name","WoodLog_T1_Ash","25","NSLOCTEXT(""FortPropsTable"", ""61050A944C5145843C15879327F20086"", ""25 Ash Logs"")","None","None","Name","None","0","","None",""
Crafting_Armory,"(RowName=""Crafting"")","(RowName=""Crafting"")","1","NSLOCTEXT(""FortPropsTable"", ""B0AC94614B828432860AE5A73CB212F0"", ""Armory"")","NSLOCTEXT(""FortPropsTable"", ""4C30C0944F1ADA4D2CBB71A02F69B86B"", ""Craft and reforge armor."")","None","False","True","False","/Game/Environments/GlobalProps/Blueprints/Fort/FortArmory_bp.FortArmory_bp_C","None","","None","None","True","False","FortDecor","","(GameplayTags=)","Currency","Name","WoodLog_T1_Ash","15","NSLOCTEXT(""FortPropsTable"", ""90E8AAE94377EA1659C35EBBA5569938"", ""15 Wood Logs"")","None","None","Name","None","0","","None",""
Crafting_Blacksmith,"(RowName=""Crafting"")","(RowName=""Crafting"")","1","NSLOCTEXT(""FortPropsTable"", ""F3AB6D7F42152C97924643A099DAEA06"", ""Blacksmith"")","NSLOCTEXT(""FortPropsTable"", ""6447EB1042476D87F1CF9F9108675459"", ""Craft and reforge melee weapons."")","None","False","True","False","/Game/Environments/GlobalProps/Blueprints/Fort/FortBlacksmith_bp_1.FortBlacksmith_bp_1_C","/Game/Environments/GlobalProps/Blueprints/Fort/fort_npc_blacksmith_bp.fort_npc_blacksmith_bp_C","","None","None","True","False","FortDecor","","(GameplayTags=)","Currency","Name","WoodLog_T1_Ash","100","NSLOCTEXT(""FortPropsTable"", ""10C5B4D5468C2D6601EAF187053FA324"", ""100 Wood Logs"")","None","None","Name","None","0","","None",""
Crafting_Gunsmith,"(RowName=""Crafting"")","(RowName=""Crafting"")","1","NSLOCTEXT(""FortPropsTable"", ""B3D7EB15467BFEE5C7A409909E427F6A"", ""Gunsmith"")","NSLOCTEXT(""FortPropsTable"", ""8C358DDD4EAD39C40C6BDFB091B0C366"", ""Craft and reforge mechanical ranged weapons like cannons, rifles and pistols."")","None","False","True","False","/Game/Environments/GlobalProps/Blueprints/Fort/FortGunsmith_bp_1.FortGunsmith_bp_1_C","None","","None","None","True","False","FortDecor","","(GameplayTags=)","Currency","Name","WoodLog_T1_Ash","15","NSLOCTEXT(""FortPropsTable"", ""E8B629E642021B0E63FBB7BF897A0BDF"", ""15 Wood Logs"")","None","None","Name","None","0","","None",""
Crafting_Sawmill,"(RowName=""Crafting"")","(RowName=""Crafting"")","1","NSLOCTEXT(""FortPropsTable"", ""42AE1529451E07326AAFCE9DCBC7F202"", ""Sawmill"")","NSLOCTEXT(""FortPropsTable"", ""C8D5BF6D4019EDE1603FCFB1296D0D24"", ""Craft wood logs into wood planks."")","/Game/Environments/GlobalProps/Blueprints/Fort/FortObjectIcons/sawmill_fort_icon.sawmill_fort_icon","True","True","False","/Game/Environments/GlobalProps/Blueprints/Fort/FortSawmill_bp.FortSawmill_bp_C","None","","None","None","True","False","FortDecor","","(GameplayTags=((TagName=""ItemQuality.Magic"")))","Currency","Name","WoodLog_T1_Ash","100","","None","Currency","Name","StoneRock_T1_Sandstone","100","","None",""
Crafting_Smelter,"(RowName=""Crafting"")","(RowName=""Crafting"")","1","NSLOCTEXT(""FortPropsTable"", ""9C164CDF49211D337789C495014F50E2"", ""Smelter"")","NSLOCTEXT(""FortPropsTable"", ""A004DDF446250FD3412DAF915833E8FA"", ""Craft metal nuggets into metal bars."")","/Game/Environments/GlobalProps/Blueprints/Fort/FortObjectIcons/smelter_fort_icon.smelter_fort_icon","True","True","False","/Game/Environments/GlobalProps/Blueprints/Fort/FortSmelter_bp.FortSmelter_bp_C","None","","None","None","True","False","FortDecor","","(GameplayTags=((TagName=""ItemQuality.Magic"")))","Currency","Name","WoodLog_T1_Ash","100","","None","Currency","Name","StoneRock_T1_Sandstone","100","","None",""
Crafting_Stonemason,"(RowName=""Crafting"")","(RowName=""Crafting"")","1","NSLOCTEXT(""FortPropsTable"", ""5996B6604385BDDD16D03CB3CB31073E"", ""Stonemason"")","NSLOCTEXT(""FortPropsTable"", ""59DA07D84ACDF184961E92BC0446F75D"", ""Craft stone rocks into stone blocks."")","/Game/Environments/GlobalProps/Blueprints/Fort/FortObjectIcons/stonemason_fort_icon.stonemason_fort_icon","True","True","False","/Game/Environments/GlobalProps/Blueprints/Fort/FortStoneMason_bp.FortStoneMason_bp_C","None","","None","None","True","False","FortDecor","","(GameplayTags=((TagName=""ItemQuality.Magic"")))","Currency","Name","WoodLog_T1_Ash","100","","None","Currency","Name","StoneRock_T1_Sandstone","100","","None",""
Crate,"(RowName=""Decorations"")","(RowName=""Misc"")","0","NSLOCTEXT(""FortPropsTable"", ""405B5C154E49B91796D1928F4E9F43DA"", ""Regular Crate"")","","None","True","True","False","/Game/Environments/GlobalProps/Blueprints/Fort/FortTestCrate.FortTestCrate_C","None","","None","None","False","False","FortDecor","","(GameplayTags=((TagName=""ItemQuality.Normal"")))","Currency","Name","Gold","550","","None","None","Name","None","0","","None",""
Crate_Coast_a_03,"(RowName=""Decorations"")","(RowName=""Misc"")","0","NSLOCTEXT(""FortPropsTable"", ""683C36DE45BB62F44089EDBBDE9545A8"", ""Ransacked Crate"")","","None","True","True","False","/Game/Environments/GlobalProps/Blueprints/Fort/fort_prop_crate_coast_a_03.fort_prop_crate_coast_a_03_C","None","","None","None","False","False","FortDecor","","(GameplayTags=((TagName=""ItemQuality.Normal"")))","Currency","Name","Gold","200","","None","None","Name","None","0","","None",""
Crate_Coast_b_02,"(RowName=""Decorations"")","(RowName=""Misc"")","0","NSLOCTEXT(""FortPropsTable"", ""42AEF79C4C50FFAE91DD2097F49625B5"", ""Ruined Crate"")","","None","True","True","False","/Game/Environments/GlobalProps/Blueprints/Fort/fort_prop_crate_coast_b_02.fort_prop_crate_coast_b_02_C","None","","None","None","False","False","FortDecor","","(GameplayTags=((TagName=""ItemQuality.Normal"")))","Currency","Name","Gold","200","","None","None","Name","None","0","","None",""
Crate_Gobcave_03,"(RowName=""Decorations"")","(RowName=""Misc"")","0","NSLOCTEXT(""FortPropsTable"", ""E511ADA24FA9BC06FD8A4C9B88A7D3E4"", ""Ripped Open Crate"")","","None","True","True","False","/Game/Environments/GlobalProps/Blueprints/Fort/fort_prop_crate_gcave_03.fort_prop_crate_gcave_03_C","None","","None","None","False","False","FortDecor","","(GameplayTags=((TagName=""ItemQuality.Normal"")))","Currency","Name","Gold","200","","None","None","Name","None","0","","None",""
CrateCrystals_01,"(RowName=""Decorations"")","(RowName=""Misc"")","0","NSLOCTEXT(""FortPropsTable"", ""F92A8A3D47BA883E70AB7C91E30A454D"", ""Crystal Filled Crate"")","","None","True","True","False","/Game/Environments/GlobalProps/Blueprints/Fort/fort_crate_crystals_01.fort_crate_crystals_01_C","None","","None","None","False","False","FortDecor","","(GameplayTags=((TagName=""ItemQuality.Magic"")))","Currency","Name","Gold","3300","","None","None","Name","None","0","","None",""
CrateGroup,"(RowName=""Decorations"")","(RowName=""Misc"")","0","NSLOCTEXT(""FortPropsTable"", ""B57C338647B228CC75B6F6AD5C3F4A83"", ""Buncha Regular Crates"")","","None","True","True","False","/Game/Environments/GlobalProps/Blueprints/Fort/fort_prop_crategrp_a_bp.fort_prop_crategrp_a_bp_C","None","","None","None","False","False","FortDecor","","(GameplayTags=((TagName=""ItemQuality.Normal"")))","Currency","Name","Gold","750","","None","None","Name","None","0","","None",""
DuskMageSkillObject,"(RowName=""Decorations"")","(RowName=""Structures"")","1","NSLOCTEXT(""FortPropsTable"", ""3541B77143B9A6ABAA87279D09449233"", ""Arcanum"")","","/Game/Environments/GlobalProps/Blueprints/Fort/FortObjectIcons/arcanium1_fort_icon.arcanium1_fort_icon","True","True","False","/Game/Environments/GlobalProps/Blueprints/Fort/fort_duskmage_skillobject_01_bp.fort_duskmage_skillobject_01_bp_C","None","ClassSkillObjectLevel|Character.Player.DuskMage=1","Fort.Prop.SkillBuilding.Arcanium","DuskMageSkillObject2","False","False","FortDecor","","(GameplayTags=((TagName=""ItemQuality.Legendary"")))","None","None","None","0","","None","None","None","None","0","","None",""
DuskMageSkillObject2,"(RowName=""Decorations"")","(RowName=""Structures"")","1","NSLOCTEXT(""FortPropsTable"", ""BA58789A42D0F484EB030082F96EA90F"", ""Lvl. 2 Arcanum"")","","/Game/Environments/GlobalProps/Blueprints/Fort/FortObjectIcons/arcanium2_fort_icon.arcanium2_fort_icon","True","False","False","/Game/Environments/GlobalProps/Blueprints/Fort/fort_duskmage_skillobject_02_bp.fort_duskmage_skillobject_02_bp_C","None","ClassSkillObjectLevel|Character.Player.DuskMage=2","Fort.Prop.SkillBuilding.Arcanium","DuskMageSkillObject3","True","False","FortDecor","","(GameplayTags=((TagName=""ItemQuality.Legendary"")))","Currency","Name","Gold","2000","","None","Currency","Name","SkillPoints","200","","None",""
DuskMageSkillObject3,"(RowName=""Decorations"")","(RowName=""Structures"")","1","NSLOCTEXT(""FortPropsTable"", ""598D827444CBB8E92833DE9519F17423"", ""Lvl. 3 Arcanum"")","","/Game/Environments/GlobalProps/Blueprints/Fort/FortObjectIcons/arcanium3_fort_icon.arcanium3_fort_icon","True","False","False","/Game/Environments/GlobalProps/Blueprints/Fort/fort_duskmage_skillobject_03_bp.fort_duskmage_skillobject_03_bp_C","None","ClassSkillObjectLevel|Character.Player.DuskMage=3","Fort.Prop.SkillBuilding.Arcanium","DuskMageSkillObject4","True","False","FortDecor","","(GameplayTags=((TagName=""ItemQuality.Legendary"")))","Currency","Name","Gold","10000","","None","Currency","Name","SkillPoints","400","","None",""
DuskMageSkillObject4,"(RowName=""Decorations"")","(RowName=""Structures"")","1","NSLOCTEXT(""FortPropsTable"", ""121CBDFC477902E2FF83CE9EE3B1BAFE"", ""Lvl. 4 Arcanum"")","","/Game/Environments/GlobalProps/Blueprints/Fort/FortObjectIcons/arcanium3_fort_icon.arcanium3_fort_icon","True","False","False","/Game/Environments/GlobalProps/Blueprints/Fort/fort_duskmage_skillobject_03_bp.fort_duskmage_skillobject_03_bp_C","None","ClassSkillObjectLevel|Character.Player.DuskMage=4","Fort.Prop.SkillBuilding.Arcanium","None","True","False","FortDecor","","(GameplayTags=((TagName=""ItemQuality.Legendary"")))","Currency","Name","Gold","15000","","None","Currency","Name","SkillPoints","600","","None",""
DuskMageStatue03,"(RowName=""Storage"")","(RowName=""Wardrobes"")","1","NSLOCTEXT(""FortPropsTable"", ""6523328A4BB38E9B988FBAA23FC442C3"", ""Alpha Hero of Dusk"")","NSLOCTEXT(""FortPropsTable"", ""7DCD87F14A5763ADED8B4BA666486C6A"", ""Thank-you gift for participation in Closed Alpha testing, 2019."")","/Game/Environments/GlobalProps/Blueprints/Fort/FortObjectIcons/duskmage_statue_icon.duskmage_statue_icon","True","True","False","/Game/Environments/GlobalProps/Blueprints/Fort/WardrobeProps/WardrobeProp_DuskMage_Statue03.WardrobeProp_DuskMage_Statue03_C","None","","None","None","False","False","Wardrobe","","(GameplayTags=((TagName=""ItemQuality.Legendary"")))","Currency","Name","Gold","1","","None","None","Name","None","0","","None",""
EmberCrystals_01,"(RowName=""Decorations"")","(RowName=""Foliage"")","0","NSLOCTEXT(""FortPropsTable"", ""FAA370FD43E6B2BABDFB329A6F01F68D"", ""Buncha Azure Crystals"")","","None","True","True","False","/Game/Environments/GlobalProps/Blueprints/Fort/fort_crystals_01.fort_crystals_01_C","None","","None","None","False","False","FortDecor","","(GameplayTags=((TagName=""ItemQuality.Rare"")))","Currency","Name","Gold","9000","","None","None","Name","None","0","","None",""
EmberCrystals_02,"(RowName=""Decorations"")","(RowName=""Foliage"")","0","NSLOCTEXT(""FortPropsTable"", ""C0C46E0A483B8A9FC195698885CE9F77"", ""Gigantic Mysterious Crystal"")","","None","False","False","False","/Game/Environments/GlobalProps/Blueprints/Fort/fort_crystals_02.fort_crystals_02_C","None","","None","None","False","False","FortDecor","","(GameplayTags=((TagName=""ItemQuality.Rare"")))","Currency","Name","Gold","9000","","None","None","Name","None","0","","None",""
EmberCrystals_03,"(RowName=""Decorations"")","(RowName=""Foliage"")","0","NSLOCTEXT(""FortPropsTable"", ""2E584EAB4B2569C63D5BC59E4096E37C"", ""Lotsa Azure Crystal"")","","None","True","True","False","/Game/Environments/GlobalProps/Blueprints/Fort/fort_crystal_gcave_03.fort_crystal_gcave_03_C","None","","None","None","False","False","FortDecor","","(GameplayTags=((TagName=""ItemQuality.Magic"")))","Currency","Name","Gold","2700","","None","None","Name","None","0","","None",""
EmberMaker,"(RowName=""Crafting"")","(RowName=""Crafting"")","1","NSLOCTEXT(""FortPropsTable"", ""E773CD674987B83BCE0C879776F44F67"", ""Reliquary"")","NSLOCTEXT(""FortPropsTable"", ""D357787F406DDC4E5616AB9C6E7FC1A7"", ""Relic crafting and storage."")","/Game/Environments/GlobalProps/Blueprints/Fort/reliquary_icon.reliquary_icon","True","True","False","/Game/Environments/GlobalProps/Blueprints/Fort/FortEmberMaker_bp_1.FortEmberMaker_bp_1_C","None","","None","None","False","True","FortDecor","","(GameplayTags=((TagName=""ItemQuality.Legendary"")))","Currency","Name","Gold","500","","None","None","Name","None","0","","None",""
EmberWeaponMasteryShrine,"(RowName="""")","(RowName="""")","1","NSLOCTEXT(""FortPropsTable"", ""F7C737B44957CBCB84E6029C043BB533"", ""Ember Weapon Shrine"")","","None","False","True","False","/Game/Environments/GlobalProps/Blueprints/Fort/EmberWeaponShrine.EmberWeaponShrine_C","None","","None","None","False","False","FortDecor","","(GameplayTags=)","Currency","Name","Gold","100","","None","None","Name","None","0","","None",""
Fence_Cemetery_01,"(RowName=""Decorations"")","(RowName=""Structures"")","0","NSLOCTEXT(""FortPropsTable"", ""8211CBF54FBF7952A387A083C933E89F"", ""Fence: Cemetery"")","","None","False","False","False","/Game/Environments/GlobalProps/Blueprints/Fort/fort_fence_gy_01.fort_fence_gy_01_C","None","","None","None","False","False","FortDecor","","(GameplayTags=)","Currency","Name","MetalBar_T1_Tin","5","NSLOCTEXT(""FortPropsTable"", ""6EED84994744DA1A1B96C39EC82F546D"", ""5 Tin Bars"")","None","None","Name","None","0","","None",""
Fence_Gob_bf_02,"(RowName=""Decorations"")","(RowName=""Structures"")","0","NSLOCTEXT(""FortPropsTable"", ""BAE2975A4DA769A1B3586D8F2B96CC1F"", ""Still Sturdy Palisade"")","","None","True","True","False","/Game/Environments/GlobalProps/Blueprints/Fort/fort_prop_fence_gobbf02.fort_prop_fence_gobbf02_C","None","","None","None","False","False","FortDecor","","(GameplayTags=((TagName=""ItemQuality.Normal"")))","Currency","Name","WoodLog_T1_Ash","30","","None","None","Name","None","0","","None",""
Fence_Gob_bf_03,"(RowName=""Decorations"")","(RowName=""Structures"")","0","NSLOCTEXT(""FortPropsTable"", ""2E89921F48588F5A603343BB1D95052A"", ""Somewhat Sturdy Palisade"")","","None","True","True","False","/Game/Environments/GlobalProps/Blueprints/Fort/fort_prop_fence_gobbf03.fort_prop_fence_gobbf03_C","None","","None","None","False","False","FortDecor","","(GameplayTags=((TagName=""ItemQuality.Normal"")))","Currency","Name","WoodLog_T1_Ash","30","","None","None","Name","None","0","","None",""
Fence_Gob_bf_04,"(RowName=""Decorations"")","(RowName=""Structures"")","0","NSLOCTEXT(""FortPropsTable"", ""417D67ED4C538847CE1E9DA1800C0799"", ""Questionably Sturdy Palisade"")","","None","True","True","False","/Game/Environments/GlobalProps/Blueprints/Fort/fort_prop_fence_gobbf04.fort_prop_fence_gobbf04_C","None","","None","None","False","False","FortDecor","","(GameplayTags=((TagName=""ItemQuality.Normal"")))","Currency","Name","WoodLog_T1_Ash","30","","None","None","Name","None","0","","None",""
Fence_Gob_bf_05,"(RowName=""Decorations"")","(RowName=""Structures"")","0","NSLOCTEXT(""FortPropsTable"", ""641F66B94C638F2D8228938B7DE879BE"", ""Toppled Palisade"")","","None","True","True","False","/Game/Environments/GlobalProps/Blueprints/Fort/fort_prop_fence_gobbf05.fort_prop_fence_gobbf05_C","None","","None","None","False","False","FortDecor","","(GameplayTags=((TagName=""ItemQuality.Normal"")))","Currency","Name","WoodLog_T1_Ash","30","","None","None","Name","None","0","","None",""
Fence_Goblin_Short,"(RowName=""Decorations"")","(RowName=""Structures"")","0","NSLOCTEXT(""FortPropsTable"", ""856E3CDB4D133CCCD0ED0585B8BBF6F3"", ""Fence: Short Spiked Goblin"")","","None","False","False","False","/Game/Environments/GlobalProps/Blueprints/Fort/FortTestGoblinSpikeFence.FortTestGoblinSpikeFence_C","None","","None","None","False","False","FortDecor","","(GameplayTags=)","Currency","Name","WoodLog_T1_Ash","10","NSLOCTEXT(""FortPropsTable"", ""0BE086E945ED3A8184CA72B6874E24B1"", ""10 Ash Logs"")","None","None","Name","None","0","","None",""
Fence_IO_Ruinswall_04,"(RowName=""Decorations"")","(RowName=""Structures"")","0","NSLOCTEXT(""FortPropsTable"", ""843B961242CF6F1D79A918ADBD678387"", ""Mossy Stone Wall"")","","None","True","True","False","/Game/Environments/GlobalProps/Blueprints/Fort/fort_prop_fence_io_ruinswall_04.fort_prop_fence_io_ruinswall_04_C","None","","None","None","False","False","FortDecor","","(GameplayTags=((TagName=""ItemQuality.Magic"")))","Currency","Name","StoneRock_T1_Sandstone","295","","None","None","Name","None","0","","None",""
Fence_Ladder_Gob_01,"(RowName=""Decorations"")","(RowName=""Structures"")","0","NSLOCTEXT(""FortPropsTable"", ""EE2EBA9D4E53E95DB9AA3A9ECC093C59"", ""Not So Trusty Ladder"")","","None","True","True","False","/Game/Environments/GlobalProps/Blueprints/Fort/fort_prop_ladder_gob_01.fort_prop_ladder_gob_01_C","None","","None","None","False","False","FortDecor","","(GameplayTags=((TagName=""ItemQuality.Normal"")))","Currency","Name","WoodLog_T1_Ash","30","","None","None","Name","None","0","","None",""
Fence_Palisade_Tall,"(RowName=""Decorations"")","(RowName=""Structures"")","0","NSLOCTEXT(""FortPropsTable"", ""C52815B640850D96E47BEA9BDA0E6318"", ""Sturdy Palisade"")","","None","True","True","False","/Game/Environments/GlobalProps/Blueprints/Fort/FortTestWoodPalisade.FortTestWoodPalisade_C","None","","None","None","False","False","FortDecor","","(GameplayTags=((TagName=""ItemQuality.Normal"")))","Currency","Name","WoodLog_T1_Ash","30","","None","None","Name","None","0","","None",""
Fence_Stone_Goblin_Short,"(RowName=""Decorations"")","(RowName=""Structures"")","0","NSLOCTEXT(""FortPropsTable"", ""73B1B4914AE7691983671B81818AC371"", ""Fence: Short Stone Goblin"")","","None","False","False","False","/Game/Environments/GlobalProps/Blueprints/Fort/FortTestGoblinFence.FortTestGoblinFence_C","None","","None","None","False","False","FortDecor","","(GameplayTags=)","Currency","Name","StoneRock_T1_Sandstone","10","NSLOCTEXT(""FortPropsTable"", ""518B9522432035EEEDE8E18E9D9FC57A"", ""10 Sandstone Rocks"")","None","None","Name","None","0","","None",""
Fishbones_03,"(RowName=""Decorations"")","(RowName=""Foliage"")","0","NSLOCTEXT(""FortPropsTable"", ""F645A3034F0E11411B5C2BA2B799ACB9"", ""Fearsome Fish Bones"")","","None","True","True","False","/Game/Environments/GlobalProps/Blueprints/Fort/fort_prop_fishbones_gobrr_03.fort_prop_fishbones_gobrr_03_C","None","","None","None","False","False","FortDecor","","(GameplayTags=((TagName=""ItemQuality.Rare"")))","Currency","Name","Gold","8800","","None","None","Name","None","0","","None",""
Flooring_Planks_gobrr_01,"(RowName=""Decorations"")","(RowName=""Structures"")","0","NSLOCTEXT(""FortPropsTable"", ""7BBB040A431D86BDE657E9996977C0E9"", ""Creaky Wooden Planks"")","","None","True","True","False","/Game/Environments/GlobalProps/Blueprints/Fort/fort_prop_floor_gobrr_dockbridge_01.fort_prop_floor_gobrr_dockbridge_01_C","None","","None","None","False","False","FortDecor","","(GameplayTags=((TagName=""ItemQuality.Normal"")))","Currency","Name","WoodPlank_T1_Ash","12","","None","None","Name","None","0","","None",""
Flooring_Planks_gobrr_03,"(RowName=""Decorations"")","(RowName=""Structures"")","0","NSLOCTEXT(""FortPropsTable"", ""0B22435341B542FCB49A6692E5823627"", ""Uneven Scrap Planks"")","","None","True","True","False","/Game/Environments/GlobalProps/Blueprints/Fort/fort_prop_floor_gobrr_dockbridge_03.fort_prop_floor_gobrr_dockbridge_03_C","None","","None","None","False","False","FortDecor","","(GameplayTags=((TagName=""ItemQuality.Normal"")))","Currency","Name","WoodPlank_T1_Ash","20","","None","None","Name","None","0","","None",""
Flooring_Stones_Cemetery_01,"(RowName=""Decorations"")","(RowName=""Structures"")","0","NSLOCTEXT(""FortPropsTable"", ""9F3537F6400B6C7595630F913E91DBE5"", ""Cold Heavy Pavers"")","","None","True","True","False","/Game/Environments/GlobalProps/Blueprints/Fort/fort_flooring_stone_01.fort_flooring_stone_01_C","None","","None","None","False","False","FortDecor","","(GameplayTags=((TagName=""ItemQuality.Normal"")))","Currency","Name","StoneBlock_T1_Sandstone","12","","None","None","Name","None","0","","None",""
Flooring_Stones_Gobcave_Smallrocks_03,"(RowName=""Decorations"")","(RowName=""Structures"")","0","NSLOCTEXT(""FortPropsTable"", ""BC93B0894F09D1DB78DB7494BEB28FBB"", ""Smattering of Rocks"")","","None","True","True","False","/Game/Environments/GlobalProps/Blueprints/Fort/fort_prop_floor_gcave_smallrocks_03.fort_prop_floor_gcave_smallrocks_03_C","None","","None","None","False","False","FortDecor","","(GameplayTags=((TagName=""ItemQuality.Normal"")))","Currency","Name","StoneRock_T1_Sandstone","15","","None","None","Name","None","0","","None",""
Flooring_Stones_Gobcave_Smallrocks_04,"(RowName=""Decorations"")","(RowName=""Structures"")","0","NSLOCTEXT(""FortPropsTable"", ""9F37E52E445F24BE5E9A33B19CFE518A"", ""Clustering of Rocks"")","","None","True","True","False","/Game/Environments/GlobalProps/Blueprints/Fort/fort_prop_floor_gcave_smallrocks_04.fort_prop_floor_gcave_smallrocks_04_C","None","","None","None","False","False","FortDecor","","(GameplayTags=((TagName=""ItemQuality.Normal"")))","Currency","Name","StoneRock_T1_Sandstone","15","","None","None","Name","None","0","","None",""
Flooring_Stones_Gobcave_Smallrocks_05,"(RowName=""Decorations"")","(RowName=""Structures"")","0","NSLOCTEXT(""FortPropsTable"", ""B7B51B574396661F06D9EA859CCA072C"", ""Clump of Rocks"")","","None","True","True","False","/Game/Environments/GlobalProps/Blueprints/Fort/fort_prop_floor_gcave_smallrocks_05.fort_prop_floor_gcave_smallrocks_05_C","None","","None","None","False","False","FortDecor","","(GameplayTags=((TagName=""ItemQuality.Normal"")))","Currency","Name","StoneRock_T1_Sandstone","15","","None","None","Name","None","0","","None",""
Flooring_Stones_Gobcave_Smallrocks_06,"(RowName=""Decorations"")","(RowName=""Structures"")","0","NSLOCTEXT(""FortPropsTable"", ""A3A69C26407CCF36A846F589673DAA76"", ""Scattering of Rocks"")","","None","True","True","False","/Game/Environments/GlobalProps/Blueprints/Fort/fort_prop_floor_gcave_smallrocks_06.fort_prop_floor_gcave_smallrocks_06_C","None","","None","None","False","False","FortDecor","","(GameplayTags=((TagName=""ItemQuality.Normal"")))","Currency","Name","StoneRock_T1_Sandstone","15","","None","None","Name","None","0","","None",""
Foliage_Goblin_01,"(RowName=""Decorations"")","(RowName=""Foliage"")","0","NSLOCTEXT(""FortPropsTable"", ""2246620F40A70FFC7AD60092DD932B81"", ""Small Leafy Shrub"")","","None","True","True","False","/Game/Environments/GlobalProps/Blueprints/Fort/fort_foliage_gob_01.fort_foliage_gob_01_C","None","","None","None","False","False","FortDecor","","(GameplayTags=((TagName=""ItemQuality.Normal"")))","Currency","Name","Gold","150","","None","None","Name","None","0","","None",""
Foliage_Goblin_02,"(RowName=""Decorations"")","(RowName=""Foliage"")","0","NSLOCTEXT(""FortPropsTable"", ""4752478645F88C09A2C1D3A384CB9240"", ""Dense Growing Shrub"")","","None","True","True","False","/Game/Environments/GlobalProps/Blueprints/Fort/fort_foliage_gob_02.fort_foliage_gob_02_C","None","","None","None","False","False","FortDecor","","(GameplayTags=((TagName=""ItemQuality.Normal"")))","Currency","Name","Gold","150","","None","None","Name","None","0","","None",""
Foliage_Goblin_03,"(RowName=""Decorations"")","(RowName=""Foliage"")","0","NSLOCTEXT(""FortPropsTable"", ""5E1621434F029F62109C7CB5FA42315E"", ""Verdant Broadleaf Shrub"")","","None","True","True","False","/Game/Environments/GlobalProps/Blueprints/Fort/fort_foliage_gob_03.fort_foliage_gob_03_C","None","","None","None","False","False","FortDecor","","(GameplayTags=((TagName=""ItemQuality.Normal"")))","Currency","Name","Gold","150","","None","None","Name","None","0","","None",""
Foliage_Hyvid_01,"(RowName=""Decorations"")","(RowName=""Foliage"")","0","NSLOCTEXT(""FortPropsTable"", ""2BAD68434E8EAD8F9A6830A5610C4F0B"", ""Twitchy Tentacles"")","","None","True","False","False","/Game/Environments/GlobalProps/Blueprints/Fort/fort_foliage_if_01.fort_foliage_if_01_C","None","","None","None","False","False","FortDecor","","(GameplayTags=((TagName=""ItemQuality.Magic"")))","Currency","Name","Gold","4000","","None","None","Name","None","0","","None",""
ForgedSkillObject,"(RowName=""Decorations"")","(RowName=""Structures"")","1","NSLOCTEXT(""FortPropsTable"", ""45457C244B4E86EC6DEB309CAFA74FC6"", ""Automaton Shop"")","","/Game/Environments/GlobalProps/Blueprints/Fort/FortObjectIcons/automation1_fort_icon.automation1_fort_icon","True","True","False","/Game/Environments/GlobalProps/Blueprints/Fort/fort_forged_skillobject_01_bp.fort_forged_skillobject_01_bp_C","None","ClassSkillObjectLevel|Character.Player.Forged=1","Fort.Prop.SkillBuilding.AutomatonShop","ForgedSkillObject2","False","False","FortDecor","","(GameplayTags=((TagName=""ItemQuality.Legendary"")))","None","None","None","0","","None","None","None","None","0","","None",""
ForgedSkillObject2,"(RowName=""Decorations"")","(RowName=""Structures"")","1","NSLOCTEXT(""FortPropsTable"", ""633F4663480DE524122E8180ADA293CC"", ""Lvl. 2 Automaton Shop"")","","/Game/Environments/GlobalProps/Blueprints/Fort/FortObjectIcons/automation2_fort_icon.automation2_fort_icon","True","False","False","/Game/Environments/GlobalProps/Blueprints/Fort/fort_forged_skillobject_02_bp.fort_forged_skillobject_02_bp_C","None","ClassSkillObjectLevel|Character.Player.Forged=2","Fort.Prop.SkillBuilding.AutomatonShop","ForgedSkillObject3","True","False","FortDecor","","(GameplayTags=((TagName=""ItemQuality.Legendary"")))","Currency","Name","Gold","2000","","None","Currency","Name","SkillPoints","200","","None",""
ForgedSkillObject3,"(RowName=""Decorations"")","(RowName=""Structures"")","1","NSLOCTEXT(""FortPropsTable"", ""13B3D37A4C5E85C45F11B5A4F6EFBAD7"", ""Lvl. 3 Automaton Shop"")","","/Game/Environments/GlobalProps/Blueprints/Fort/FortObjectIcons/automation3_fort_icon.automation3_fort_icon","True","False","False","/Game/Environments/GlobalProps/Blueprints/Fort/fort_forged_skillobject_03_bp.fort_forged_skillobject_03_bp_C","None","ClassSkillObjectLevel|Character.Player.Forged=3","Fort.Prop.SkillBuilding.AutomatonShop","ForgedSkillObject4","True","False","FortDecor","","(GameplayTags=((TagName=""ItemQuality.Legendary"")))","Currency","Name","Gold","10000","","None","Currency","Name","SkillPoints","400","","None",""
ForgedSkillObject4,"(RowName=""Decorations"")","(RowName=""Structures"")","1","NSLOCTEXT(""FortPropsTable"", ""4C29D2D242CDCCE2F3409292D2AF174C"", ""Lvl. 4 Automaton Shop"")","","/Game/Environments/GlobalProps/Blueprints/Fort/FortObjectIcons/automation3_fort_icon.automation3_fort_icon","True","False","False","/Game/Environments/GlobalProps/Blueprints/Fort/fort_forged_skillobject_03_bp.fort_forged_skillobject_03_bp_C","None","ClassSkillObjectLevel|Character.Player.Forged=4","Fort.Prop.SkillBuilding.AutomatonShop","None","True","False","FortDecor","","(GameplayTags=((TagName=""ItemQuality.Legendary"")))","Currency","Name","Gold","15000","","None","Currency","Name","SkillPoints","600","","None",""
Gate_Cemetery_01,"(RowName=""Decorations"")","(RowName=""Structures"")","0","NSLOCTEXT(""FortPropsTable"", ""5F35E6D94C0EAE8116761FB17B303DE8"", ""Cemetery Gate"")","","None","False","False","False","/Game/Environments/GlobalProps/Blueprints/Fort/fort_gate_gy_01.fort_gate_gy_01_C","None","","None","None","False","False","FortDecor","","(GameplayTags=)","Currency","Name","StoneBlock_T1_Sandstone","10","NSLOCTEXT(""FortPropsTable"", ""8A1974FF4607FED946C49785D86677AB"", ""10 Sandstone Blocks"")","None","Currency","Name","MetalBar_T1_Tin","15","NSLOCTEXT(""FortPropsTable"", ""EE15A4814F30BBE61E69A4B50E7C1569"", ""15 Tin Bars"")","None",""
GoblinAltar_01,"(RowName=""Decorations"")","(RowName=""Misc"")","0","NSLOCTEXT(""FortPropsTable"", ""C70CF0664656EFE2FDA8429F40DD21DA"", ""Worldgnasher Altar"")","","None","False","False","False","/Game/Environments/GlobalProps/Blueprints/Fort/fort_prop_statue_goblin_01.fort_prop_statue_goblin_01_C","None","","None","None","False","False","FortDecor","","(GameplayTags=)","Currency","Name","Gold","500","NSLOCTEXT(""FortPropsTable"", ""9074CF5A4FEAC7B03D0A05A3F217864C"", ""500 Gold"")","None","Currency","Name","StoneRock_T1_Sandstone","50","NSLOCTEXT(""FortPropsTable"", ""C7F831364B0E3EEBE5A72C9970E7C8DB"", ""50 Sandstone Rocks"")","None",""
GoblinCutOut,"(RowName=""Decorations"")","(RowName=""Misc"")","0","NSLOCTEXT(""FortPropsTable"", ""816FB30A46C18478A0B1769A52AD7DEF"", ""Goblin Target Dummy"")","","None","True","True","False","/Game/Environments/GlobalProps/Blueprints/Fort/FortTestGoblinCutOut.FortTestGoblinCutOut_C","None","","None","None","False","False","FortDecor","","(GameplayTags=((TagName=""ItemQuality.Magic"")))","Currency","Name","WoodPlank_T1_Ash","75","","None","None","Name","None","0","","None",""
GoblinHut_River_01,"(RowName=""Decorations"")","(RowName=""Structures"")","0","NSLOCTEXT(""FortPropsTable"", ""C67B824748B7573325690ABE425AA018"", ""River Gob Hut"")","","None","False","False","False","/Game/Environments/GlobalProps/Blueprints/Fort/fort_prop_gobriverhut_01.fort_prop_gobriverhut_01_C","None","","None","None","False","False","FortDecor","","(GameplayTags=)","Currency","Name","Gold","500","NSLOCTEXT(""FortPropsTable"", ""936AC0184137843A86430AAB64C6F3CE"", ""500 Gold"")","None","Currency","Name","WoodLog_T1_Ash","40","NSLOCTEXT(""FortPropsTable"", ""CC1904644F1196EF6169D6BDEAF4FCD5"", ""40 Ash Logs"")","None",""
GoblinHutSet_River_01,"(RowName=""Decorations"")","(RowName=""Structures"")","0","NSLOCTEXT(""FortPropsTable"", ""C601CE5D4E4F706AC01D058D57CBEF01"", ""Goblin Hovel"")","","None","False","False","False","/Game/Environments/GlobalProps/Blueprints/Fort/fort_prop_gobhut_01.fort_prop_gobhut_01_C","None","","None","None","False","False","FortDecor","","(GameplayTags=)","Currency","Name","Gold","500","NSLOCTEXT(""FortPropsTable"", ""CC044EB341E23EB5F87361ACD1A782EF"", ""500 Gold"")","None","Currency","Name","StoneRock_T1_Sandstone","40","NSLOCTEXT(""FortPropsTable"", ""204A298E4B6B9C90865DA79C377D9A4F"", ""40 Sandstone Rocks"")","None",""
GoblinMinerStatue_Copper,"(RowName=""Decorations"")","(RowName=""Misc"")","0","NSLOCTEXT(""FortPropsTable"", ""5CBF41CB404F8A093BEA66A94BC1E30F"", ""Copper Goblin Miner Statue"")","NSLOCTEXT(""FortPropsTable"", ""9DC408104DFA90138F98698044FF4968"", ""A gleaming goblin for your glorious garrison."")","None","False","False","False","/Game/Environments/GlobalProps/Blueprints/Fort/fort_prop_gobstatue_c2_bp.fort_prop_gobstatue_c2_bp_C","None","","None","None","False","False","FortDecor","","(GameplayTags=((TagName=""ItemQuality.Rare"")))","Currency","Name","MetalBar_T1_Tin","20","NSLOCTEXT(""FortPropsTable"", ""6584CA41424526B8EEE86E894D67FE68"", ""20 Tin Bars"")","None","None","Name","None","0","","None",""
GoblinMinerStatue_Stone,"(RowName=""Decorations"")","(RowName=""Misc"")","0","NSLOCTEXT(""FortPropsTable"", ""9E3AB6C841351AD6AFDE5D982F6C8B67"", ""Stone Goblin Miner Statue"")","","None","False","False","False","/Game/Environments/GlobalProps/Blueprints/Fort/fort_prop_gobstatue_c_bp.fort_prop_gobstatue_c_bp_C","None","","None","None","False","False","FortDecor","","(GameplayTags=)","Currency","Name","StoneBlock_T1_Sandstone","20","NSLOCTEXT(""FortPropsTable"", ""43205D804F4743158FAD128EAEEBD933"", ""20 Sandstone Blocks"")","None","None","Name","None","0","","None",""
GoblinRiderStatue_Copper,"(RowName=""Decorations"")","(RowName=""Misc"")","0","NSLOCTEXT(""FortPropsTable"", ""1A0BDFF74B838FCD29F4CB8A67EE5F5A"", ""Copper Goblin Rider Statue"")","","None","False","False","False","/Game/Environments/GlobalProps/Blueprints/Fort/fort_prop_gobstatue_b2_bp.fort_prop_gobstatue_b2_bp_C","None","","None","None","False","False","FortDecor","","(GameplayTags=)","Currency","Name","MetalBar_T1_Tin","20","NSLOCTEXT(""FortPropsTable"", ""618C49904F7A15A514BB7D959252A8F7"", ""20 Tin Bars"")","None","None","Name","None","0","","None",""
GoblinRiderStatue_Stone,"(RowName=""Decorations"")","(RowName=""Misc"")","0","NSLOCTEXT(""FortPropsTable"", ""74AC710843CB4A30A9E1D4BAD691F8BA"", ""Stone Goblin Rider Statue"")","","None","False","False","False","/Game/Environments/GlobalProps/Blueprints/Fort/fort_prop_gobstatue_b_bp.fort_prop_gobstatue_b_bp_C","None","","None","None","False","False","FortDecor","","(GameplayTags=)","Currency","Name","StoneBlock_T1_Sandstone","20","NSLOCTEXT(""FortPropsTable"", ""F10680984951D46E6F8F7C85B7D78E7C"", ""20 Sandstone Blocks"")","None","None","Name","None","0","","None",""
GoblinStatue_Copper,"(RowName=""Decorations"")","(RowName=""Misc"")","0","NSLOCTEXT(""FortPropsTable"", ""3FC27AD2445979BFE0D1248D3BE61980"", ""Copper Goblin Statue"")","","None","False","False","False","/Game/Environments/GlobalProps/Blueprints/Fort/fort_prop_gobstatue_a2_bp.fort_prop_gobstatue_a2_bp_C","None","","None","None","False","False","FortDecor","","(GameplayTags=)","Currency","Name","MetalBar_T1_Tin","20","NSLOCTEXT(""FortPropsTable"", ""2EFA708C4360B46A1B72F196C5580D55"", ""20 Tin Bars"")","None","None","Name","None","0","","None",""
GoblinStatue_Stone,"(RowName=""Decorations"")","(RowName=""Misc"")","0","NSLOCTEXT(""FortPropsTable"", ""C92DB0AA456E36CA735DDE9C995252DA"", ""Stone Goblin Statue"")","","None","False","False","False","/Game/Environments/GlobalProps/Blueprints/Fort/fort_prop_gobstatue_a_bp.fort_prop_gobstatue_a_bp_C","None","","None","None","False","False","FortDecor","","(GameplayTags=)","Currency","Name","StoneBlock_T1_Sandstone","20","NSLOCTEXT(""FortPropsTable"", ""1106497B4F8B5448C82D64A5D93C15C6"", ""20 Sandstone Blocks"")","None","None","Name","None","0","","None",""
GroundHatch,"(RowName=""Decorations"")","(RowName=""Structures"")","0","NSLOCTEXT(""FortPropsTable"", ""A7A705EB46F436EEA4BB57927619BDDD"", ""EZ Open Hatch"")","","None","True","True","False","/Game/Environments/GlobalProps/Blueprints/Fort/fort_prop_hatch_a_bp.fort_prop_hatch_a_bp_C","None","","None","None","False","False","FortDecor","","(GameplayTags=((TagName=""ItemQuality.Magic"")))","Currency","Name","WoodPlank_T1_Ash","75","","None","None","Name","None","0","","None",""
Haste_Shrine,"(RowName="""")","(RowName="""")","1","NSLOCTEXT(""FortPropsTable"", ""B65CFD5A4E9BEFB82E215591A24BA871"", ""Haste Shrine"")","","None","False","True","False","/Game/Environments/GlobalProps/Blueprints/Fort/fort_shrine_haste_01_bp.fort_shrine_haste_01_bp_C","None","","None","None","True","False","FortDecor","","(GameplayTags=)","Currency","Name","WoodLog_T1_Ash","50","NSLOCTEXT(""FortPropsTable"", ""1A6DFC7A4C77C54FEFEAD3BA46F2076E"", ""50 Wood Logs"")","None","None","Name","None","0","","None",""
Healing_Shrine,"(RowName="""")","(RowName="""")","1","NSLOCTEXT(""FortPropsTable"", ""BD975002427083CBB3BFAA82ECB97ECB"", ""Healing Shrine"")","","None","False","True","False","/Game/Environments/GlobalProps/Blueprints/Fort/fort_shrine_healing_01_bp.fort_shrine_healing_01_bp_C","None","","None","None","True","False","FortDecor","","(GameplayTags=)","Currency","Name","WoodLog_T1_Ash","50","NSLOCTEXT(""FortPropsTable"", ""D5BB196044ADF175D7751AA1F7AA7116"", ""50 Wood Logs"")","None","None","Name","None","0","","None",""
InfestedEmberCrystals2,"(RowName=""Decorations"")","(RowName=""Foliage"")","0","NSLOCTEXT(""FortPropsTable"", ""D5B4B854419FD25439156E86F28EE7ED"", ""Buncha Gigantic Crystals"")","","None","False","False","False","/Game/Environments/GlobalProps/Blueprints/Fort/fort_crystals_03.fort_crystals_03_C","None","","None","None","False","False","FortDecor","","(GameplayTags=((TagName=""ItemQuality.Rare"")))","Currency","Name","Gold","9000","","None","None","Name","None","0","","None",""
Junk_Gobbf_a_05,"(RowName=""Decorations"")","(RowName=""Misc"")","0","NSLOCTEXT(""FortPropsTable"", ""6C17B67147B413BD9929979F24DDC84D"", ""Old Dusty Junk"")","","None","True","True","False","/Game/Environments/GlobalProps/Blueprints/Fort/fort_prop_junk_gobbf_a_05.fort_prop_junk_gobbf_a_05_C","None","","None","None","False","False","FortDecor","","(GameplayTags=((TagName=""ItemQuality.Normal"")))","Currency","Name","Gold","900","","None","None","Name","None","0","","None",""
Junk_Gobbf_a_06,"(RowName=""Decorations"")","(RowName=""Misc"")","0","NSLOCTEXT(""FortPropsTable"", ""4F8BE8FA4994268B52B46AB7F1BB5103"", ""Old Rusty Junk"")","","None","True","True","False","/Game/Environments/GlobalProps/Blueprints/Fort/fort_prop_junk_gobbf_a_06.fort_prop_junk_gobbf_a_06_C","None","","None","None","False","False","FortDecor","","(GameplayTags=((TagName=""ItemQuality.Normal"")))","Currency","Name","Gold","900","","None","None","Name","None","0","","None",""
Junk_Gobbf_b_03,"(RowName=""Decorations"")","(RowName=""Misc"")","0","NSLOCTEXT(""FortPropsTable"", ""2060FFD24AF167991FC41F927630926F"", ""Old Crusty Junk"")","","None","True","True","False","/Game/Environments/GlobalProps/Blueprints/Fort/fort_prop_junk_gobbf_b_03.fort_prop_junk_gobbf_b_03_C","None","","None","None","False","False","FortDecor","","(GameplayTags=((TagName=""ItemQuality.Normal"")))","Currency","Name","Gold","900","","None","None","Name","None","0","","None",""
Junk_Gobbf_c_05,"(RowName=""Decorations"")","(RowName=""Misc"")","0","NSLOCTEXT(""FortPropsTable"", ""0B6235594A4433C851E3198BABFFCC46"", ""Old Musty Junk"")","","None","True","True","False","/Game/Environments/GlobalProps/Blueprints/Fort/fort_prop_junk_gobbf_c_05.fort_prop_junk_gobbf_c_05_C","None","","None","None","False","False","FortDecor","","(GameplayTags=((TagName=""ItemQuality.Normal"")))","Currency","Name","Gold","1500","","None","None","Name","None","0","","None",""
LampPost,"(RowName=""Decorations"")","(RowName=""Structures"")","4","NSLOCTEXT(""FortPropsTable"", ""2ADDAFF7413CFCDFF18CCD936BAB712A"", ""Jury Rigged Lamp Post"")","","None","True","True","False","/Game/Environments/GlobalProps/Blueprints/Fort/FortTestLamp.FortTestLamp_C","None","","None","None","False","False","FortDecor","","(GameplayTags=((TagName=""ItemQuality.Magic"")))","Currency","Name","WoodPlank_T1_Ash","60","","None","Currency","Name","MetalBar_T1_Tin","15","","None",""
LampPost_Imperial_01,"(RowName=""Decorations"")","(RowName=""Structures"")","4","NSLOCTEXT(""FortPropsTable"", ""BCA8B6D6488FCDDC8D71ACA135ABCB80"", ""Imperial Lamppost"")","","None","False","False","False","/Game/Environments/GlobalProps/Blueprints/Fort/fort_lamppost_io_01.fort_lamppost_io_01_C","None","","None","None","False","False","FortDecor","","(GameplayTags=)","Currency","Name","WoodLog_T1_Ash","10","NSLOCTEXT(""FortPropsTable"", ""89690B7E456BCE26B162DE9B9733D249"", ""10 Ash Logs"")","None","Currency","Name","StoneRock_T1_Sandstone","15","NSLOCTEXT(""FortPropsTable"", ""15DB4C9A4C1120A096C1F2A1BEBC6AC5"", ""15 Sandstone Rocks"")","None",""
Machine,"(RowName=""Decorations"")","(RowName=""Misc"")","0","NSLOCTEXT(""FortPropsTable"", ""01DCCD2A44CC93EADFA7B994E8ABA89A"", ""Clunky Machine"")","","None","False","False","False","/Game/Environments/GlobalProps/Blueprints/Fort/fort_prop_machinery_a_bp.fort_prop_machinery_a_bp_C","None","","None","None","False","False","FortDecor","","(GameplayTags=)","Currency","Name","MetalBar_T1_Tin","50","NSLOCTEXT(""FortPropsTable"", ""17ED798440F4ABF33DE4BAAE6B835B37"", ""50 Tin Bars"")","None","None","Name","None","0","","None",""
Mana_Shrine,"(RowName="""")","(RowName="""")","1","NSLOCTEXT(""FortPropsTable"", ""107008D24B7879D0AD5B0A8EA93478D7"", ""Mana Shrine"")","","None","False","True","False","/Game/Environments/GlobalProps/Blueprints/Fort/fort_shrine_mana_01_bp.fort_shrine_mana_01_bp_C","None","","None","None","True","False","FortDecor","","(GameplayTags=)","Currency","Name","WoodLog_T1_Ash","50","NSLOCTEXT(""FortPropsTable"", ""A96749FF41646F915FF01F8C8EDC9262"", ""50 Wood Logs"")","None","None","Name","None","0","","None",""
MapWorksProp,"(RowName=""Decorations"")","(RowName=""Structures"")","1","NSLOCTEXT(""FortPropsTable"", ""143373754037750BC4741195C8773809"", ""Inert Mapworks Device"")","NSLOCTEXT(""FortPropsTable"", ""3FCCD0674AD176C0285033900F1617EA"", ""Inactive ancient map crafting device from the Clockwork Core"")","None","True","True","False","/Game/Environments/GlobalProps/Blueprints/Fort/FortMapworksDeviceProp_bp.FortMapworksDeviceProp_bp_C","None","","None","None","False","False","FortDecor","","(GameplayTags=((TagName=""ItemQuality.Legendary"")))","Currency","Name","Gold","5000","","None","None","Name","None","0","","None",""
Mausoleum_Tall_01,"(RowName=""Decorations"")","(RowName=""Structures"")","0","NSLOCTEXT(""FortPropsTable"", ""878E56F44CE69CC363E07B9344045FE7"", ""Mausoleum"")","","None","False","False","False","/Game/Environments/GlobalProps/Blueprints/Fort/fort_mausoleum_01.fort_mausoleum_01_C","None","","None","None","False","False","FortDecor","","(GameplayTags=)","Currency","Name","StoneBlock_T1_Sandstone","50","NSLOCTEXT(""FortPropsTable"", ""FC18168F4B637AEEC3C92A821B09E62D"", ""50 Sandstone Blocks"")","None","Currency","Name","StoneBlock_T1_Sandstone","50","NSLOCTEXT(""FortPropsTable"", ""9781D17F44FC6B7F85C3108C0841B144"", ""50 Sandstone Blocks"")","None",""
Might_Shrine,"(RowName="""")","(RowName="""")","1","NSLOCTEXT(""FortPropsTable"", ""6406237844FC4409CD90AB9B28C860B5"", ""Might Shrine"")","","None","False","True","False","/Game/Environments/GlobalProps/Blueprints/Fort/fort_shrine_might_01_bp.fort_shrine_might_01_bp_C","None","","None","None","True","False","FortDecor","","(GameplayTags=)","Currency","Name","WoodLog_T1_Ash","50","NSLOCTEXT(""FortPropsTable"", ""6499F68149C758E5DF2A1A9644F526A9"", ""50 Wood Logs"")","None","None","Name","None","0","","None",""
Mushrooms_GobInfCave_02,"(RowName=""Decorations"")","(RowName=""Foliage"")","0","NSLOCTEXT(""FortPropsTable"", ""B4B460AB4EF1756146DCB5B96DB9DEA8"", ""Buncha Creepy Mushrooms"")","","None","True","True","False","/Game/Environments/GlobalProps/Blueprints/Fort/fort_prop_mushroom_gobinfcave_02.fort_prop_mushroom_gobinfcave_02_C","None","","None","None","False","False","FortDecor","","(GameplayTags=((TagName=""ItemQuality.Magic"")))","Currency","Name","Gold","1500","","None","None","Name","None","0","","None",""
Mushrooms_Goblin_01,"(RowName=""Decorations"")","(RowName=""Foliage"")","0","NSLOCTEXT(""FortPropsTable"", ""7500D03848A5AD0530126BB892CA84B1"", ""Buncha Speckled Mushrooms"")","","None","True","True","False","/Game/Environments/GlobalProps/Blueprints/Fort/fort_mushrooms_goblin_01.fort_mushrooms_goblin_01_C","None","","None","None","False","False","FortDecor","","(GameplayTags=((TagName=""ItemQuality.Normal"")))","Currency","Name","Gold","150","","None","None","Name","None","0","","None",""
Mushrooms_Goblin_02,"(RowName=""Decorations"")","(RowName=""Foliage"")","0","NSLOCTEXT(""FortPropsTable"", ""B9F4DD254CB8ADAD70B3C9AB7E360145"", ""Lil Speckled Mushroom"")","","None","True","True","False","/Game/Environments/GlobalProps/Blueprints/Fort/fort_mushrooms_goblin_02.fort_mushrooms_goblin_02_C","None","","None","None","False","False","FortDecor","","(GameplayTags=((TagName=""ItemQuality.Normal"")))","Currency","Name","Gold","150","","None","None","Name","None","0","","None",""
Mushrooms_Goblin_Ground_02,"(RowName=""Decorations"")","(RowName=""Foliage"")","0","NSLOCTEXT(""FortPropsTable"", ""65B695EA46405D99A5F264A3AC9A7D9D"", ""Pair a Speckled Mushrooms"")","","None","True","True","False","/Game/Environments/GlobalProps/Blueprints/Fort/fort_prop_mushroom_gob_groundmushroom_02.fort_prop_mushroom_gob_groundmushroom_02_C","None","","None","None","False","False","FortDecor","","(GameplayTags=((TagName=""ItemQuality.Normal"")))","Currency","Name","Gold","150","","None","None","Name","None","0","","None",""
Mushrooms_Hyvid_01,"(RowName=""Decorations"")","(RowName=""Foliage"")","0","NSLOCTEXT(""FortPropsTable"", ""F24432B840B6A4BC986BC5BDFEAD0853"", ""Buncha Freaky Mushrooms"")","","None","True","True","False","/Game/Environments/GlobalProps/Blueprints/Fort/fort_mushrooms_hyvid_01.fort_mushrooms_hyvid_01_C","None","","None","None","False","False","FortDecor","","(GameplayTags=((TagName=""ItemQuality.Magic"")))","Currency","Name","Gold","1500","","None","None","Name","None","0","","None",""
Pillar_Cemetery,"(RowName=""Decorations"")","(RowName=""Structures"")","0","NSLOCTEXT(""FortPropsTable"", ""33CDA9654B492A03F3B858A5CC2C0199"", ""Cemetery Post"")","","None","False","False","False","/Game/Environments/GlobalProps/Blueprints/Fort/fort_post_gy_01.fort_post_gy_01_C","None","","None","None","False","False","FortDecor","","(GameplayTags=)","Currency","Name","StoneBlock_T1_Sandstone","5","NSLOCTEXT(""FortPropsTable"", ""B22D76CA43983EABFEE001A46D84F976"", ""5 Sandstone Blocks"")","None","Currency","Name","MetalBar_T1_Tin","10","NSLOCTEXT(""FortPropsTable"", ""14F47C5D4324A42A500BA39785EDC871"", ""10 Tin Bars"")","None",""
RailmasterSkillObject,"(RowName=""Decorations"")","(RowName=""Structures"")","1","NSLOCTEXT(""FortPropsTable"", ""26C6E77542BD3C5C573D7F8F82E98ADF"", ""Workshop"")","","/Game/Environments/GlobalProps/Blueprints/Fort/FortObjectIcons/workshop1_fort_icon.workshop1_fort_icon","True","True","False","/Game/Environments/GlobalProps/Blueprints/Fort/fort_railmaster_skillobject_01_bp.fort_railmaster_skillobject_01_bp_C","None","ClassSkillObjectLevel|Character.Player.Railman=1","Fort.Prop.SkillBuilding.Workshop","RailmasterSkillObject2","False","False","FortDecor","","(GameplayTags=((TagName=""ItemQuality.Legendary"")))","None","None","None","0","","None","None","None","None","0","","None",""
RailmasterSkillObject2,"(RowName=""Decorations"")","(RowName=""Structures"")","1","NSLOCTEXT(""FortPropsTable"", ""F91B246C41D85883FEDE5A9607AF79AF"", ""Lvl. 2 Workshop"")","","/Game/Environments/GlobalProps/Blueprints/Fort/FortObjectIcons/workshop2_fort_icon.workshop2_fort_icon","True","False","False","/Game/Environments/GlobalProps/Blueprints/Fort/fort_railmaster_skillobject_02_bp.fort_railmaster_skillobject_02_bp_C","None","ClassSkillObjectLevel|Character.Player.Railman=2","Fort.Prop.SkillBuilding.Workshop","RailmasterSkillObject3","True","False","FortDecor","","(GameplayTags=((TagName=""ItemQuality.Legendary"")))","Currency","Name","Gold","2000","","None","Currency","Name","SkillPoints","200","","None",""
RailmasterSkillObject3,"(RowName=""Decorations"")","(RowName=""Structures"")","1","NSLOCTEXT(""FortPropsTable"", ""63E68B3547187885B332EC8D33B2B67D"", ""Lvl. 3 Workshop"")","","/Game/Environments/GlobalProps/Blueprints/Fort/FortObjectIcons/workshop3_fort_icon.workshop3_fort_icon","True","False","False","/Game/Environments/GlobalProps/Blueprints/Fort/fort_railmaster_skillobject_03_bp.fort_railmaster_skillobject_03_bp_C","None","ClassSkillObjectLevel|Character.Player.Railman=3","Fort.Prop.SkillBuilding.Workshop","RailmasterSkillObject4","True","False","FortDecor","","(GameplayTags=((TagName=""ItemQuality.Legendary"")))","Currency","Name","Gold","10000","","None","Currency","Name","SkillPoints","400","","None",""
RailmasterSkillObject4,"(RowName=""Decorations"")","(RowName=""Structures"")","1","NSLOCTEXT(""FortPropsTable"", ""4F70F9044EC851D2756989825B029519"", ""Lvl. 4 Workshop"")","","/Game/Environments/GlobalProps/Blueprints/Fort/FortObjectIcons/workshop3_fort_icon.workshop3_fort_icon","True","False","False","/Game/Environments/GlobalProps/Blueprints/Fort/fort_railmaster_skillobject_03_bp.fort_railmaster_skillobject_03_bp_C","None","ClassSkillObjectLevel|Character.Player.Railman=4","Fort.Prop.SkillBuilding.Workshop","None","True","False","FortDecor","","(GameplayTags=((TagName=""ItemQuality.Legendary"")))","Currency","Name","Gold","15000","","None","Currency","Name","SkillPoints","600","","None",""
Rug_ImperialOutpost_01,"(RowName=""Decorations"")","(RowName=""Structures"")","0","NSLOCTEXT(""FortPropsTable"", ""96C0E09D4AFCD4F824052F8083B312CB"", ""Well Worn Rug"")","","None","True","True","False","/Game/Environments/GlobalProps/Blueprints/Fort/fort_rug_02.fort_rug_02_C","None","","None","None","False","False","FortDecor","","(GameplayTags=((TagName=""ItemQuality.Normal"")))","Currency","Name","Gold","1500","","None","None","Name","None","0","","None",""
Rug_ImperialOutpost_02,"(RowName=""Decorations"")","(RowName=""Structures"")","0","NSLOCTEXT(""FortPropsTable"", ""B3AEDB96412729DE6465C0B06430CBCE"", ""Cartographers Rug"")","","None","True","True","False","/Game/Environments/GlobalProps/Blueprints/Fort/fort_rug_03.fort_rug_03_C","None","","None","None","False","False","FortDecor","","(GameplayTags=((TagName=""ItemQuality.Magic"")))","Currency","Name","Gold","3300","","None","None","Name","None","0","","None",""
Rug_MainMenu_01,"(RowName=""Decorations"")","(RowName=""Structures"")","0","NSLOCTEXT(""FortPropsTable"", ""3E501A684C1BA7102E1023BEFB8FF95D"", ""Frilly Rug"")","","None","True","True","False","/Game/Environments/GlobalProps/Blueprints/Fort/fort_rug_01.fort_rug_01_C","None","","None","None","False","False","FortDecor","","(GameplayTags=((TagName=""ItemQuality.Normal"")))","Currency","Name","Gold","1500","","None","None","Name","None","0","","None",""
SackGroupLarge,"(RowName=""Decorations"")","(RowName=""Misc"")","0","NSLOCTEXT(""FortPropsTable"", ""9B79BFBB4DCFCF9D6BE703923A55DAD4"", ""Lotsa Grain Sacks"")","","None","True","True","False","/Game/Environments/GlobalProps/Blueprints/Fort/fort_prop_sackgrp_a_bp.fort_prop_sackgrp_a_bp_C","None","","None","None","False","False","FortDecor","","(GameplayTags=((TagName=""ItemQuality.Normal"")))","Currency","Name","Gold","1000","","None","None","Name","None","0","","None",""
SackGroupSmall,"(RowName=""Decorations"")","(RowName=""Misc"")","0","NSLOCTEXT(""FortPropsTable"", ""5EB9D0C540445377544902A3BC0A6BBE"", ""Buncha Grain Sacks"")","","None","True","True","False","/Game/Environments/GlobalProps/Blueprints/Fort/fort_prop_sackgrp_b_bp.fort_prop_sackgrp_b_bp_C","None","","None","None","False","False","FortDecor","","(GameplayTags=((TagName=""ItemQuality.Normal"")))","Currency","Name","Gold","550","","None","None","Name","None","0","","None",""
Scaffold_Gobcave_03c,"(RowName=""Decorations"")","(RowName=""Structures"")","0","NSLOCTEXT(""FortPropsTable"", ""5DD63F6A4CFF42481DA2AA9B8506BD4B"", ""Shaky-Looking Scaffold"")","","None","True","True","False","/Game/Environments/GlobalProps/Blueprints/Fort/fort_prop_scaffold_gcave_03c.fort_prop_scaffold_gcave_03c_C","None","","None","None","False","False","FortDecor","","(GameplayTags=((TagName=""ItemQuality.Normal"")))","Currency","Name","WoodLog_T1_Ash","50","","None","None","Name","None","0","","None",""
SkullsPile_Goblins,"(RowName=""Decorations"")","(RowName=""Misc"")","0","NSLOCTEXT(""FortPropsTable"", ""7526A13B446DEF2B5BEC05BD8016C5E3"", ""Buncha Goblin Skulls"")","","None","True","True","False","/Game/Environments/GlobalProps/Blueprints/Fort/FortTestGoblinSkullpile.FortTestGoblinSkullpile_C","None","","None","None","False","False","FortDecor","","(GameplayTags=((TagName=""ItemQuality.Rare"")))","Currency","Name","Gold","8800","","None","None","Name","None","0","","None",""
Stash_Account_Default,"(RowName=""Storage"")","(RowName=""MiscStorage"")","1","NSLOCTEXT(""FortPropsTable"", ""68AC75A9492340E9864CEBAE85974F2E"", ""Shared Stash"")","NSLOCTEXT(""FortPropsTable"", ""5655ED1E4113471129D90B842F595FD7"", ""Store your gear and retrieve it by any of your characters."")","/Game/Environments/GlobalProps/Blueprints/Fort/FortObjectIcons/SharedStashIcon.SharedStashIcon","True","False","True","/Game/Environments/GlobalProps/Blueprints/Fort/AccountStash_original.AccountStash_original_C","None","","None","None","True","False","Wardrobe","","(GameplayTags=((TagName=""ItemQuality.Rare"")))","Currency","Name","Gold","4400","","None","Currency","Name","WoodPlank_T1_Ash","100","","None",""
Statue_Cemetery_01,"(RowName=""Decorations"")","(RowName=""Misc"")","0","NSLOCTEXT(""FortPropsTable"", ""B33439C643A7A714B8BC2385F8FD4F2A"", ""Gloomy Statue"")","","None","False","False","False","/Game/Environments/GlobalProps/Blueprints/Fort/fort_statue_gy_01.fort_statue_gy_01_C","None","","None","None","False","False","FortDecor","","(GameplayTags=)","Currency","Name","StoneBlock_T1_Sandstone","50","NSLOCTEXT(""FortPropsTable"", ""B8F317D14F830367B63548A8E89C1D32"", ""50 Sandstone Blocks"")","None","None","Name","None","0","","None",""
StraightFence,"(RowName=""Decorations"")","(RowName=""Structures"")","0","NSLOCTEXT(""FortPropsTable"", ""2B50E5594BE524CCFF86F4925711B856"", ""Mossy Wooden Fence"")","","None","True","True","False","/Game/Environments/GlobalProps/Blueprints/Fort/fort_prop_fence_straight_a_bp.fort_prop_fence_straight_a_bp_C","None","","None","None","False","False","FortDecor","","(GameplayTags=((TagName=""ItemQuality.Normal"")))","Currency","Name","WoodLog_T1_Ash","30","","None","None","Name","None","0","","None",""
Tent,"(RowName=""Decorations"")","(RowName=""Structures"")","0","NSLOCTEXT(""FortPropsTable"", ""161EE79247F2629B278CC9A11D49CFB8"", ""Simple Travelers Tent"")","","None","True","True","False","/Game/Environments/GlobalProps/Blueprints/Fort/FortTest_Tent.FortTest_Tent_C","None","","None","None","False","False","FortDecor","","(GameplayTags=((TagName=""ItemQuality.Normal"")))","Currency","Name","Gold","550","","None","Currency","Name","WoodLog_T1_Ash","50","","None",""
Tent_Gob_01,"(RowName=""Decorations"")","(RowName=""Structures"")","0","NSLOCTEXT(""FortPropsTable"", ""27372ED14C19B53045666C8177ED2EA5"", ""Hastily Built Tent"")","","None","True","True","False","/Game/Environments/GlobalProps/Blueprints/Fort/fort_prop_tent_gob_01.fort_prop_tent_gob_01_C","None","","None","None","False","False","FortDecor","","(GameplayTags=((TagName=""ItemQuality.Normal"")))","Currency","Name","Gold","600","","None","None","Name","None","0","","None",""
Tent_RedDamaged_01,"(RowName=""Decorations"")","(RowName=""Structures"")","0","NSLOCTEXT(""FortPropsTable"", ""E98637B34DB37B7FFE27FAAE255AA401"", ""Storm Damaged Tent"")","","None","True","True","False","/Game/Environments/GlobalProps/Blueprints/Fort/fort_prop_tent_gobdamaged_01.fort_prop_tent_gobdamaged_01_C","None","","None","None","False","False","FortDecor","","(GameplayTags=((TagName=""ItemQuality.Normal"")))","Currency","Name","Gold","700","","None","None","Name","None","0","","None",""
Tent_RedDamaged_02,"(RowName=""Decorations"")","(RowName=""Structures"")","0","NSLOCTEXT(""FortPropsTable"", ""5E438BB84D26DDBD52FF4F870DE26E36"", ""Well-Worn Tent"")","","None","True","True","False","/Game/Environments/GlobalProps/Blueprints/Fort/fort_prop_tent_gobdamaged_02.fort_prop_tent_gobdamaged_02_C","None","","None","None","False","False","FortDecor","","(GameplayTags=((TagName=""ItemQuality.Normal"")))","Currency","Name","Gold","700","","None","None","Name","None","0","","None",""
Tree_Burned_Gob_01,"(RowName=""Decorations"")","(RowName=""Foliage"")","0","NSLOCTEXT(""FortPropsTable"", ""95EC2FFA48EB078E4B05F69927AA5FA1"", ""Toasted Tree"")","","None","True","True","False","/Game/Environments/GlobalProps/Blueprints/Fort/fort_prop_tree_gob_burnedtree_01.fort_prop_tree_gob_burnedtree_01_C","None","","None","None","False","False","FortDecor","","(GameplayTags=((TagName=""ItemQuality.Magic"")))","Currency","Name","WoodLog_T1_Ash","250","","None","None","Name","None","0","","None",""
Tree_Burned_Gob_03,"(RowName=""Decorations"")","(RowName=""Foliage"")","0","NSLOCTEXT(""FortPropsTable"", ""424DA10648F8F095C9A8A79C8B7B32FC"", ""Toasted Totemic Tree"")","","None","True","True","False","/Game/Environments/GlobalProps/Blueprints/Fort/fort_prop_tree_gob_burnedtree_03.fort_prop_tree_gob_burnedtree_03_C","None","","None","None","False","False","FortDecor","","(GameplayTags=((TagName=""ItemQuality.Magic"")))","Currency","Name","WoodLog_T1_Ash","300","","None","None","Name","None","0","","None",""
Tree_Burned_Stump_Gob_01,"(RowName=""Decorations"")","(RowName=""Foliage"")","0","NSLOCTEXT(""FortPropsTable"", ""7A49008E4FBC7A593324D19FE709FD11"", ""Toasted Stump"")","","None","True","True","False","/Game/Environments/GlobalProps/Blueprints/Fort/fort_prop_tree_gob_burnedstump_01.fort_prop_tree_gob_burnedstump_01_C","None","","None","None","False","False","FortDecor","","(GameplayTags=((TagName=""ItemQuality.Magic"")))","Currency","Name","WoodLog_T1_Ash","200","","None","None","Name","None","0","","None",""
Tree_Evergreen_01,"(RowName=""Decorations"")","(RowName=""Foliage"")","0","NSLOCTEXT(""FortPropsTable"", ""AF7A49074C41010EB8A171AD54E63C26"", ""Pleasing Evergreen Tree"")","","None","True","True","False","/Game/Environments/GlobalProps/Blueprints/Fort/fort_tree_evergreen_01.fort_tree_evergreen_01_C","None","","None","None","False","False","FortDecor","","(GameplayTags=((TagName=""ItemQuality.Magic"")))","Currency","Name","Gold","3800","","None","None","Name","None","0","","None",""
Tree_FallenLog_Gob_03,"(RowName=""Decorations"")","(RowName=""Foliage"")","0","NSLOCTEXT(""FortPropsTable"", ""DEA589CA44E788D1444678A698B1CF67"", ""Fallen Hollow Tree"")","","None","True","True","False","/Game/Environments/GlobalProps/Blueprints/Fort/fort_prop_tree_fallenlog_gob_03.fort_prop_tree_fallenlog_gob_03_C","None","","None","None","False","False","FortDecor","","(GameplayTags=((TagName=""ItemQuality.Magic"")))","Currency","Name","WoodLog_T1_Ash","300","","None","None","Name","None","0","","None",""
Tree_Gobcave_Root_01,"(RowName=""Decorations"")","(RowName=""Foliage"")","0","NSLOCTEXT(""FortPropsTable"", ""FE1389984DCE67E0E1C5DAB752B5E0E7"", ""Tall Tangled Vine"")","","None","True","True","False","/Game/Environments/GlobalProps/Blueprints/Fort/fort_prop_tree_gcave_roots_01.fort_prop_tree_gcave_roots_01_C","None","","None","None","False","False","FortDecor","","(GameplayTags=((TagName=""ItemQuality.Magic"")))","Currency","Name","Gold","3800","","None","None","Name","None","0","","None",""
Tree_Goblin_01,"(RowName=""Decorations"")","(RowName=""Foliage"")","0","NSLOCTEXT(""FortPropsTable"", ""1AC45AED43F028DEF85A6BAF1E9852D9"", ""Gnarled Mushroomy Tree"")","","None","True","True","False","/Game/Environments/GlobalProps/Blueprints/Fort/fort_tree_gob_01.fort_tree_gob_01_C","None","","None","None","False","False","FortDecor","","(GameplayTags=((TagName=""ItemQuality.Magic"")))","Currency","Name","Gold","3800","","None","None","Name","None","0","","None",""
Tree_Goblin_02,"(RowName=""Decorations"")","(RowName=""Foliage"")","0","NSLOCTEXT(""FortPropsTable"", ""57CD5D534B0700F39009138603B73574"", ""Twisted Mushroomy Tree"")","","None","True","True","False","/Game/Environments/GlobalProps/Blueprints/Fort/fort_tree_gob_02.fort_tree_gob_02_C","None","","None","None","False","False","FortDecor","","(GameplayTags=((TagName=""ItemQuality.Magic"")))","Currency","Name","Gold","3800","","None","None","Name","None","0","","None",""
Tree_IO_Oaktree_01,"(RowName=""Decorations"")","(RowName=""Foliage"")","0","NSLOCTEXT(""FortPropsTable"", ""86D0280E47E949E6F833DCB20AFAB589"", ""Bare Oak Tree"")","","None","True","True","False","/Game/Environments/GlobalProps/Blueprints/Fort/fort_prop_tree_io_oaktree_01.fort_prop_tree_io_oaktree_01_C","None","","None","None","False","False","FortDecor","","(GameplayTags=((TagName=""ItemQuality.Magic"")))","Currency","Name","Gold","3300","","None","None","Name","None","0","","None",""
Tree_Stump_Goblin_01,"(RowName=""Decorations"")","(RowName=""Foliage"")","0","NSLOCTEXT(""FortPropsTable"", ""3ACE219144B130225AFF659FB2764BBB"", ""Mushroomy Stump"")","","None","True","True","False","/Game/Environments/GlobalProps/Blueprints/Fort/fort_treestump_gob_01.fort_treestump_gob_01_C","None","","None","None","False","False","FortDecor","","(GameplayTags=((TagName=""ItemQuality.Magic"")))","Currency","Name","Gold","3300","","None","None","Name","None","0","","None",""
Tree_Stump_ImperialOutpost_01,"(RowName=""Decorations"")","(RowName=""Foliage"")","0","NSLOCTEXT(""FortPropsTable"", ""900DF6AE40EBD96EAF72EBBA98C26CFC"", ""Lichen Covered Stump"")","","None","True","True","False","/Game/Environments/GlobalProps/Blueprints/Fort/fort_treestump_io_01.fort_treestump_io_01_C","None","","None","None","False","False","FortDecor","","(GameplayTags=((TagName=""ItemQuality.Magic"")))","Currency","Name","Gold","3300","","None","None","Name","None","0","","None",""
VespidExhibit,"(RowName=""Decorations"")","(RowName=""Misc"")","1","NSLOCTEXT(""FortPropsTable"", ""E9C2E3044B3ACA957BCD2AABA05AEC52"", ""Hyvid Exhibit"")","","None","True","False","False","/Game/Environments/GlobalProps/Blueprints/Fort/FortTestVespidCage.FortTestVespidCage_C","None","","None","None","False","False","FortDecor","","(GameplayTags=((TagName=""ItemQuality.Legendary"")))","Currency","Name","Gold","2500","NSLOCTEXT(""FortPropsTable"", ""F9D71ECC46D1D6B6B42F84B222041726"", ""2,500 Gold"")","None","Currency","Name","WoodLog_T1_Ash","40","NSLOCTEXT(""FortPropsTable"", ""9804F9AF415221480B1D5CB19CF43D95"", ""40 Ash Logs"")","None",""
Wagon_Broken_Gobbf_Fallen,"(RowName=""Decorations"")","(RowName=""Structures"")","0","NSLOCTEXT(""FortPropsTable"", ""C465F16E4B454AEEDC7F8B824BB6CCF2"", ""Derelict Wagon"")","NSLOCTEXT(""FortPropsTable"", ""FAF6633A486204720C3BFAAEEE5E6859"", ""PH_Wagon description"")","None","True","True","False","/Game/Environments/GlobalProps/Blueprints/Fort/fort_prop_wagon_gobbf_fallen.fort_prop_wagon_gobbf_fallen_C","None","","None","None","False","False","FortDecor","","(GameplayTags=((TagName=""ItemQuality.Magic"")))","Currency","Name","Gold","3300","","None","None","Name","None","0","","None",""
Wagon_Broken_Gobbf_Upright,"(RowName=""Decorations"")","(RowName=""Structures"")","0","NSLOCTEXT(""FortPropsTable"", ""EA09022C4D873A6B87FF79A612CDBFFB"", ""Old Abandoned Wagon"")","","None","True","True","False","/Game/Environments/GlobalProps/Blueprints/Fort/fort_prop_wagon_gobbf_upright.fort_prop_wagon_gobbf_upright_C","None","","None","None","False","False","FortDecor","","(GameplayTags=((TagName=""ItemQuality.Magic"")))","Currency","Name","Gold","3300","","None","None","Name","None","0","","None",""
WeaponRack_Imperial_01,"(RowName=""Decorations"")","(RowName=""Misc"")","0","NSLOCTEXT(""FortPropsTable"", ""005201C9459B6AE4331F73A7D11BEB17"", ""Bristling Weapon Rack"")","","None","True","True","False","/Game/Environments/GlobalProps/Blueprints/Fort/fort_weaponrack_io_01.fort_weaponrack_io_01_C","None","","None","None","False","False","FortDecor","","(GameplayTags=((TagName=""ItemQuality.Magic"")))","Currency","Name","WoodPlank_T1_Ash","40","","None","Currency","Name","MetalBar_T1_Tin","35","","None",""
ForgedStatue03,"(RowName=""Storage"")","(RowName=""Wardrobes"")","1","NSLOCTEXT(""FortPropsTable"", ""63A262A742E6D217D11518AFEB2A2098"", ""Alpha Hero of Iron"")","NSLOCTEXT(""FortPropsTable"", ""D6E9658E498C6D94173D61AB06C9FE96"", ""Thank-you gift for participation in Closed Alpha testing, 2019."")","/Game/Environments/GlobalProps/Blueprints/Fort/FortObjectIcons/forged_statue_icon.forged_statue_icon","True","True","False","/Game/Environments/GlobalProps/Blueprints/Fort/WardrobeProps/WardrobeProp_Forged_Statue03.WardrobeProp_Forged_Statue03_C","None","","None","None","False","False","Wardrobe","","(GameplayTags=((TagName=""ItemQuality.Legendary"")))","Currency","Name","Gold","1","","None","None","Name","None","0","","None",""
AlphaContractStatue_Forged,"(RowName=""Storage"")","(RowName=""Wardrobes"")","0","NSLOCTEXT(""FortPropsTable"", ""F08E35D24D9654CDE561108911B168C4"", ""Forged Alpha Hero Limited"")","NSLOCTEXT(""FortPropsTable"", ""B453385D47DDA0C6E254289840E19A70"", ""You stood proud at the dawn of it all. Immortalize your struggles."")","/Game/Environments/GlobalProps/Blueprints/Fort/FortObjectIcons/forged_statue_icon_blue.forged_statue_icon_blue","True","False","False","/Game/Environments/GlobalProps/Blueprints/Fort/WardrobeProps/WardrobeProp_Forged_Statue01b_bp.WardrobeProp_Forged_Statue01b_bp_C","None","","None","None","False","False","Wardrobe","","(GameplayTags=((TagName=""ItemQuality.Unique"")))","None","Name","None","0","","None","None","Name","None","0","","None",""
AlphaContractStatue_DuskMage,"(RowName=""Storage"")","(RowName=""Wardrobes"")","0","NSLOCTEXT(""FortPropsTable"", ""B88FBFF848053AF42D57A097677233E8"", ""Dusk Mage Alpha Hero Limited"")","NSLOCTEXT(""FortPropsTable"", ""6458F6104C030FF9968F63B25B6694EB"", ""You stood proud at the dawn of it all. Immortalize your struggles."")","/Game/Environments/GlobalProps/Blueprints/Fort/FortObjectIcons/duskmage_statue_icon_blue.duskmage_statue_icon_blue","True","False","False","/Game/Environments/GlobalProps/Blueprints/Fort/WardrobeProps/WardrobeProp_DuskMage_Statue01b_bp.WardrobeProp_DuskMage_Statue01b_bp_C","None","","None","None","False","False","Wardrobe","","(GameplayTags=((TagName=""ItemQuality.Unique"")))","None","Name","None","0","","None","None","Name","None","0","","None",""
PetStorage,"(RowName=""Storage"")","(RowName=""MiscStorage"")","1","NSLOCTEXT(""FortPropsTable"", ""743F80104423256587C2A4B1E772CE22"", ""Pet Shelter"")","NSLOCTEXT(""FortPropsTable"", ""35CA38DE40B450F4315E38B48D300D8B"", ""A home for your rescued pets and for you to take care of them."")","/Game/Environments/GlobalProps/Blueprints/Fort/pet_home_fort_icon.pet_home_fort_icon","True","True","False","/Game/Environments/GlobalProps/Blueprints/Fort/Pets/pet_house.pet_house_C","None","","None","None","True","False","FortDecor","","(GameplayTags=)","Currency","Name","Gold","1","","None","None","Name","None","0","","None",""
WideloadShield,"(RowName=""Decorations"")","(RowName=""Misc"")","1","NSLOCTEXT(""FortPropsTable"", ""6AABD556456851A95C761E9D788C1943"", ""Wideload\'s Ceremonial Shield"")","NSLOCTEXT(""FortPropsTable"", ""9E034EE64CD68F1F96B39CA1F231CF47"", ""Taken from his cold, dead fingers."")","/Game/UI/GearIcons/GeneratedIcons/fort_wideloadshield_gob_01_icon.fort_wideloadshield_gob_01_icon","True","False","False","/Game/Environments/GlobalProps/Blueprints/Fort/fort_wideloadshield_gob_01.fort_wideloadshield_gob_01_C","None","","None","None","False","False","FortDecor","","(GameplayTags=)","None","Name","None","0","","None","None","Name","None","0","","None",""
Statue_ManaGuardian,"(RowName=""Decorations"")","(RowName=""Misc"")","0","NSLOCTEXT(""FortPropsTable"", ""1B48BC6641FA4069EDC160B796552B58"", ""Presence of the Mana Guardian"")","NSLOCTEXT(""FortPropsTable"", ""25F88EC54D1941149C4B749F1DAFC420"", ""A memento of Torchlight passed, a beacon toward the journey ahead."")","/Game/Environments/GlobalProps/Blueprints/Fort/FortObjectIcons/mana_guardian_fort_icon.mana_guardian_fort_icon","True","False","False","/Game/Environments/GlobalProps/Blueprints/Fort/fort_prop_managuardian_01_bp.fort_prop_managuardian_01_bp_C","None","","None","None","False","False","FortDecor","","(GameplayTags=((TagName=""ItemQuality.Legendary"")))","None","Name","None","0","","None","None","Name","None","0","","None",""
RailmasterStatue03,"(RowName=""Storage"")","(RowName=""Wardrobes"")","1","NSLOCTEXT(""FortPropsTable"", ""6F4084C1404248D759E9B49177BB41A5"", ""Alpha Hero of Steel"")","NSLOCTEXT(""FortPropsTable"", ""1864805E41F71139803E93A05A106E0F"", ""Thank-you gift for participation in Closed Alpha testing, 2019."")","/Game/Environments/GlobalProps/Blueprints/Fort/FortObjectIcons/railmaster_alpha_statue_icon.railmaster_alpha_statue_icon","True","True","False","/Game/Environments/GlobalProps/Blueprints/Fort/WardrobeProps/WardrobeProp_RailMan_Statue01.WardrobeProp_RailMan_Statue01_C","None","","None","None","False","False","Wardrobe","","(GameplayTags=((TagName=""ItemQuality.Legendary"")))","Currency","Name","Gold","1","","None","None","Name","None","0","","None",""
RM_Wardrobe_Common_01,"(RowName=""Storage"")","(RowName=""Wardrobes"")","2","NSLOCTEXT(""FortPropsTable"", ""910A02DB48057A0F564469BFAEEACF7B"", ""Terracotta Railmaster Figure"")","NSLOCTEXT(""FortPropsTable"", ""87A642C742FEA97C9FE2978B5A0731CC"", ""A simple place to store your gear."")","/Game/Environments/GlobalProps/Blueprints/Fort/WardrobeProps/railmaster_crate_wardrobe_icon.railmaster_crate_wardrobe_icon","True","True","False","/Game/Environments/GlobalProps/Blueprints/Fort/WardrobeProps/fort_wdrb_common_woodbox_RM_01_bp.fort_wdrb_common_woodbox_RM_01_bp_C","None","","None","None","False","False","Wardrobe","","(GameplayTags=((TagName=""ItemQuality.Normal"")))","Currency","Name","Gold","500","","None","None","Name","None","0","","None",""
Forged_Wardrobe_Common_01,"(RowName=""Storage"")","(RowName=""Wardrobes"")","2","NSLOCTEXT(""FortPropsTable"", ""A979AE6844BBFF44984D15A7AC0DD268"", ""Terracotta Forged Figure"")","NSLOCTEXT(""FortPropsTable"", ""3BA6B86343A96201E35A6B8411A43AF3"", ""A simple place to store your gear."")","/Game/Environments/GlobalProps/Blueprints/Fort/WardrobeProps/forged_crate_wardrobe_icon.forged_crate_wardrobe_icon","True","True","False","/Game/Environments/GlobalProps/Blueprints/Fort/WardrobeProps/fort_wdrb_common_woodbox_Forged_01_bp.fort_wdrb_common_woodbox_Forged_01_bp_C","None","","None","None","False","False","Wardrobe","","(GameplayTags=((TagName=""ItemQuality.Normal"")))","Currency","Name","Gold","500","","None","None","Name","None","0","","None",""
DM_Wardrobe_Common_01,"(RowName=""Storage"")","(RowName=""Wardrobes"")","2","NSLOCTEXT(""FortPropsTable"", ""52309AD049C75E6C950835902650912D"", ""Terracotta Dusk Mage Figure"")","NSLOCTEXT(""FortPropsTable"", ""FAB98A1D48F10A6B983725AAB96C1047"", ""A simple place to store your gear."")","/Game/Environments/GlobalProps/Blueprints/Fort/WardrobeProps/duskmage_crate_statue_icon.duskmage_crate_statue_icon","True","True","False","/Game/Environments/GlobalProps/Blueprints/Fort/WardrobeProps/fort_wdrb_common_woodbox_DM_01_bp.fort_wdrb_common_woodbox_DM_01_bp_C","None","","None","None","False","False","Wardrobe","","(GameplayTags=)","Currency","Name","Gold","500","","None","None","Name","None","0","","None",""
RM_Wardrobe_Common_02,"(RowName=""Storage"")","(RowName=""Wardrobes"")","2","NSLOCTEXT(""FortPropsTable"", ""32BF8D9D4BC43768D496D18AEBDE06F0"", ""Chiseled Railmaster Figure"")","NSLOCTEXT(""FortPropsTable"", ""E535ACF449DAB12725EA7B876ABDF3DC"", ""A simple place to store your gear."")","/Game/Environments/GlobalProps/Blueprints/Fort/WardrobeProps/railmaster_barrel_wardrobe_icon.railmaster_barrel_wardrobe_icon","True","True","False","/Game/Environments/GlobalProps/Blueprints/Fort/WardrobeProps/fort_wdrb_common_woodround_RM_01_bp.fort_wdrb_common_woodround_RM_01_bp_C","None","","None","None","False","False","FortDecor","","(GameplayTags=((TagName=""ItemQuality.Normal"")))","Currency","Name","Gold","500","","None","None","Name","None","0","","None",""
Forged_Wardrobe_Common_02,"(RowName=""Storage"")","(RowName=""Wardrobes"")","2","NSLOCTEXT(""FortPropsTable"", ""22577A874374D398154F0B9DC5372775"", ""Chiseled Forged Figure"")","NSLOCTEXT(""FortPropsTable"", ""6F800D944F8242D00F6077B4715C2D5D"", ""A simple place to store your gear."")","/Game/Environments/GlobalProps/Blueprints/Fort/WardrobeProps/forged_barrel_wardrobe_icon.forged_barrel_wardrobe_icon","True","True","False","/Game/Environments/GlobalProps/Blueprints/Fort/WardrobeProps/fort_wdrb_common_woodround_Forged_01_bp.fort_wdrb_common_woodround_Forged_01_bp_C","None","","None","None","False","False","FortDecor","","(GameplayTags=((TagName=""ItemQuality.Normal"")))","Currency","Name","Gold","500","","None","None","Name","None","0","","None",""
DM_Wardrobe_Common_02,"(RowName=""Storage"")","(RowName=""Wardrobes"")","2","NSLOCTEXT(""FortPropsTable"", ""B5610ABB45ACAA73B91AC7A3A96A1B61"", ""Chiseled Dusk Mage Figure"")","NSLOCTEXT(""FortPropsTable"", ""73786D6648950A8A35774CA10C70B65E"", ""A simple place to store your gear."")","/Game/Environments/GlobalProps/Blueprints/Fort/WardrobeProps/duskmage_barrel_statue_icon.duskmage_barrel_statue_icon","True","True","False","/Game/Environments/GlobalProps/Blueprints/Fort/WardrobeProps/fort_wdrb_common_woodround_DM_01_bp.fort_wdrb_common_woodround_DM_01_bp_C","None","","None","None","False","False","FortDecor","","(GameplayTags=((TagName=""ItemQuality.Normal"")))","Currency","Name","Gold","500","","None","None","Name","None","0","","None",""
MapWorksVendor,"(RowName=""Decorations"")","(RowName=""Structures"")","1","NSLOCTEXT(""FortPropsTable"", ""83B51FAA471448E6819D4A85EAEBC936"", ""Matilda the Scrollmeister"")","NSLOCTEXT(""FortPropsTable"", ""17794E4441F754DBC8223CA8ADDFE338"", ""How may I help you?"")","None","False","True","False","/Game/Environments/GlobalProps/Blueprints/Fort/FortMapworksDeviceProp_bp.FortMapworksDeviceProp_bp_C","None","","None","None","False","False","FortDecor","NSLOCTEXT(""FortPropsTable"", ""01BE620446C5AE3F7E6472AD9195D65F"", ""Buy"")","(GameplayTags=((TagName=""ItemQuality.Legendary"")))","Currency","Name","Gold","5000","","None","None","Name","None","0","","None",""
MapWorksCompetitiveVendor,"(RowName=""Decorations"")","(RowName=""Structures"")","1","NSLOCTEXT(""FortPropsTable"", ""66B8FDFA4D1D49014D1BA19B2053FD6A"", ""Enigmatic Stranger"")","NSLOCTEXT(""FortPropsTable"", ""52D50C654AB395FCCBBBD191130A3C51"", ""Care for a true test of mettle?"")","None","False","False","False","/Game/Environments/GlobalProps/Blueprints/Fort/FortMapworksDeviceProp_bp.FortMapworksDeviceProp_bp_C","None","","None","None","True","False","FortDecor","","(GameplayTags=)","Currency","Name","Gold","5000","","None","None","Name","None","0","","None",""
SpoolWardrobe,"(RowName=""Storage"")","(RowName=""Wardrobes"")","1","NSLOCTEXT(""FortPropsTable"", ""A1C5A45D4DFC1D9AE1C48399509029BC"", ""Spool Wardrobe"")","","None","False","False","False","/Game/Environments/GlobalProps/Blueprints/Fort/WardrobeProps/fort_wdrb_common_woodpulley_DM_01_bp.fort_wdrb_common_woodpulley_DM_01_bp_C","None","","None","None","True","False","FortDecor","","(GameplayTags=)","None","Name","None","0","","None","None","Name","None","0","","None",""
BannerAlpha_03,"(RowName=""Decorations"")","(RowName=""Misc"")","1","NSLOCTEXT(""[F991578643B3C5144D8BA8B814CFBCA4]"", ""22BB95234BF23DFFF6D100B7797F31F6"", ""Netstrike Banner"")","NSLOCTEXT(""FortPropsTable"", ""D76D63504C813A474F161189E76E7EE3"", ""Thank you gift for participation in Closed Alpha network stress testing, 2019."")","/Game/Environments/GlobalProps/Blueprints/Fort/FortObjectIcons/alpha_stress_banner.alpha_stress_banner","False","True","False","/Game/Environments/GlobalProps/Blueprints/Fort/fort_prop_banner_alphastresstest.fort_prop_banner_alphastresstest_C","None","","None","None","False","False","FortDecor","","(GameplayTags=((TagName=""ItemQuality.Legendary"")))","Currency","Name","Gold","1","","None","None","Name","None","0","","None",""
