---,DisplayName,Type,Dye,SkinHairGradient,Icon,MinLevel,MaxLevel,ItemHasAnyTags,bIsPlayerDye,bHideInDyeList,DropWeight,AreaTags,MainRowName,Notes
Undies,"NSLOCTEXT(""DyeTable"", ""768604144CAADE615F0070ABD57A3116"", ""Undies"")","GearDye","/Game/Items/Dyes/Dye_Undies.Dye_Undies_C","None","None","0.000000","0.000000","(GameplayTags=)","False","False","0","(GameplayTags=)","None",""
StarterDM,"NSLOCTEXT(""DyeTable"", ""C39231C84AB3CABB269941BA0EC1E7C2"", ""Dusk Mage Starter"")","GearDye","/Game/Items/Dyes/Dye_StarterDm.Dye_StarterDm_C","None","None","0.000000","0.000000","(GameplayTags=)","False","False","0","(GameplayTags=)","None",""
StarterRM,"NSLOCTEXT(""DyeTable"", ""C4FF055F47FB1B129121B39AF95BF503"", ""Railmaster Starter"")","GearDye","/Game/Items/Dyes/Dye_StarterRm.Dye_StarterRm_C","None","None","0.000000","0.000000","(GameplayTags=)","False","False","0","(GameplayTags=)","None",""
StarterFG,"NSLOCTEXT(""DyeTable"", ""F6C509F843C193E1DA73DFAB5186D511"", ""Forged Starter"")","GearDye","/Game/Items/Dyes/Dye_StarterFor.Dye_StarterFor_C","None","None","0.000000","0.000000","(GameplayTags=)","False","False","0","(GameplayTags=)","None",""
StarterSS,"NSLOCTEXT(""DyeTable"", ""F5C43D47403E96EC0AB97D8497F4AFEF"", ""Sharpshooter Starter"")","GearDye","/Game/Items/Dyes/Dye_StarterSs.Dye_StarterSs_C","None","None","0.000000","0.000000","(GameplayTags=)","False","False","0","(GameplayTags=)","None",""
Rags,"NSLOCTEXT(""DyeTable"", ""85951E664202D0DFBACF7F93DF47E8EB"", ""Rags"")","GearDye","/Game/Items/Dyes/Dye_Rags.Dye_Rags_C","None","None","0.000000","0.000000","(GameplayTags=)","False","True","0","(GameplayTags=)","None",""
ViridianDirt,"NSLOCTEXT(""DyeTable"", ""195D6343417A6D9B10D324BA213F6F3A"", ""Viridian Dirt"")","GearDye","/Game/Items/Dyes/Dye_ViridianDirt.Dye_ViridianDirt_C","None","None","15.000000","31.000000","(GameplayTags=((TagName=""ItemQuality.Normal"")))","False","False","100","(GameplayTags=)","None",""
SageOcher,"NSLOCTEXT(""DyeTable"", ""288D6094479C9280A5C7D580CEED68B2"", ""Sage Ocher"")","GearDye","/Game/Items/Dyes/Dye_SageOcher.Dye_SageOcher_C","None","None","1.000000","15.000000","(GameplayTags=((TagName=""ItemQuality.Normal"")))","False","False","100","(GameplayTags=)","None",""
WoodlandGreen,"NSLOCTEXT(""DyeTable"", ""3389A3A74A4AE1DDBE236C990F6B462F"", ""Woodland Green"")","GearDye","/Game/Items/Dyes/Dye_Woodland_Green.Dye_Woodland_Green_C","None","None","15.000000","30.000000","(GameplayTags=((TagName=""ItemQuality.Rare"")))","False","False","100","(GameplayTags=)","None",""
Caramel,"NSLOCTEXT(""DyeTable"", ""6B8D2E8842CC3BD74D123BB1DC3BD0DD"", ""Caramel"")","GearDye","/Game/Items/Dyes/Dye_Caramel.Dye_Caramel_C","None","None","32.000000","43.000000","(GameplayTags=((TagName=""ItemQuality.Magic"")))","False","False","100","(GameplayTags=)","None",""
RobinsNest,"NSLOCTEXT(""DyeTable"", ""2010724F41BAF6A56DBE6DA3CC8B200C"", ""Robin\'s Nest"")","GearDye","/Game/Items/Dyes/Dye_RobinsNest.Dye_RobinsNest_C","None","None","40.000000","47.000000","(GameplayTags=((TagName=""ItemQuality.Normal"")))","False","False","100","(GameplayTags=)","None",""
IconicDM,"NSLOCTEXT(""DyeTable"", ""62C4C372471F881BC289C497770DEBC6"", ""Iconic DM"")","GearDye","/Game/Items/Dyes/Dye_IconicDM.Dye_IconicDM_C","None","None","18.000000","34.000000","(GameplayTags=)","False","True","0","(GameplayTags=)","None",""
IconicForged,"NSLOCTEXT(""DyeTable"", ""A09B6C184AC0AC255B2A20B1A5611CEB"", ""Iconic Forged"")","GearDye","/Game/Items/Dyes/Dye_IconicForged.Dye_IconicForged_C","None","None","18.000000","34.000000","(GameplayTags=)","False","True","0","(GameplayTags=)","None",""
GuildedStorm,"NSLOCTEXT(""DyeTable"", ""BB4346534F541DF0FFF504BF460329AB"", ""Guilded Storm"")","GearDye","/Game/Items/Dyes/Dye_GuildedStorm.Dye_GuildedStorm_C","None","None","38.000000","47.000000","(GameplayTags=((TagName=""ItemQuality.Magic"")))","False","False","100","(GameplayTags=)","None",""
Tan,"NSLOCTEXT(""DyeTable"", ""5698A7334BF5E5DF993BF2BCD6D5A929"", ""Tan"")","GearDye","/Game/Items/Dyes/Dye_Tan.Dye_Tan_C","None","None","31.000000","39.000000","(GameplayTags=((TagName=""ItemQuality.Normal"")))","False","False","100","(GameplayTags=)","None",""
Goldenrod,"NSLOCTEXT(""DyeTable"", ""1EA83F8C4076D7159C546CB94C999A73"", ""Goldenrod"")","GearDye","/Game/Items/Dyes/Dye_Goldenrod.Dye_Goldenrod_C","None","None","21.000000","31.000000","(GameplayTags=((TagName=""ItemQuality.Magic"")))","False","False","200","(GameplayTags=)","None",""
NavyChocolate,"NSLOCTEXT(""DyeTable"", ""BC97ECE6430627EBCE94CB9E08F5769A"", ""Navy Chocolate"")","GearDye","/Game/Items/Dyes/Dye_NavyChocolate.Dye_NavyChocolate_C","None","None","30.000000","38.000000","(GameplayTags=((TagName=""ItemQuality.Rare"")))","False","False","100","(GameplayTags=)","None",""
PinkLemonade,"NSLOCTEXT(""DyeTable"", ""EF606FDB435574141B2E0B8B4095E86D"", ""Pink Lemonade"")","GearDye","/Game/Items/Dyes/Dye_PinkLemonade.Dye_PinkLemonade_C","None","None","50.000000","60.000000","(GameplayTags=((TagName=""ItemQuality.Rare"")))","False","False","100","(GameplayTags=)","None",""
MonoYellow,"NSLOCTEXT(""DyeTable"", ""CA355FFB49EEA9552557259F218A59E3"", ""Mono Yellow"")","GearDye","/Game/Items/Dyes/Dye_MonoYellow.Dye_MonoYellow_C","None","None","16.000000","29.000000","(GameplayTags=((TagName=""ItemQuality.Magic"")))","False","False","100","(GameplayTags=)","None",""
PurpleBrown,"NSLOCTEXT(""DyeTable"", ""1CF172884BB94E5C3E3AEA86D1F8C8F9"", ""Purple Brown"")","GearDye","/Game/Items/Dyes/Dye_PurpleBrown.Dye_PurpleBrown_C","None","None","48.000000","60.000000","(GameplayTags=((TagName=""ItemQuality.Magic"")))","False","False","100","(GameplayTags=)","None",""
Scarab,"NSLOCTEXT(""DyeTable"", ""2A46755047F6D746DE414CB46E2855CB"", ""Scarab"")","GearDye","/Game/Items/Dyes/Dye_Scarab.Dye_Scarab_C","None","None","22.000000","31.000000","(GameplayTags=((TagName=""ItemQuality.Rare"")))","False","False","100","(GameplayTags=)","None",""
Crimson,"NSLOCTEXT(""DyeTable"", ""D658062F4CB6415B2EF76F86B9A3D381"", ""Crimson"")","GearDye","/Game/Items/Dyes/Dye_Crimson.Dye_Crimson_C","None","None","60.000000","100.000000","(GameplayTags=((TagName=""ItemQuality.Rare"")))","False","True","0","(GameplayTags=)","None",""
Midnight,"NSLOCTEXT(""DyeTable"", ""3E41AEFE46A178C7AF04F4B43472B907"", ""Midnight"")","GearDye","/Game/Items/Dyes/Dye_Midnight.Dye_Midnight_C","None","None","53.000000","60.000000","(GameplayTags=((TagName=""ItemQuality.Rare"")))","False","False","100","(GameplayTags=)","None",""
Snow,"NSLOCTEXT(""DyeTable"", ""57A74F8546C0031A35E4E29ABFE2DBB8"", ""Snow"")","GearDye","/Game/Items/Dyes/Dye_Snow.Dye_Snow_C","None","None","85.000000","100.000000","(GameplayTags=((TagName=""ItemQuality.Rare"")))","False","False","100","(GameplayTags=)","None",""
SkeletonDigitus,"NSLOCTEXT(""DyeTable"", ""C73746B74DDD96EA4AB2B3BD0FBC7E7E"", ""Skeleton Digitus"")","GearDye","/Game/Items/Dyes/Dye_SkeletonDigitus.Dye_SkeletonDigitus_C","None","None","0.000000","0.000000","(GameplayTags=)","False","True","0","(GameplayTags=)","None",""
KarkinosDigitus,"NSLOCTEXT(""DyeTable"", ""B69D6EFF45D0834B01B828BFD7DF202D"", ""Karkinos Digitus"")","GearDye","/Game/Items/Dyes/Dye_KarkinosDigitus.Dye_KarkinosDigitus_C","None","None","0.000000","0.000000","(GameplayTags=)","False","True","0","(GameplayTags=)","None",""
IconicDigitus,"NSLOCTEXT(""DyeTable"", ""D17063114824A3FA17BB77BF545F3923"", ""Iconic Digitus"")","GearDye","/Game/Items/Dyes/Dye_IconicDigitus.Dye_IconicDigitus_C","None","None","0.000000","0.000000","(GameplayTags=)","False","True","0","(GameplayTags=)","None",""
Iconic2Digitus,"NSLOCTEXT(""DyeTable"", ""AEF6667C431AD3E266F6D0BAF9F12399"", ""Iconic2 Digitus"")","GearDye","/Game/Items/Dyes/Dye_Iconic2Digitus.Dye_Iconic2Digitus_C","None","None","0.000000","0.000000","(GameplayTags=)","False","True","0","(GameplayTags=)","None",""
Iconic3Digitus,"NSLOCTEXT(""DyeTable"", ""A035E77440B8253431AB83838E5972E6"", ""Iconic3 Digitus"")","GearDye","/Game/Items/Dyes/Dye_Iconic3Digitus.Dye_Iconic3Digitus_C","None","None","0.000000","0.000000","(GameplayTags=)","False","True","0","(GameplayTags=)","None",""
Iconic4Digitus,"NSLOCTEXT(""DyeTable"", ""6FF3F99845CF77F922294EBE123B2F77"", ""Iconic4 Digitus"")","GearDye","/Game/Items/Dyes/Dye_Iconic4Digitus.Dye_Iconic4Digitus_C","None","None","0.000000","0.000000","(GameplayTags=)","False","True","0","(GameplayTags=)","None",""
NewbieDigitus,"NSLOCTEXT(""DyeTable"", ""B1DC734F466EA3985457828A419B9D8D"", ""Newbie Digitus"")","GearDye","/Game/Items/Dyes/Dye_NewbieDigitus.Dye_NewbieDigitus_C","None","None","0.000000","0.000000","(GameplayTags=)","False","True","0","(GameplayTags=)","None",""
Newbie2Digitus,"NSLOCTEXT(""DyeTable"", ""7B7C189D4EC15FC2830986AD9FFD160A"", ""Newbie2 Digitus"")","GearDye","/Game/Items/Dyes/Dye_Newbie2Digitus.Dye_Newbie2Digitus_C","None","None","0.000000","0.000000","(GameplayTags=)","False","True","0","(GameplayTags=)","None",""
Newbie3Digitus,"NSLOCTEXT(""DyeTable"", ""049D618546ABB0082D9D189B8BEA716F"", ""Newbie3 Digitus"")","GearDye","/Game/Items/Dyes/Dye_Newbie3Digitus.Dye_Newbie3Digitus_C","None","None","0.000000","0.000000","(GameplayTags=)","False","True","0","(GameplayTags=)","None",""
Newbie4Digitus,"NSLOCTEXT(""DyeTable"", ""2F095D094C6099B269D92A86975346B1"", ""Newbie4 Digitus"")","GearDye","/Game/Items/Dyes/Dye_Newbie4Digitus.Dye_Newbie4Digitus_C","None","None","0.000000","0.000000","(GameplayTags=)","False","True","0","(GameplayTags=)","None",""
Newbie5Digitus,"NSLOCTEXT(""DyeTable"", ""776607EA43D6C86FFD8F3DB20841B27B"", ""Newbie5 Digitus"")","GearDye","/Game/Items/Dyes/Dye_Newbie5Digitus.Dye_Newbie5Digitus_C","None","None","0.000000","0.000000","(GameplayTags=)","False","True","0","(GameplayTags=)","None",""
Newbie6Digitus,"NSLOCTEXT(""DyeTable"", ""3C2D5CE84DA8397F742CD8AB285DBA7C"", ""Newbie6 Digitus"")","GearDye","/Game/Items/Dyes/Dye_Newbie6Digitus.Dye_Newbie6Digitus_C","None","None","0.000000","0.000000","(GameplayTags=)","False","True","0","(GameplayTags=)","None",""
VsGroupsDigitus,"NSLOCTEXT(""DyeTable"", ""3C9467D1481AE4FE75892FB9E51CBA93"", ""Versus Groups Digitus"")","GearDye","/Game/Items/Dyes/Dye_VsGroupsDigitus.Dye_VsGroupsDigitus_C","None","None","0.000000","0.000000","(GameplayTags=)","False","True","0","(GameplayTags=)","None",""
LightDigitus,"NSLOCTEXT(""DyeTable"", ""CF29573843CC7EC045900B84683A0124"", ""Light Digitus"")","GearDye","/Game/Items/Dyes/Dye_LightDigitus.Dye_LightDigitus_C","None","None","0.000000","0.000000","(GameplayTags=)","False","True","0","(GameplayTags=)","None",""
ShadowsDigitus,"NSLOCTEXT(""DyeTable"", ""D01794734277424D867512990D0980BE"", ""Shadows Digitus"")","GearDye","/Game/Items/Dyes/Dye_ShadowsDigitus.Dye_ShadowsDigitus_C","None","None","0.000000","0.000000","(GameplayTags=)","False","True","0","(GameplayTags=)","None",""
VespidDigitus,"NSLOCTEXT(""DyeTable"", ""F68E5E3741287C7FD56209B6ACD52794"", ""Vespid Digitus"")","GearDye","/Game/Items/Dyes/Dye_VespidDigitus.Dye_VespidDigitus_C","None","None","0.000000","0.000000","(GameplayTags=)","False","True","0","(GameplayTags=)","None",""
VolturaDigitus,"NSLOCTEXT(""DyeTable"", ""2672AA0D47137717D1E7FD8EB5DB2A57"", ""Voltura Digitus"")","GearDye","/Game/Items/Dyes/Dye_VolturaDigitus.Dye_VolturaDigitus_C","None","None","0.000000","0.000000","(GameplayTags=)","False","True","0","(GameplayTags=)","None",""
VsIndividualsDigitus,"NSLOCTEXT(""DyeTable"", ""0BED628349E44824B7A9AAAC121DCD66"", ""Versus Individuals Digitus"")","GearDye","/Game/Items/Dyes/Dye_VsIndividualsDigitus.Dye_VsIndividualsDigitus_C","None","None","0.000000","0.000000","(GameplayTags=)","False","True","0","(GameplayTags=)","None",""
t3kDigitus,"NSLOCTEXT(""DyeTable"", ""A62DD87E497C4C234BA7C9A3AD621D66"", ""Glowing Steampunk"")","GearDye","/Game/Items/Dyes/Dye_t3k_Digitus.Dye_t3k_Digitus_C","None","None","0.000000","0.000000","(GameplayTags=)","False","True","0","(GameplayTags=)","None",""
t2gDigitus,"NSLOCTEXT(""DyeTable"", ""EE4A31274C20B3FA7CEB5489930626C5"", ""Mossy Stone Elemental"")","GearDye","/Game/Items/Dyes/Dye_t2g_digitus.Dye_t2g_digitus_C","None","None","0.000000","0.000000","(GameplayTags=)","False","True","0","(GameplayTags=)","None",""
t2hDigitus,"NSLOCTEXT(""DyeTable"", ""40D166EB4A8705407D267EAC5DEC266F"", ""Dwarf King"")","GearDye","/Game/Items/Dyes/Dye_t2h_digitus.Dye_t2h_digitus_C","None","None","0.000000","0.000000","(GameplayTags=)","False","True","0","(GameplayTags=)","None",""
t2fDigitus,"NSLOCTEXT(""DyeTable"", ""22D49EDE48B4B08DC7D22AA08E995D7C"", ""Maroon Bug"")","GearDye","/Game/Items/Dyes/Dye_t2f_digitus.Dye_t2f_digitus_C","None","None","0.000000","0.000000","(GameplayTags=)","False","True","0","(GameplayTags=)","None",""
t2iDigitus,"NSLOCTEXT(""DyeTable"", ""B1E7D7364040D0226529C7AC7BBD4558"", ""Sandy Carapace"")","GearDye","/Game/Items/Dyes/Dye_t2i_Digitus.Dye_t2i_Digitus_C","None","None","0.000000","0.000000","(GameplayTags=)","False","True","0","(GameplayTags=)","None",""
t3iDigitus,"NSLOCTEXT(""DyeTable"", ""EA7C24F4437D263725CEC4B1FCAF8434"", ""Voltura Grabber"")","GearDye","/Game/Items/Dyes/Dye_t3i_Digitus.Dye_t3i_Digitus_C","None","None","0.000000","0.000000","(GameplayTags=)","False","True","0","(GameplayTags=)","None",""
t4bDigitus,"NSLOCTEXT(""DyeTable"", ""E427FC6F42B7ED6425C844B356EF30A3"", ""Steampunk Brazier"")","GearDye","/Game/Items/Dyes/Dye_t4b_Digitus.Dye_t4b_Digitus_C","None","None","0.000000","0.000000","(GameplayTags=)","False","True","0","(GameplayTags=)","None",""
Netherim3Digitus,"NSLOCTEXT(""DyeTable"", ""BFC321DE40E931C578F72A9A999B3C1E"", ""Netherealm Brazier"")","GearDye","/Game/Items/Dyes/Dye_Netherim_03.Dye_Netherim_03_C","None","None","0.000000","0.000000","(GameplayTags=)","False","True","0","(GameplayTags=)","None",""
GoblinTentacleDigitus,"NSLOCTEXT(""DyeTable"", ""7EBF6A7947912C4223E2E29FB53C197E"", ""Goblin Bone Tentacles"")","GearDye","/Game/Items/Dyes/Dye_GoblinTentacleDigitus.Dye_GoblinTentacleDigitus_C","None","None","0.000000","0.000000","(GameplayTags=)","False","True","0","(GameplayTags=)","None",""
GoblinCannon,"NSLOCTEXT(""DyeTable"", ""135A350C4AAABF3CD3CFEAA4A6B4F68D"", ""Goblin Cannon"")","GearDye","/Game/Items/Dyes/Dye_GoblinCannon.Dye_GoblinCannon_C","None","None","0.000000","0.000000","(GameplayTags=)","False","True","0","(GameplayTags=)","None",""
IconicCannon,"NSLOCTEXT(""DyeTable"", ""07D61BC3494E73ABA608DA998F245486"", ""Iconic Cannon"")","GearDye","/Game/Items/Dyes/Dye_IconicCannon.Dye_IconicCannon_C","None","None","0.000000","0.000000","(GameplayTags=)","False","True","0","(GameplayTags=)","None",""
Iconic2Cannon,"NSLOCTEXT(""DyeTable"", ""3264070046E893372F79169CC3B28936"", ""Iconic 2 Cannon"")","GearDye","/Game/Items/Dyes/Dye_Iconic2Cannon.Dye_Iconic2Cannon_C","None","None","0.000000","0.000000","(GameplayTags=)","False","True","0","(GameplayTags=)","None",""
Iconic3Cannon,"NSLOCTEXT(""DyeTable"", ""DA55D54340091CACF0383F9DD961D07E"", ""Iconic 3 Cannon"")","GearDye","/Game/Items/Dyes/Dye_Iconic3Cannon.Dye_Iconic3Cannon_C","None","None","0.000000","0.000000","(GameplayTags=)","False","True","0","(GameplayTags=)","None",""
Iconic4Cannon,"NSLOCTEXT(""DyeTable"", ""90010C634F05FE62FB780C821317870A"", ""Iconic 4 Cannon"")","GearDye","/Game/Items/Dyes/Dye_Iconic4Cannon.Dye_Iconic4Cannon_C","None","None","0.000000","0.000000","(GameplayTags=)","False","True","0","(GameplayTags=)","None",""
Iconic5Cannon,"NSLOCTEXT(""DyeTable"", ""191DD9EC4287FE541E2A9481D610A343"", ""Iconic 5 Cannon"")","GearDye","/Game/Items/Dyes/Dye_Iconic5Cannon.Dye_Iconic5Cannon_C","None","None","0.000000","0.000000","(GameplayTags=)","False","True","0","(GameplayTags=)","None",""
Iconic6Cannon,"NSLOCTEXT(""DyeTable"", ""A6F00F7B41DB27DCF2CC4882037D1546"", ""Iconic 6 Cannon"")","GearDye","/Game/Items/Dyes/Dye_Iconic6Cannon.Dye_Iconic6Cannon_C","None","None","0.000000","0.000000","(GameplayTags=)","False","True","0","(GameplayTags=)","None",""
KarkinosCannon,"NSLOCTEXT(""DyeTable"", ""CD04D5564ED3949DCDF38BB0988BDDAF"", ""Karkinos Cannon"")","GearDye","/Game/Items/Dyes/Dye_KarkinosCannon.Dye_KarkinosCannon_C","None","None","0.000000","0.000000","(GameplayTags=)","False","True","0","(GameplayTags=)","None",""
NewbieCannon,"NSLOCTEXT(""DyeTable"", ""964139B14E9CF0EF794393956AAF2ED1"", ""Newbie Cannon"")","GearDye","/Game/Items/Dyes/Dye_NewbieCannon.Dye_NewbieCannon_C","None","None","0.000000","0.000000","(GameplayTags=)","False","True","0","(GameplayTags=)","None",""
ShadowsCannon,"NSLOCTEXT(""DyeTable"", ""85D0992A4760EF3BE44901858B379DDE"", ""Shadows Cannon"")","GearDye","/Game/Items/Dyes/Dye_ShadowsCannon.Dye_ShadowsCannon_C","None","None","0.000000","0.000000","(GameplayTags=)","False","True","0","(GameplayTags=)","None",""
SkeletonCannon,"NSLOCTEXT(""DyeTable"", ""0A23918F4D8A2E1C9790DF9283BE36D6"", ""Skeleton Cannon"")","GearDye","/Game/Items/Dyes/Dye_SkeletonCannon.Dye_SkeletonCannon_C","None","None","0.000000","0.000000","(GameplayTags=)","False","True","0","(GameplayTags=)","None",""
SteampunkCannon,"NSLOCTEXT(""DyeTable"", ""9D3816964A664BEB5726C68FA88E7FF8"", ""Steampunk Cannon"")","GearDye","/Game/Items/Dyes/Dye_SteampunkCannon.Dye_SteampunkCannon_C","None","None","0.000000","0.000000","(GameplayTags=)","False","True","0","(GameplayTags=)","None",""
VolturaCannon,"NSLOCTEXT(""DyeTable"", ""143994484B76F92E7EAA5F8DA860EBC9"", ""Voltura Cannon"")","GearDye","/Game/Items/Dyes/Dye_VolturaCannon.Dye_VolturaCannon_C","None","None","0.000000","0.000000","(GameplayTags=)","False","True","0","(GameplayTags=)","None",""
VsGroupsCannon,"NSLOCTEXT(""DyeTable"", ""2DA9BF5443D4D24ABBB71488E35BCE11"", ""Versus Groups Cannon"")","GearDye","/Game/Items/Dyes/Dye_VsGroupsCannon.Dye_VsGroupsCannon_C","None","None","0.000000","0.000000","(GameplayTags=)","False","True","0","(GameplayTags=)","None",""
VsIndividualsCannon,"NSLOCTEXT(""DyeTable"", ""447DB20C4BED321641966B96F4CD3B1E"", ""Versus Individuals Cannon"")","GearDye","/Game/Items/Dyes/Dye_VsIndividualsCannon.Dye_VsIndividualsCannon_C","None","None","0.000000","0.000000","(GameplayTags=)","False","True","0","(GameplayTags=)","None",""
VsIndividuals2Cannon,"NSLOCTEXT(""DyeTable"", ""0EF35F644DAA78659C716BB82E61D998"", ""Versus Individuals 2 Cannon"")","GearDye","/Game/Items/Dyes/Dye_VsIndividuals2Cannon.Dye_VsIndividuals2Cannon_C","None","None","0.000000","0.000000","(GameplayTags=)","False","True","0","(GameplayTags=)","None",""
VsIndividuals3Cannon,"NSLOCTEXT(""DyeTable"", ""FAD8118041BE23B85DEC4D9F5E6EDEB4"", ""Versus Individuals 3 Cannon"")","GearDye","/Game/Items/Dyes/Dye_VsIndividuals3Cannon.Dye_VsIndividuals3Cannon_C","None","None","0.000000","0.000000","(GameplayTags=)","False","True","0","(GameplayTags=)","None",""
GoblinChaseDM,"NSLOCTEXT(""DyeTable"", ""2CB0960748CA2AC26A3D64A16E882836"", ""Goblin Chase DM"")","GearDye","/Game/Items/Dyes/Dye_GoblinChaseDM.Dye_GoblinChaseDM_C","None","None","0.000000","0.000000","(GameplayTags=)","False","True","0","(GameplayTags=)","None",""
GoblinChaseRM,"NSLOCTEXT(""DyeTable"", ""FBFF549046D1CBCFF7F91E9C346471AA"", ""Goblin Chase RM"")","GearDye","/Game/Items/Dyes/Dye_GoblinChaseRM.Dye_GoblinChaseRM_C","None","None","0.000000","0.000000","(GameplayTags=)","False","True","0","(GameplayTags=)","None",""
GoblinChaseFOR,"NSLOCTEXT(""DyeTable"", ""5148FB824BFD316B9A11869D045DCCC9"", ""Goblin Chase FOR"")","GearDye","/Game/Items/Dyes/Dye_GoblinChaseFOR.Dye_GoblinChaseFOR_C","None","None","0.000000","0.000000","(GameplayTags=)","False","True","0","(GameplayTags=)","None",""
VolturaChaseDM,"NSLOCTEXT(""DyeTable"", ""80E8D5824314EB47E3DE249E6CD827CD"", ""Voltura Chase DM"")","GearDye","/Game/Items/Dyes/Dye_VolturaChaseDM.Dye_VolturaChaseDM_C","None","None","0.000000","0.000000","(GameplayTags=)","False","True","0","(GameplayTags=)","None",""
VolturaChaseRM,"NSLOCTEXT(""DyeTable"", ""983D5E454E46A865F4899F86721D08F9"", ""Voltura Chase RM"")","GearDye","/Game/Items/Dyes/Dye_VolturaChaseRM.Dye_VolturaChaseRM_C","None","None","0.000000","0.000000","(GameplayTags=)","False","True","0","(GameplayTags=)","None",""
VolturaChaseFOR,"NSLOCTEXT(""DyeTable"", ""85B0D379438DFDB97C7069A52D50B44F"", ""Voltura Chase FOR"")","GearDye","/Game/Items/Dyes/Dye_VolturaChaseFor.Dye_VolturaChaseFOR_C","None","None","0.000000","0.000000","(GameplayTags=)","False","True","0","(GameplayTags=)","None",""
VolturaChaseSS,"NSLOCTEXT(""DyeTable"", ""C84C90BD4A6F9DC62A8E738EC8FF513F"", ""Voltura Chase SS"")","GearDye","/Game/Items/Dyes/Dye_VolturaChaseSS.Dye_VolturaChaseSS_C","None","None","0.000000","0.000000","(GameplayTags=)","False","True","0","(GameplayTags=)","None",""
VespidChaseDM,"NSLOCTEXT(""DyeTable"", ""EAE9E15B40892B3943E0C289167FE3FB"", ""Vespid Chase DM"")","GearDye","/Game/Items/Dyes/Dye_VespidChaseDM.Dye_VespidChaseDM_C","None","None","0.000000","0.000000","(GameplayTags=)","False","True","0","(GameplayTags=)","None",""
HyvidChaseRM,"NSLOCTEXT(""DyeTable"", ""491DE90E4BF3DB116646329F8650CF03"", ""Hyvid Chase RM"")","GearDye","/Game/Items/Dyes/Dye_HyvidChaseRM.Dye_HyvidChaseRM_C","None","None","0.000000","0.000000","(GameplayTags=)","False","True","0","(GameplayTags=)","None",""
HyvidChaseFOR,"NSLOCTEXT(""DyeTable"", ""A62C4DB849E84FF8CAEF8DB9C97BF2B6"", ""Hyvid Chase FOR"")","GearDye","/Game/Items/Dyes/Dye_HyvidChaseFOR.Dye_HyvidChaseFOR_C","None","None","0.000000","0.000000","(GameplayTags=)","False","True","0","(GameplayTags=)","None",""
CommonChaseDM,"NSLOCTEXT(""DyeTable"", ""FE760E50489E0DACFD379C9E5D7CF7BE"", ""Common Chase DM"")","GearDye","/Game/Items/Dyes/Dye_CommonChaseDM.Dye_CommonChaseDM_C","None","None","0.000000","0.000000","(GameplayTags=)","False","True","0","(GameplayTags=)","None",""
CommonChaseRM,"NSLOCTEXT(""DyeTable"", ""B8F5B8204346F93436CF4EBF4AFDE26D"", ""Common Chase RM"")","GearDye","/Game/Items/Dyes/Dye_CommonChaseRM.Dye_CommonChaseRM_C","None","None","0.000000","0.000000","(GameplayTags=)","False","True","0","(GameplayTags=)","None",""
CommonChaseFOR,"NSLOCTEXT(""DyeTable"", ""F10DF21040E548E9FC49BBB464FB12F8"", ""Common Chase FOR"")","GearDye","/Game/Items/Dyes/Dye_CommonChaseFOR.Dye_CommonChaseFOR_C","None","None","0.000000","0.000000","(GameplayTags=)","False","True","0","(GameplayTags=)","None",""
CommonChaseSS,"NSLOCTEXT(""DyeTable"", ""BC6444244B703103D98BD881E9CBA6CB"", ""Common Chase SS"")","GearDye","/Game/Items/Dyes/Dye_CommonChaseSS.Dye_CommonChaseSS_C","None","None","0.000000","0.000000","(GameplayTags=)","False","True","0","(GameplayTags=)","None",""
SkinLight,"","SkinDye","None","Texture2D'/Game/Items/Dyes/gradients/Skin/grad_skin_light.grad_skin_light'","/Game/UI/Textures/LooseIcons/grad_skin1.grad_skin1","0.000000","0.000000","(GameplayTags=)","True","True","0","(GameplayTags=)","None",""
SkinLight2,"","SkinDye","None","Texture2D'/Game/Items/Dyes/gradients/Skin/grad_skin_light2.grad_skin_light2'","/Game/UI/Textures/LooseIcons/grad_skin2.grad_skin2","0.000000","0.000000","(GameplayTags=)","True","True","0","(GameplayTags=)","None",""
SkinMedium,"","SkinDye","None","Texture2D'/Game/Items/Dyes/gradients/Skin/grad_skin_medium.grad_skin_medium'","/Game/UI/Textures/LooseIcons/grad_skin3.grad_skin3","0.000000","0.000000","(GameplayTags=)","True","True","0","(GameplayTags=)","None",""
SkinMedium2,"","SkinDye","None","Texture2D'/Game/Items/Dyes/gradients/Skin/grad_skin_medium2.grad_skin_medium2'","/Game/UI/Textures/LooseIcons/grad_skin4.grad_skin4","0.000000","0.000000","(GameplayTags=)","True","True","0","(GameplayTags=)","None",""
SkinTan,"","SkinDye","None","Texture2D'/Game/Items/Dyes/gradients/Skin/grad_skin_tan.grad_skin_tan'","/Game/UI/Textures/LooseIcons/grad_skin5.grad_skin5","0.000000","0.000000","(GameplayTags=)","True","True","0","(GameplayTags=)","None",""
SkinTan2,"","SkinDye","None","Texture2D'/Game/Items/Dyes/gradients/Skin/grad_skin_tan2.grad_skin_tan2'","/Game/UI/Textures/LooseIcons/grad_skin6.grad_skin6","0.000000","0.000000","(GameplayTags=)","True","True","0","(GameplayTags=)","None",""
SkinDeep,"","SkinDye","None","Texture2D'/Game/Items/Dyes/gradients/Skin/grad_skin_deep.grad_skin_deep'","/Game/UI/Textures/LooseIcons/grad_skin7.grad_skin7","0.000000","0.000000","(GameplayTags=)","True","True","0","(GameplayTags=)","None",""
SkinDeep2,"","SkinDye","None","Texture2D'/Game/Items/Dyes/gradients/Skin/grad_skin_deep2.grad_skin_deep2'","/Game/UI/Textures/LooseIcons/grad_skin8.grad_skin8","0.000000","0.000000","(GameplayTags=)","True","True","0","(GameplayTags=)","None",""
PetAlpacaWhite,"","SkinDye","None","None","/Game/Items/Dyes/gradients/Skin/grad_Alpaca1.grad_Alpaca1","0.000000","0.000000","(GameplayTags=)","False","True","0","(GameplayTags=)","None",""
PetAlpacaGolden,"","SkinDye","None","None","/Game/Items/Dyes/gradients/Skin/grad_Alpaca2.grad_Alpaca2","0.000000","0.000000","(GameplayTags=)","False","True","0","(GameplayTags=)","None",""
PetAlpacaChocolate,"","SkinDye","None","None","/Game/Items/Dyes/gradients/Skin/grad_Alpaca3.grad_Alpaca3","0.000000","0.000000","(GameplayTags=)","False","True","0","(GameplayTags=)","None",""
PetRetrieverGolden,"","SkinDye","None","None","/Game/Items/Dyes/gradients/Skin/grad_Dog1.grad_Dog1","0.000000","0.000000","(GameplayTags=)","False","True","0","(GameplayTags=)","None",""
PetRetrieverSilver,"","GearDye","None","None","/Game/Items/Dyes/gradients/Skin/grad_Dog3.grad_Dog3","0.000000","0.000000","(GameplayTags=)","False","True","0","(GameplayTags=)","None",""
PetRetrieverChocolate,"","GearDye","None","None","/Game/Items/Dyes/gradients/Skin/grad_Dog2.grad_Dog2","0.000000","0.000000","(GameplayTags=)","False","True","0","(GameplayTags=)","None",""
PetOwlRed,"","GearDye","None","None","/Game/Items/Dyes/gradients/Skin/grad_Owl1.grad_Owl1","0.000000","0.000000","(GameplayTags=)","False","True","0","(GameplayTags=)","None",""
PetOwlGolden,"","GearDye","None","None","/Game/Items/Dyes/gradients/Skin/grad_Owl2.grad_Owl2","0.000000","0.000000","(GameplayTags=)","False","True","0","(GameplayTags=)","None",""
PetOwlTeal,"","GearDye","None","None","/Game/Items/Dyes/gradients/Skin/grad_Owl3.grad_Owl3","0.000000","0.000000","(GameplayTags=)","False","True","0","(GameplayTags=)","None",""
HairBlack,"","HairDye","None","Texture2D'/Game/Items/Dyes/gradients/Hair/grad_hair_black.grad_hair_black'","/Game/Items/Dyes/gradients/Skin/grad_hair1.grad_hair1","0.000000","0.000000","(GameplayTags=)","False","True","0","(GameplayTags=)","None",""
HairBlueBlack,"","HairDye","None","Texture2D'/Game/Items/Dyes/gradients/Hair/grad_hair_blueblack.grad_hair_blueblack'","/Game/Items/Dyes/gradients/Skin/grad_hair3.grad_hair3","0.000000","0.000000","(GameplayTags=)","True","True","0","(GameplayTags=)","None",""
HairBrownDark,"","HairDye","None","Texture2D'/Game/Items/Dyes/gradients/Hair/grad_hair_browndark.grad_hair_browndark'","/Game/Items/Dyes/gradients/Skin/grad_hair5.grad_hair5","0.000000","0.000000","(GameplayTags=)","True","True","0","(GameplayTags=)","None",""
HairBrownLight,"","HairDye","None","Texture2D'/Game/Items/Dyes/gradients/Hair/grad_hair_brownlight.grad_hair_brownlight'","/Game/Items/Dyes/gradients/Skin/grad_hair6.grad_hair6","0.000000","0.000000","(GameplayTags=)","True","True","0","(GameplayTags=)","None",""
HairRedOrange,"","HairDye","None","Texture2D'/Game/Items/Dyes/gradients/Hair/grad_hair_redorange.grad_hair_redorange'","/Game/Items/Dyes/gradients/Skin/grad_hair8.grad_hair8","0.000000","0.000000","(GameplayTags=)","True","True","0","(GameplayTags=)","None",""
HairDirtyBlonde,"","HairDye","None","Texture2D'/Game/Items/Dyes/gradients/Hair/grad_hair_dirtyblonde.grad_hair_dirtyblonde'","/Game/Items/Dyes/gradients/Skin/grad_hair14.grad_hair14","0.000000","0.000000","(GameplayTags=)","True","True","0","(GameplayTags=)","None",""
HairBlonde,"","HairDye","None","Texture2D'/Game/Items/Dyes/gradients/Hair/grad_hair_blonde.grad_hair_blonde'","/Game/Items/Dyes/gradients/Skin/grad_hair2.grad_hair2","0.000000","0.000000","(GameplayTags=)","True","True","0","(GameplayTags=)","None",""
HairWhite,"","HairDye","None","Texture2D'/Game/Items/Dyes/gradients/Hair/grad_hair_white.grad_hair_white'","/Game/Items/Dyes/gradients/Skin/grad_hair9.grad_hair9","0.000000","0.000000","(GameplayTags=)","True","True","0","(GameplayTags=)","None",""
HairBlueGray,"","HairDye","None","Texture2D'/Game/Items/Dyes/gradients/Hair/grad_hair_bluegray.grad_hair_bluegray'","/Game/Items/Dyes/gradients/Skin/grad_hair4.grad_hair4","0.000000","0.000000","(GameplayTags=)","True","True","0","(GameplayTags=)","None",""
HairAuburn,"","HairDye","None","Texture2D'/Game/Items/Dyes/gradients/Hair/grad_hair_auburn.grad_hair_auburn'","/Game/Items/Dyes/gradients/Skin/grad_hair16.grad_hair16","0.000000","0.000000","(GameplayTags=)","True","True","0","(GameplayTags=)","None",""
HairEggplant,"","HairDye","None","Texture2D'/Game/Items/Dyes/gradients/Hair/grad_hair_eggplant.grad_hair_eggplant'","/Game/Items/Dyes/gradients/Skin/grad_hair13.grad_hair13","0.000000","0.000000","(GameplayTags=)","True","True","0","(GameplayTags=)","None",""
HairDarkBlue,"","HairDye","None","Texture2D'/Game/Items/Dyes/gradients/Hair/grad_hair_darkblue.grad_hair_darkblue'","/Game/Items/Dyes/gradients/Skin/grad_hair15.grad_hair15","0.000000","0.000000","(GameplayTags=)","True","True","0","(GameplayTags=)","None",""
HairForest,"","HairDye","None","Texture2D'/Game/Items/Dyes/gradients/Hair/grad_hair_forest.grad_hair_forest'","/Game/Items/Dyes/gradients/Skin/grad_hair12.grad_hair12","0.000000","0.000000","(GameplayTags=)","True","True","0","(GameplayTags=)","None",""
HairPink,"","HairDye","None","Texture2D'/Game/Items/Dyes/gradients/Hair/grad_hair_pink.grad_hair_pink'","/Game/Items/Dyes/gradients/Skin/grad_hair7.grad_hair7","0.000000","0.000000","(GameplayTags=)","True","True","0","(GameplayTags=)","None",""
HairLilac,"","HairDye","None","Texture2D'/Game/Items/Dyes/gradients/Hair/grad_hair_lilac.grad_hair_lilac'","/Game/Items/Dyes/gradients/Skin/grad_hair11.grad_hair11","0.000000","0.000000","(GameplayTags=)","True","True","0","(GameplayTags=)","None",""
HairAqua,"","HairDye","None","Texture2D'/Game/Items/Dyes/gradients/Hair/grad_hair_aqua.grad_hair_aqua'","/Game/Items/Dyes/gradients/Skin/grad_hair17.grad_hair17","0.000000","0.000000","(GameplayTags=)","True","True","0","(GameplayTags=)","None",""
HairMint,"","HairDye","None","Texture2D'/Game/Items/Dyes/gradients/Hair/grad_hair_mint.grad_hair_mint'","/Game/Items/Dyes/gradients/Skin/grad_hair10.grad_hair10","0.000000","0.000000","(GameplayTags=)","True","True","0","(GameplayTags=)","None",""
GlobalChase_FOR,"NSLOCTEXT(""DyeTable"", ""67E2D2EF4D70898781ADD2BCA6013C21"", ""Global Chase FOR"")","GearDye","/Game/Items/Dyes/Dye_T4ChaseFor.Dye_T4ChaseFor_C","None","None","0.000000","0.000000","(GameplayTags=)","False","True","0","(GameplayTags=)","None",""
TerracottaTan,"NSLOCTEXT(""DyeTable"", ""A04F34DA42A358D2043DB9A903F01C07"", ""Terracotta Tan"")","GearDye","/Game/Items/Dyes/Dye_TerracottaTan.Dye_TerracottaTan_C","None","None","1.000000","15.000000","(GameplayTags=((TagName=""ItemQuality.Magic"")))","False","False","100","(GameplayTags=)","None",""
ForestBeast,"NSLOCTEXT(""DyeTable"", ""68C12C304647D0770A3182A0819D11F6"", ""Forest Beast"")","GearDye","/Game/Items/Dyes/Dye_ForestBeast.Dye_ForestBeast_C","None","None","1.000000","15.000000","(GameplayTags=((TagName=""ItemQuality.Rare"")))","False","False","150","(GameplayTags=)","None",""
Carapace,"NSLOCTEXT(""DyeTable"", ""48E32B044B809016E21616BB8F8A4175"", ""Carapace"")","GearDye","/Game/Items/Dyes/Dye_Carapace.Dye_Carapace_C","None","None","9.000000","22.000000","(GameplayTags=((TagName=""ItemQuality.Rare"")))","False","False","100","(GameplayTags=)","None",""
BerryBlast,"NSLOCTEXT(""DyeTable"", ""EC4543184805BF302FCA24894531E6D8"", ""Berry Blast"")","GearDye","/Game/Items/Dyes/Dye_BerryBlast.Dye_BerryBlast_C","None","None","38.000000","47.000000","(GameplayTags=((TagName=""ItemQuality.Rare"")))","False","False","100","(GameplayTags=)","None",""
RoseGold,"NSLOCTEXT(""DyeTable"", ""DC1CF0C34F3A93CFE638F6B36EA38256"", ""Rose Gold"")","GearDye","/Game/Items/Dyes/Dye_RoseGold.Dye_RoseGold_C","None","None","46.000000","60.000000","(GameplayTags=((TagName=""ItemQuality.Rare"")))","False","False","100","(GameplayTags=)","None",""
InvertedFire,"NSLOCTEXT(""DyeTable"", ""7B47D1A446A1594C934ED2B35D4E3C4A"", ""Inverted Fire"")","GearDye","/Game/Items/Dyes/Dye_InvertedFire.Dye_InvertedFire_C","None","None","8.000000","15.000000","(GameplayTags=((TagName=""ItemQuality.Magic"")))","False","False","200","(GameplayTags=)","None",""
ForestBeastDuplicate,"NSLOCTEXT(""DyeTable"", ""213D0B4946510B17B9E4BBBAEBC18251"", ""Forest Beast (Duplicate)"")","GearDye","/Game/Items/Dyes/Dye_ForestBeast.Dye_ForestBeast_C","None","None","47.000000","60.000000","(GameplayTags=((TagName=""ItemQuality.Normal"")))","False","False","100","(GameplayTags=)","ForestBeast",""
ForestBeastDuplicate2,"NSLOCTEXT(""DyeTable"", ""2103B41D407ADCCCC872EC94A1A8B1ED"", ""Forest Beast (Duplicate 2)"")","GearDye","/Game/Items/Dyes/Dye_ForestBeast.Dye_ForestBeast_C","None","None","60.000000","60.000000","(GameplayTags=((TagName=""ItemQuality.Rare"")))","False","False","100","(GameplayTags=)","ForestBeast",""
CarapaceDuplicate,"NSLOCTEXT(""DyeTable"", ""09178CEB470CE3CF7A577E91A89B4692"", ""Carapace (Duplicate)"")","GearDye","/Game/Items/Dyes/Dye_Carapace.Dye_Carapace_C","None","None","60.000000","60.000000","(GameplayTags=((TagName=""ItemQuality.Rare"")))","False","False","100","(GameplayTags=)","Carapace",""
ScarabDuplicate,"NSLOCTEXT(""DyeTable"", ""A8A24A984A9DACA464C376B962B88609"", ""Scarab (Duplicate)"")","GearDye","/Game/Items/Dyes/Dye_Scarab.Dye_Scarab_C","None","None","60.000000","60.000000","(GameplayTags=((TagName=""ItemQuality.Rare"")))","False","False","100","(GameplayTags=)","Scarab",""
BerryBlastDuplicate,"NSLOCTEXT(""DyeTable"", ""5D78975F4D3C663214F201A8742A0546"", ""Berry Blast (Duplicate)"")","GearDye","/Game/Items/Dyes/Dye_BerryBlast.Dye_BerryBlast_C","None","None","60.000000","60.000000","(GameplayTags=((TagName=""ItemQuality.Rare"")))","False","False","100","(GameplayTags=)","BerryBlast",""
TerracottaTanDuplicate,"NSLOCTEXT(""DyeTable"", ""490135BE410BD3C95168379A6BA81EBA"", ""Terracotta Tan (Duplicate)"")","GearDye","/Game/Items/Dyes/Dye_TerracottaTan.Dye_TerracottaTan_C","None","None","60.000000","60.000000","(GameplayTags=((TagName=""ItemQuality.Magic"")))","False","False","100","(GameplayTags=)","TerracottaTan",""
InvertedFireDuplicate,"NSLOCTEXT(""DyeTable"", ""2EBAF7264A92074AC09B6591037C27FA"", ""Inverted Fire (Duplicate)"")","GearDye","/Game/Items/Dyes/Dye_InvertedFire.Dye_InvertedFire_C","None","None","60.000000","60.000000","(GameplayTags=((TagName=""ItemQuality.Magic"")))","False","False","100","(GameplayTags=)","InvertedFire",""
GoldenrodDuplicate,"NSLOCTEXT(""DyeTable"", ""143FC8B2418C70AFA8D20DB0DC3B4BD4"", ""Goldenrod (Duplicate)"")","GearDye","/Game/Items/Dyes/Dye_Goldenrod.Dye_Goldenrod_C","None","None","60.000000","60.000000","(GameplayTags=((TagName=""ItemQuality.Magic"")))","False","False","100","(GameplayTags=)","Goldenrod",""
GuildedStormDuplicate,"NSLOCTEXT(""DyeTable"", ""142922444D0E5242F24CE38B2276F78D"", ""Guilded Storm (Duplicate)"")","GearDye","/Game/Items/Dyes/Dye_GuildedStorm.Dye_GuildedStorm_C","None","None","60.000000","60.000000","(GameplayTags=((TagName=""ItemQuality.Magic"")))","False","False","100","(GameplayTags=)","GuildedStorm",""
ViridianDirtDuplicate,"NSLOCTEXT(""DyeTable"", ""7E2949CC4548E828A7F9788821780609"", ""Viridian Dirt (Duplicate)"")","GearDye","/Game/Items/Dyes/Dye_ViridianDirt.Dye_ViridianDirt_C","None","None","60.000000","60.000000","(GameplayTags=((TagName=""ItemQuality.Normal"")))","False","False","100","(GameplayTags=)","ViridianDirt",""
LichLord_DM,"NSLOCTEXT(""DyeTable"", ""F250DACB4E4B221D3076168B3CD7571A"", ""Lich Lord"")","GearDye","/Game/Items/Dyes/Dye_LichLordsDM.Dye_LichLordsDM_C","None","None","0.000000","0.000000","(GameplayTags=)","False","True","0","(GameplayTags=)","None",""
LichLord_RM,"NSLOCTEXT(""DyeTable"", ""40F2589E409D72AD454D3A869FE5FDD0"", ""Lich Lord"")","GearDye","/Game/Items/Dyes/Dye_LichLordsRM.Dye_LichLordsRM_C","None","None","0.000000","0.000000","(GameplayTags=)","False","True","0","(GameplayTags=)","None",""
LichLord_SS,"NSLOCTEXT(""DyeTable"", ""19BC66544625C8C7C29C94AE0FC5B3AC"", ""Lich Lord"")","GearDye","/Game/Items/Dyes/Dye_LichLordsSS.Dye_LichLordsSS_C","None","None","0.000000","0.000000","(GameplayTags=)","False","True","0","(GameplayTags=)","None",""
LichLord_FG,"NSLOCTEXT(""DyeTable"", ""375FF4D84C9725C2DB91FBB770648F90"", ""Lich Lord"")","GearDye","/Game/Items/Dyes/Dye_LichLordsFOR.Dye_LichLordsFOR_C","None","None","0.000000","0.000000","(GameplayTags=)","False","True","0","(GameplayTags=)","None",""
RoyalTundra,"NSLOCTEXT(""DyeTable"", ""CC3113B3473091A0FDC274AC9FF1774B"", ""Royal Tundra"")","GearDye","/Game/Items/Dyes/DYE_RoyalTundra_DSEGEN.DYE_RoyalTundra_DSEGEN_C","None","None","0.000000","0.000000","(GameplayTags=)","False","True","0","(GameplayTags=)","None",""
LeatherSteelBone,"NSLOCTEXT(""DyeTable"", ""1CDFFBBC40E392095695E3AE7D666BC2"", ""Leather Steel Bone"")","GearDye","/Game/Items/Dyes/Dye_Leather_Steel_Bone.Dye_Leather_Steel_Bone_C","None","None","47.000000","60.000000","(GameplayTags=((TagName=""ItemQuality.Normal"")))","False","False","100","(GameplayTags=)","None",""
TurquoiseLeather,"NSLOCTEXT(""DyeTable"", ""D3655AA9475E84F8A9A173B72353BF13"", ""Turquoise Leather"")","GearDye","/Game/Items/Dyes/Dye_Turqoise_Leather.Dye_Turqoise_Leather_C","None","None","47.000000","60.000000","(GameplayTags=((TagName=""ItemQuality.Magic"")))","False","False","100","(GameplayTags=)","None",""
Pastel,"NSLOCTEXT(""DyeTable"", ""9574B7DE473847D3761B1BA098C8B75D"", ""Pastel"")","GearDye","/Game/Items/Dyes/Dye_Pastel.Dye_Pastel_C","None","None","47.000000","60.000000","(GameplayTags=((TagName=""ItemQuality.Rare"")))","False","False","100","(GameplayTags=)","None",""
IconicRM,"NSLOCTEXT(""DyeTable"", ""314DA8014681E7CDBDA47085045B1186"", ""Iconic Railmaster"")","GearDye","/Game/Items/Dyes/Dye_IconicRM.Dye_IconicRM_C","None","None","47.000000","60.000000","(GameplayTags=((TagName=""ItemQuality.Magic"")))","False","False","100","(GameplayTags=)","None",""
Tangerine,"NSLOCTEXT(""DyeTable"", ""0F8B4D3D4B3E446FB049C48A88782FFD"", ""Tangerine"")","GearDye","/Game/Items/Dyes/Dye_Tangerine.Dye_Tangerine_C","None","None","47.000000","60.000000","(GameplayTags=((TagName=""ItemQuality.Rare"")))","False","False","100","(GameplayTags=)","None",""
BurgundyBark,"NSLOCTEXT(""DyeTable"", ""4B5D345446B15906D9F682851E25AFF3"", ""Burgundy Bark"")","GearDye","/Game/Items/Dyes/Dye_Burgundy_Bark.Dye_Burgundy_Bark_C","None","None","47.000000","60.000000","(GameplayTags=((TagName=""ItemQuality.Normal"")))","False","False","100","(GameplayTags=)","None",""
