---,SkillClass,CharacterTag,Animation,AnimationOverride,MaximumSkillLevel,MinimumSkillLevel,EmberWeaponUnlockLevel,bShowSkillLevel,GameplayTags,ExclusiveTags,RequiredSkillTab,RequiredPointsInSkillTab,TraitMode,TraitString,PerLevelDisplayTexts,TraitCurve1,TraitCurve2,TraitCurve3,TraitCurve4,bCanNeverBeUnlocked,bHiddenBehindCheats,SkillPanelRow,SkillPanelColumn,TryStatusEffect,TryDuration,DefaultSkillSet,DefaultSkillSlot,Notes
DM_HolyBolt,"/Game/Skills/Blueprints/DuskMage/Skill_holybolt.Skill_holybolt_C","Character.Player.DuskMage","Default","None","12","0","0","True","(GameplayTags=((TagName=""Skill.DuskMage.Light""),(TagName=""Skill.Active"")))","(GameplayTags=)","(RowName="""")","0","Default","DamagePctBySkillName|DM_HolyBolt=0.0425;DamagePctBySkillTag|Skill.DuskMage.Dark=0.021","(NSLOCTEXT(""SkillsTable"", ""58DC86684865D208F9EADFB06676CD00"", ""Holy Bolt damage""),NSLOCTEXT(""SkillsTable"", ""6E35C5F84BBF7A87AE0E3E82DC4E966C"", ""Dark skill damage""))","PerLevelByOnesStartWithOne","PerLevelByOnesStartWithOne","None","None","False","False","0","1","(RowName="""")","30.000000","Default","Skill00",""
DM_UnholyBolt,"/Game/Skills/Blueprints/DuskMage/Skill_unholybolt.Skill_unholybolt_C","Character.Player.DuskMage","Default","None","12","0","0","True","(GameplayTags=((TagName=""Skill.DuskMage.Dark""),(TagName=""Skill.Active"")))","(GameplayTags=)","(RowName="""")","0","Default","DamagePctBySkillName|DM_UnholyBolt=0.0425;DamagePctBySkillTag|Skill.DuskMage.Light=0.021","(NSLOCTEXT(""SkillsTable"", ""112DF9AE40750FFA98AAB1A19ABCD8D4"", ""Unholy Bolt damage""),NSLOCTEXT(""SkillsTable"", ""C41E6218418174B8524B189ADBBC8592"", ""Light skill damage""))","PerLevelByOnesStartWithOne","PerLevelByOnesStartWithOne","None","None","False","False","0","2","(RowName="""")","30.000000","Default","Skill00",""
DM_HolyFury,"/Game/Skills/Blueprints/DuskMage/Skill_HolyFury.Skill_HolyFury_C","Character.Player.DuskMage","Default","None","12","0","0","True","(GameplayTags=((TagName=""Skill.DuskMage.Light""),(TagName=""Skill.Active"")))","(GameplayTags=)","(RowName=""DM_Dark"")","1","Default","EnergyCostPctBySkillName|DM_HolyFury=-0.02917;EnergyCostPctBySkillTag|Skill.DuskMage.Dark=-0.021","(NSLOCTEXT(""SkillsTable"", ""74C22362457BC97F554CCD8BCE3B1729"", ""Holy Fury Mana cost""),NSLOCTEXT(""SkillsTable"", ""0BEDC4BC45886DC19AD20F88E4E7D670"", ""Dark skill Mana cost""))","PerLevelByOnesStartWithOne","PerLevelByOnesStartWithOne","None","None","False","False","1","0","(RowName=""TrySkill_DM_HolyFury"")","30.000000","Default","Skill00",""
DM_LuminousRun,"/Game/Skills/Blueprints/DuskMage/Skill_LuminousRun.Skill_LuminousRun_C","Character.Player.DuskMage","Instant","None","12","0","0","True","(GameplayTags=((TagName=""Skill.DuskMage.Light""),(TagName=""Skill.Active"")))","(GameplayTags=)","(RowName=""DM_Dark"")","1","Default","DurationPctBySkillName|DM_LuminousRun=0.085;DamagePctBySkillTag|Skill.EmberWeapon.Active=0.0168","(NSLOCTEXT(""SkillsTable"", ""3ACC629E40C26999E13280A3385B0CA7"", ""Luminous Run duration""),NSLOCTEXT(""SkillsTable"", ""D241E148410745CAD867C9A57A4BD45E"", ""Relic Active Skill Damage""))","PerLevelByOnesStartWithOne","PerLevelByOnesStartWithOne","None","None","False","False","1","2","(RowName=""TrySkill_DM_LuminousRun"")","30.000000","Default","Skill00",""
DM_Entropy,"/Game/Skills/Blueprints/DuskMage/Skill_Entropy.Skill_Entropy_C","Character.Player.DuskMage","Default","None","12","0","0","True","(GameplayTags=((TagName=""Skill.DuskMage.Dark""),(TagName=""Skill.Active"")))","(GameplayTags=)","(RowName=""DM_Light"")","1","Default","EnergyCostPctBySkillName|DM_Entropy=-.0425;CooldownPctBySkillTag|Skill.DuskMage.Light=-.0168","(NSLOCTEXT(""SkillsTable"", ""61474AE8488B5C8FE06DC79D8D33E901"", ""Entropy Mana Cost""),NSLOCTEXT(""SkillsTable"", ""859EFEEF452FB05929BAC09A604F20A8"", ""Light Skill Cooldowns ""))","PerLevelByOnesStartWithOne","PerLevelByOnesStartWithOne","None","None","False","False","1","2","(RowName=""TrySkill_DM_Entropy"")","30.000000","Default","Skill00",""
DM_DarkSpears,"/Game/Skills/Blueprints/DuskMage/Skill_Darkspears.Skill_Darkspears_C","Character.Player.DuskMage","Default","None","12","0","0","True","(GameplayTags=((TagName=""Skill.DuskMage.Dark""),(TagName=""Skill.Active"")))","(GameplayTags=)","(RowName=""DM_Light"")","5","Default","DurationPctBySkillName|DM_DarkSpears=0.085;EnergyCostPctBySkillTag|Skill.DuskMage.Light=-.0168","(NSLOCTEXT(""SkillsTable"", ""E5A977A240E72FCA796773814500C1BB"", ""Dark Spears Duration""),NSLOCTEXT(""SkillsTable"", ""660D152A4B5CEB82BF8DEBB12841AD21"", ""Light Skill Mana Costs""))","PerLevelByOnesStartWithOne","PerLevelByOnesStartWithOne","None","None","False","False","2","0","(RowName=""TrySkill_DM_DarkSpears"")","30.000000","Default","Skill00",""
DM_Absolver,"/Game/Skills/Blueprints/DuskMage/Skill_Absolver.Skill_Absolver_C","Character.Player.DuskMage","Default","None","12","0","0","True","(GameplayTags=((TagName=""Skill.DuskMage.Light""),(TagName=""Skill.Active"")))","(GameplayTags=)","(RowName=""DM_Dark"")","5","Default","DamagePctBySkillName|DM_Absolver=0.085;MiscBonusBySkillName|DM_Absolver=0.0588","(NSLOCTEXT(""SkillsTable"", ""413E873A4B115C554F2C8FBA86C0886C"", ""Absolver damage""),NSLOCTEXT(""SkillsTable"", ""0631A09C4D5766D4E6927F94189F24DA"", ""Dark Bar Charge gain""))","PerLevelByOnesStartWithOne","PerLevelByOnesStartWithOne","None","None","False","False","2","1","(RowName=""TrySkill_DM_Absolver"")","30.000000","Default","Skill00",""
DM_ChaoticFury,"/Game/Skills/Blueprints/Skill_Placeholder.Skill_Placeholder_C","Character.Player.DuskMage","Default","None","12","0","0","True","(GameplayTags=((TagName=""Skill.DuskMage.Dark""),(TagName=""Skill.Active"")))","(GameplayTags=)","(RowName=""DM_Light"")","5","Default","","","None","None","None","None","True","False","2","1","(RowName=""TrySkill_DM_DarkSpears"")","30.000000","Default","Skill00",""
DM_RadiantBlast,"/Game/Skills/Blueprints/DuskMage/Skill_RadiantBlast.Skill_RadiantBlast_C","Character.Player.DuskMage","Default","None","12","0","0","True","(GameplayTags=((TagName=""Skill.DuskMage.Light""),(TagName=""Skill.Active"")))","(GameplayTags=)","(RowName=""DM_Dark"")","10","Default","DamagePctBySkillName|DM_RadiantBlast=0.042;DurationPctBySkillName|DM_DarkSpears=0.021","(NSLOCTEXT(""SkillsTable"", ""7CC8B7124C8A1CF139A7AA8DA12F8AF4"", ""Damage to Radiant Blast""),NSLOCTEXT(""SkillsTable"", ""1E6811A348FF9A1CDD1AFA9623B96AC2"", ""Dark Spears duration""))","PerLevelByOnesStartWithOne","PerLevelByOnesStartWithOne","None","None","False","False","3","0","(RowName=""TrySkill_DM_RadiantBlast"")","30.000000","Default","Skill00",""
DM_SpiritWell,"/Game/Skills/Blueprints/DuskMage/Skill_SpiritWell.Skill_SpiritWell_C","Character.Player.DuskMage","Default","None","12","0","0","True","(GameplayTags=((TagName=""Skill.Active""),(TagName=""Skill.DuskMage.Dark"")))","(GameplayTags=)","(RowName=""DM_Light"")","10","Default","DurationPctBySkillName|DM_SpiritWell=0.085;MiscBonusBySkillName|DM_SpiritWell=0.084","(NSLOCTEXT(""SkillsTable"", ""F36E5D9947E29A0AB627A1B51E979554"", ""Spirit Well Minion Duration""),NSLOCTEXT(""SkillsTable"", ""4E9D4785488D3418A555428065A2A259"", ""Dark Skill Buff Duration""))","PerLevelByOnesStartWithOne","PerLevelByOnesStartWithOne","None","None","False","False","3","2","(RowName=""TrySkill_DM_SpiritWell"")","30.000000","Default","Skill00",""
DM_Consecration,"/Game/Skills/Blueprints/DuskMage/Skill_Consecration.Skill_Consecration_C","Character.Player.DuskMage","Default","None","12","0","0","True","(GameplayTags=((TagName=""Skill.DuskMage.Light""),(TagName=""Skill.Active"")))","(GameplayTags=)","(RowName=""DM_Dark"")","10","Default","DamagePctBySkillName|DM_Consecration=0.043;DurationPctBySkillName|DM_Damnation=.021","(NSLOCTEXT(""SkillsTable"", ""968B0F2348296D610CEFEB9C56DC01DD"", ""Consecration Damage Bonus""),NSLOCTEXT(""SkillsTable"", ""97BE192543A6D9D75C526881505884D8"", ""Mystery Skill\'s Duration""))","PerLevelByOnesStartWithOne","PerLevelByOnesStartWithOne","None","None","False","False","3","2","(RowName=""TrySkill_DM_Consecration"")","30.000000","Default","Skill00",""
DM_Damnation,"/Game/Skills/Blueprints/DuskMage/Skill_Damnation.Skill_Damnation_C","Character.Player.DuskMage","Default","None","12","0","0","True","(GameplayTags=((TagName=""Skill.Active""),(TagName=""Skill.DuskMage.Dark"")))","(GameplayTags=)","(RowName=""DM_Light"")","15","Default","DurationPctBySkillName|DM_Damnation=.0425;CooldownPctBySkillTag|Skill.Emberweapon=-.0168","(NSLOCTEXT(""SkillsTable"", ""86E6B38441BEC53DC68336AD02120069"", ""Damnation Duration""),NSLOCTEXT(""SkillsTable"", ""198FEA9341D63C63EBD003B36CFD1814"", ""Relic Skill Cooldowns""))","PerLevelByOnesStartWithOne","PerLevelByOnesStartWithOne","None","None","False","False","4","0","(RowName="""")","30.000000","Default","Skill00",""
DM_EnergySpike,"/Game/Skills/Blueprints/DuskMage/Skill_EnergySpike.Skill_EnergySpike_C","Character.Player.DuskMage","Default","None","12","0","0","True","(GameplayTags=((TagName=""Skill.Active""),(TagName=""Skill.DuskMage.Dark"")))","(GameplayTags=)","(RowName=""DM_Light"")","15","Default","DamagePctBySkillName|DM_EnergySpike=0.042;MiscBonusBySkillName|DM_EnergySpike=0.0588","(NSLOCTEXT(""SkillsTable"", ""74CCFCF84F05A0E8145D90A5C89ED404"", ""Energy Spike damage""),NSLOCTEXT(""SkillsTable"", ""F0A0102C4974D11318BD99810AB5F948"", ""Light Bar Charge gain""))","PerLevelByOnesStartWithOne","PerLevelByOnesStartWithOne","None","None","False","False","4","1","(RowName=""TrySkill_DM_EnergySpike"")","30.000000","Default","Skill00",""
DM_LightSpear,"/Game/Skills/Blueprints/DuskMage/Skill_Lightspear.Skill_Lightspear_C","Character.Player.DuskMage","Default","None","12","0","0","True","(GameplayTags=((TagName=""Skill.Active""),(TagName=""Skill.DuskMage.Light"")))","(GameplayTags=)","(RowName=""DM_Dark"")","15","Default","DamagePctBySkillName|DM_LightSpear=0.255;MiscBonusBySkillName|DM_LightSpear=0.084","(NSLOCTEXT(""SkillsTable"", ""942594044B40099F65EA00957980E616"", ""Light Spear\'s Chance to Heal""),NSLOCTEXT(""SkillsTable"", ""D850B1124349167EBD2DA1BBF2453451"", ""Light Charged Buff Duration""))","PerLevelByOnesStartWithOne","PerLevelByOnesStartWithOne","None","None","False","False","4","1","(RowName="""")","30.000000","Default","Skill00",""
DM_UltimateLight,"/Game/Skills/Blueprints/Skill_Placeholder.Skill_Placeholder_C","Character.Player.DuskMage","Default","None","20","0","0","True","(GameplayTags=((TagName=""Skill.Active""),(TagName=""Skill.DuskMage.Light"")))","(GameplayTags=)","(RowName=""DM_Dark"")","20","Default","","","None","None","None","None","True","False","5","1","(RowName="""")","30.000000","Default","Skill00",""
DM_UltimateDark,"/Game/Skills/Blueprints/Skill_Placeholder.Skill_Placeholder_C","Character.Player.DuskMage","Default","None","20","0","0","True","(GameplayTags=((TagName=""Skill.Active""),(TagName=""Skill.DuskMage.Dark"")))","(GameplayTags=)","(RowName=""DM_Light"")","20","Default","","","None","None","None","None","True","False","5","1","(RowName="""")","30.000000","Default","Skill00",""
DM_SoulStripper,"/Game/Skills/Blueprints/DuskMage/Skill_DuskMage_SoulRipper.Skill_DuskMage_SoulRipper_C","Character.Player.DuskMage","Default","None","1","0","0","True","(GameplayTags=((TagName=""Skill.DuskMage.Dark""),(TagName=""Skill.Active"")))","(GameplayTags=)","(RowName="""")","0","Default","","","None","None","None","None","False","True","0","0","(RowName="""")","30.000000","None","Skill00",""
DM_RocknRoll,"/Game/Skills/Blueprints/DuskMage/Skill_RocknRoll.Skill_RocknRoll_C","Character.Player.DuskMage","Default","None","1","1","0","True","(GameplayTags=((TagName=""Skill.Active""),(TagName=""Skill.DuskMage""),(TagName=""Character.Player.DuskMage"")))","(GameplayTags=)","(RowName="""")","0","Default","","","None","None","None","None","False","True","0","0","(RowName="""")","30.000000","None","Skill00",""
DM_ShadowStep,"/Game/Skills/Blueprints/DuskMage/Skill_ShadowStep.Skill_ShadowStep_C","Character.Player.DuskMage","Default","None","1","0","0","True","(GameplayTags=((TagName=""Skill.DuskMage.Dark""),(TagName=""Skill.Active"")))","(GameplayTags=)","(RowName=""DM_Dark"")","15","Default","","","None","None","None","None","False","True","3","0","(RowName="""")","30.000000","None","Skill00",""
DM_KeeperofBalance,"/Game/Skills/Blueprints/DuskMage/Skill_Passive_KeeperofBalance.Skill_Passive_KeeperofBalance_C","Character.Player.DuskMage","Default","None","1","0","0","True","(GameplayTags=((TagName=""Skill.Passive""),(TagName=""Skill.DuskMage"")))","(GameplayTags=((TagName=""Skill.DuskMage.Balance"")))","(RowName="""")","0","Default","","","None","None","None","None","False","True","0","0","(RowName="""")","30.000000","None","None",""
DM_Passive_UnlimitedPower,"/Game/Skills/Blueprints/DuskMage/Skill_Passive_UnlimitedPower.Skill_Passive_UnlimitedPower_C","Character.Player.DuskMage","Default","None","20","0","0","True","(GameplayTags=((TagName=""Skill.Passive""),(TagName=""Skill.DuskMage"")))","(GameplayTags=)","(RowName="""")","0","Default","","","None","None","None","None","False","True","0","0","(RowName=""TrySkill_DM_Passive_UnlimitedPower"")","30.000000","None","None",""
DM_OpposingForces,"/Game/Skills/Blueprints/DuskMage/Skill_Passive_OpposingForces.Skill_Passive_OpposingForces_C","Character.Player.DuskMage","None","None","20","0","0","True","(GameplayTags=)","(GameplayTags=((TagName=""Skill.DuskMage.Balance"")))","(RowName="""")","0","Default","","","None","None","None","None","False","True","0","0","(RowName="""")","30.000000","None","None",""
DM_RichHarvest,"/Game/Skills/Blueprints/DuskMage/Skill_Passive_RichHarvest.Skill_Passive_RichHarvest_C","Character.Player.DuskMage","Default","None","4","0","0","True","(GameplayTags=((TagName=""Skill.DuskMage""),(TagName=""Skill.Passive"")))","(GameplayTags=)","(RowName="""")","0","Default","","","None","None","None","None","False","True","0","0","(RowName=""TrySkill_DM_RichHarvest"")","30.000000","None","None",""
Forged_RapidFire,"/Game/Skills/Blueprints/Forged/Skill_Forged_ShootCannon.Skill_Forged_ShootCannon_C","Character.Player.Forged","Default","None","12","0","0","True","(GameplayTags=((TagName=""Skill.Forged.Ranged""),(TagName=""Skill.Active""),(TagName=""Skill.Forged.GeneratesHeat"")))","(GameplayTags=)","(RowName="""")","0","Default","DamagePctBySkillName|Forged_RapidFire=0.0425;DamagePctBySkillTag|Skill.Forged.Ranged=0.021","(NSLOCTEXT(""SkillsTable"", ""BD1370E448256DF3D66691B97DE52B27"", ""Rapid Fire damage""),NSLOCTEXT(""SkillsTable"", ""A0397DB64EBD6235A94B398118D0F92B"", ""Barrage skills damage""))","PerLevelByOnesStartWithOne","PerLevelByOnesStartWithOne","None","None","False","False","0","1","(RowName="""")","30.000000","Default","Skill00",""
Forged_RapidStrike,"/Game/Skills/Blueprints/Forged/Skill_Forged_RapidStrike.Skill_Forged_RapidStrike_C","Character.Player.Forged","Default","None","12","0","0","True","(GameplayTags=((TagName=""Skill.Active""),(TagName=""Skill.Forged.GeneratesHeat""),(TagName=""Skill.Forged.Melee"")))","(GameplayTags=)","(RowName="""")","0","Default","DamagePctBySkillName|Forged_RapidStrike=0.068;DamagePctBySkillTag|Skill.Forged.Melee=0.021","(NSLOCTEXT(""SkillsTable"", ""B88ACDAB4E087941482F09A5DB5A65F4"", ""Rapid Strike damage""),NSLOCTEXT(""SkillsTable"", ""CEA8FE6C48E1953BE21702A6A2E75D89"", ""Brawl skill damage""))","PerLevelByOnesStartWithOne","PerLevelByOnesStartWithOne","None","None","False","False","0","2","(RowName=""TrySkill_Forged_RapidStrike"")","30.000000","Default","Skill00",""
Forged_RocketBarrage,"/Game/Skills/Blueprints/Forged/Skill_Forged_RocketBarrage.Skill_Forged_RocketBarrage_C","Character.Player.Forged","Default","None","12","0","0","True","(GameplayTags=((TagName=""Skill.Forged.Ranged""),(TagName=""Skill.Active""),(TagName=""Skill.Forged.Vent"")))","(GameplayTags=)","(RowName=""Forged_Ranged"")","1","Default","DamagePctBySkillName|Forged_RocketBarrage=0.068;DamagePctBySkillTag|Skill.Forged.Vent=0.042","(NSLOCTEXT(""SkillsTable"", ""70F45896495808330E4D44BD2973ACD4"", ""Coal Launch Damage""),NSLOCTEXT(""SkillsTable"", ""89B29A85403518FDA6E4B680FEA2A2D1"", ""Heat-spending Skill Damage""))","PerLevelByOnesStartWithOne","PerLevelByOnesStartWithOne","None","None","False","False","1","0","(RowName=""TrySkill_Forged_RocketBarrage"")","30.000000","Default","Skill00",""
Forged_Lodestone,"/Game/Skills/Blueprints/Forged/Skill_Forged_Lodestone.Skill_Forged_Lodestone_C","Character.Player.Forged","Default","None","12","0","0","True","(GameplayTags=((TagName=""Skill.Forged.Melee""),(TagName=""Skill.Active""),(TagName=""Skill.Forged.Vent"")))","(GameplayTags=)","(RowName=""Forged_Melee"")","1","Default","CooldownPctBySkillName|Forged_Lodestone=-.0425;ProcChance|HealthOnHitStun=.05","(NSLOCTEXT(""SkillsTable"", ""B94080D44E07A6416432C6B0E8AA90C3"", ""Vortex Bomb Cooldown""),NSLOCTEXT(""SkillsTable"", ""73BB9A3D4118659C733E7DA0A22F0697"", ""Chance to Heal 3% Health When Hitting Stunned Enemy""))","PerLevelByOnesStartWithOne","PerLevelByOnesStartWithOne","None","None","False","False","1","0","(RowName="""")","30.000000","Default","Skill00",""
Forged_ShotgonneBlast,"/Game/Skills/Blueprints/Forged/Skill_Forged_CannonBlast.Skill_Forged_CannonBlast_C","Character.Player.Forged","Default","None","12","0","0","True","(GameplayTags=((TagName=""Skill.Forged.Ranged""),(TagName=""Skill.Active""),(TagName=""Skill.Forged.GeneratesHeat"")))","(GameplayTags=)","(RowName=""Forged_Ranged"")","1","Default","DamagePctBySkillName|Forged_ShotgonneBlast=0.0595;ForgedHeat.Regen.Multiplier=.04032","(NSLOCTEXT(""SkillsTable"", ""75F9FD6D454C7B5CFA4863A7C6CC4E7E"", ""Shotgonne Blast Damage""),NSLOCTEXT(""SkillsTable"", ""2EEB3C1F4C39CDC0ACCBA2AC7906BEB1"", ""Heat Dissipation""))","PerLevelByOnesStartWithOne","PerLevelByOnesStartWithOne","None","None","False","False","1","2","(RowName=""TrySkill_Forged_ShotgonneBlast"")","30.000000","Default","Skill00",""
Forged_CycloneMode,"/Game/Skills/Blueprints/Forged/Skill_Forged_DashAttack.Skill_Forged_DashAttack_C","Character.Player.Forged","Default","None","12","0","0","True","(GameplayTags=((TagName=""Skill.Forged.Melee""),(TagName=""Skill.Active""),(TagName=""Skill.Forged.GeneratesHeat"")))","(GameplayTags=)","(RowName=""Forged_Melee"")","5","Default","DamagePctBySkillName|Forged_CycloneMode=0.0806;MoveSpeedBonusMult=.0168","(NSLOCTEXT(""SkillsTable"", ""B0CB6AEC4A01DA1AEED2E6AB773D14BA"", ""Cyclone Mode Damage""),NSLOCTEXT(""SkillsTable"", ""A95FE08C48B86F7BC4B6FD8620DAF0AB"", ""Movement Speed""))","PerLevelByOnesStartWithOne","PerLevelByOnesStartWithOne","None","None","False","False","2","2","(RowName=""TrySkill_Forged_CycloneMode"")","30.000000","Default","Skill00",""
Forged_PoisonDart,"/Game/Skills/Blueprints/Forged/Skill_Forged_PoisonDart.Skill_Forged_PoisonDart_C","Character.Player.Forged","Default","None","12","0","0","True","(GameplayTags=((TagName=""Skill.Forged.Ranged""),(TagName=""Skill.Active""),(TagName=""Skill.Forged.GeneratesHeat"")))","(GameplayTags=)","(RowName=""Forged_Ranged"")","5","Default","DurationPctBySkillName|Forged_PoisonDart=0.051;DamagePctBySkillTag|Skill.Pet=0.0588","(NSLOCTEXT(""SkillsTable"", ""678BCA9945B635B1666588AD33D86E29"", ""Poison Dart Duration""),NSLOCTEXT(""SkillsTable"", ""DB7715B04FCAD3E11C62659976C73272"", ""Pet Skill and Attack Damage""))","PerLevelByOnesStartWithOne","PerLevelByOnesStartWithOne","None","None","False","False","2","1","(RowName=""TrySkill_Forged_PoisonDart"")","30.000000","Default","Skill00",""
Forged_ServoDrivenUppercut,"/Game/Skills/Blueprints/Forged/Skill_Forged_ServoDrivenUppercut.Skill_Forged_ServoDrivenUppercut_C","Character.Player.Forged","Default","None","12","0","0","True","(GameplayTags=((TagName=""Skill.Active""),(TagName=""Skill.Forged.GeneratesHeat""),(TagName=""Skill.Forged.Melee"")))","(GameplayTags=)","(RowName=""Forged_Melee"")","5","Default","BonusChancePctBySkillName|Forged_ServoDrivenUppercut=.085;CriticalHitChanceForType|Skill.Forged.Melee=0.0168","(NSLOCTEXT(""SkillsTable"", ""76AEC5EE4C86E323564045B4B27303FA"", ""Uppercut Stun Chance""),NSLOCTEXT(""SkillsTable"", ""6106757F42847C12F95ABBB63DBEEF55"", ""Melee Skill Crit Chance""))","PerLevelByOnesStartWithOne","PerLevelByOnesStartWithOne","None","None","False","False","2","0","(RowName=""TrySkill_Forged_ServoDrivenUppercut"")","30.000000","Default","Skill00",""
Forged_SlugShot,"/Game/Skills/Blueprints/Forged/Skill_Forged_SlugShot.Skill_Forged_SlugShot_C","Character.Player.Forged","Default","None","12","0","0","True","(GameplayTags=((TagName=""Skill.Active""),(TagName=""Skill.Forged.GeneratesHeat""),(TagName=""Skill.Forged.Ranged"")))","(GameplayTags=)","(RowName=""Forged_Ranged"")","10","Default","CriticalHitChanceForType|Skill.Forged.Ranged.SlugShot=0.085;DurationPctBySkillName|Forged_RocketBarrage=0.084","(NSLOCTEXT(""SkillsTable"", ""12AFC33B483295AACD5279A74C04388E"", ""Slugshot Critical Hit Chance""),NSLOCTEXT(""SkillsTable"", ""68ED5FEC416E43FBCB982C9CDABA73D9"", ""Coal Launch Area Duration""))","PerLevelByOnesStartWithOne","PerLevelByOnesStartWithOne","None","None","False","False","3","0","(RowName=""TrySkill_Forged_SlugShot"")","30.000000","Default","Skill00",""
Forged_MyBuddy,"/Game/Skills/Blueprints/Forged/Skill_MyBuddy.Skill_MyBuddy_C","Character.Player.Forged","Default","None","12","0","0","True","(GameplayTags=((TagName=""Skill.Active""),(TagName=""Skill.Forged.GeneratesHeat""),(TagName=""Skill.Forged.Ranged"")))","(GameplayTags=)","(RowName=""Forged_Ranged"")","10","Default","","","None","None","None","None","True","True","3","2","(RowName="""")","30.000000","Default","Skill00",""
Forged_VentFurnanceBlast,"/Game/Skills/Blueprints/Forged/Skill_Forged_VentFurnaceBlast.Skill_Forged_VentFurnaceBlast_C","Character.Player.Forged","Default","None","12","0","0","True","(GameplayTags=((TagName=""Skill.Forged.Melee""),(TagName=""Skill.Active""),(TagName=""Skill.Forged.Vent"")))","(GameplayTags=)","(RowName=""RM_Melee"")","10","Default","","","None","None","None","None","True","True","3","1","(RowName="""")","30.000000","Default","Skill00",""
Forged_RammingRobot,"/Game/Skills/Blueprints/Forged/Skill_Forged_BashingCharge.Skill_Forged_BashingCharge_C","Character.Player.Forged","Default","None","12","0","0","True","(GameplayTags=((TagName=""Skill.Forged.Melee""),(TagName=""Skill.Forged.GeneratesHeat""),(TagName=""Skill.Active"")))","(GameplayTags=)","(RowName=""Forged_Melee"")","15","Default","DamagePctBySkillName|Forged_RammingRobot=0.0595;RandomBonusPctBySkillName|Forged_RammingRobot=.0168","(NSLOCTEXT(""SkillsTable"", ""55C9881149FF7F38FBA909ADB1FAEF8E"", ""Ramming Robot Damage""),NSLOCTEXT(""SkillsTable"", ""6E885E4F4EE7D84C9B067DB572E84F61"", ""Damage Reduction in melee combat ""))","PerLevelByOnesStartWithOne","PerLevelByOnesStartWithOne","None","None","False","False","4","0","(RowName=""TrySkill_Forged_RammingRobot"")","30.000000","Default","Skill00",""
Forged_SonicPulse,"/Game/Skills/Blueprints/Forged/Skill_Forged_SonicPulse.Skill_Forged_SonicPulse_C","Character.Player.Forged","Default","None","12","0","0","True","(GameplayTags=((TagName=""Skill.Forged.GeneratesHeat""),(TagName=""Skill.Active""),(TagName=""Skill.Forged.Ranged"")))","(GameplayTags=)","(RowName=""Forged_Ranged"")","10","Default","BonusChancePctBySkillName|Forged_SonicPulse=.025;CooldownPctBySkillTag|Skill.Forged.Ranged=-.025","(NSLOCTEXT(""SkillsTable"", ""4653CBF744D4F32E1A2C0D886509276E"", ""Additional Stun Chance for Sonic Pulse""),NSLOCTEXT(""SkillsTable"", ""E0F2D9A9470EA261CA20899FD9B372A9"", ""Barrage Skill Cooldowns""))","PerLevelByOnesStartWithOne","PerLevelByOnesStartWithOne","None","None","False","False","3","2","(RowName="""")","30.000000","Default","Skill00",""
Forged_FrackingStrike,"/Game/Skills/Blueprints/Forged/Skill_FrackingStrike.Skill_FrackingStrike_C","Character.Player.Forged","Default","None","12","0","0","True","(GameplayTags=((TagName=""Skill.Active""),(TagName=""Skill.Forged.Melee""),(TagName=""Skill.Forged.GeneratesHeat"")))","(GameplayTags=)","(RowName=""Forged_Melee"")","15","Default","DamagePctbySkillName|Forged_FrackingStrike=.084;DamagePctBySkillTag|Skill.EmberWeapon.Active=0.0168","(NSLOCTEXT(""SkillsTable"", ""769757134CEFF65698D8CF8498721213"", ""Damage for Fracking Strike""),NSLOCTEXT(""SkillsTable"", ""1D9D72684AFE89DFF26ED3B877F6A3C9"", ""Relic Active Skill Damage""))","PerLevelByOnesStartWithOne","PerLevelByOnesStartWithOne","None","None","False","False","4","2","(RowName="""")","30.000000","Default","Skill00",""
Forged_UltimateMelee,"/Game/Skills/Blueprints/Skill_Placeholder.Skill_Placeholder_C","Character.Player.Forged","Default","None","12","0","0","True","(GameplayTags=((TagName=""Skill.Active""),(TagName=""Skill.Forged.Melee""),(TagName=""Skill.Forged.GeneratesHeat"")))","(GameplayTags=)","(RowName=""Forged_Melee"")","20","Default","","","None","None","None","None","False","False","5","2","(RowName="""")","30.000000","Default","Skill00",""
Forged_UltimateRanged,"/Game/Skills/Blueprints/Skill_Placeholder.Skill_Placeholder_C","Character.Player.Forged","Default","None","12","0","0","True","(GameplayTags=((TagName=""Skill.Forged.Ranged""),(TagName=""Skill.Active""),(TagName=""Skill.Forged.GeneratesHeat"")))","(GameplayTags=)","(RowName=""Forged_Ranged"")","20","Default","","","None","None","None","None","True","False","5","1","(RowName=""TrySkill_Forged_RocketBarrage"")","30.000000","Default","Skill00",""
Forged_VentHeatedSkin,"/Game/Skills/Blueprints/Forged/Skill_Forged_VentHeatedSkin.Skill_Forged_VentHeatedSkin_C","Character.Player.Forged","Default","None","12","0","0","True","(GameplayTags=((TagName=""Skill.Forged.Vent""),(TagName=""Skill.Active"")))","(GameplayTags=)","(RowName="""")","0","Default","","","None","None","None","None","False","True","0","0","(RowName="""")","30.000000","None","None",""
Forged_AutoVent,"/Game/Skills/Blueprints/Forged/Skill_Passive_AutoVent.Skill_Passive_AutoVent_C","Character.Player.Forged","Default","None","12","0","0","True","(GameplayTags=)","(GameplayTags=)","(RowName="""")","0","Default","","","None","None","None","None","True","True","0","0","(RowName="""")","30.000000","None","None",""
Forged_Vent,"/Game/Skills/Blueprints/Forged/Skill_Forged_VentTrail.Skill_Forged_VentTrail_C","Character.Player.Forged","Default","None","12","0","0","True","(GameplayTags=)","(GameplayTags=)","(RowName="""")","0","Default","","","None","None","None","None","True","True","0","0","(RowName="""")","30.000000","Default","Skill00",""
Forged_LongBoreBarrel,"/Game/Skills/Blueprints/Forged/Skill_Passive_LongBoreBarrel.Skill_Passive_LongBoreBarrel_C","Character.Player.Forged","Default","None","12","0","0","True","(GameplayTags=((TagName=""Skill.Forged""),(TagName=""Skill.Passive"")))","(GameplayTags=)","(RowName="""")","0","Default","","","None","None","None","None","False","True","0","0","(RowName=""TrySkill_Forged_LongBoreBarrel"")","30.000000","None","None",""
Forged_IncreasedVentilation,"/Game/Skills/Blueprints/Forged/Skill_Passive_IncreasedVentilation.Skill_Passive_IncreasedVentilation_C","Character.Player.Forged","Default","None","12","0","0","True","(GameplayTags=((TagName=""Skill.Forged""),(TagName=""Skill.Passive"")))","(GameplayTags=)","(RowName="""")","0","Default","","","None","None","None","None","False","True","0","0","(RowName=""TrySkill_Forged_IncreasedVentilation"")","30.000000","None","None",""
Forged_Passive_CycloneModeBonus,"/Game/Skills/Blueprints/Forged/Skill_Passive_CycloneMode.Skill_Passive_CycloneMode_C","Character.Player.Forged","Default","None","12","0","0","True","(GameplayTags=((TagName=""Skill.Forged""),(TagName=""Skill.Passive"")))","(GameplayTags=)","(RowName="""")","0","Default","","","None","None","None","None","False","True","0","0","(RowName=""TrySkill_Forged_Passive_CycloneModeBonus"")","30.000000","None","None",""
Forged_Passive_RapidFireBoost,"/Game/Skills/Blueprints/Forged/Skill_Passive_RapidFireBoost.Skill_Passive_RapidFireBoost_C","Character.Player.Forged","Default","None","12","0","0","True","(GameplayTags=((TagName=""Skill.Forged""),(TagName=""Skill.Passive"")))","(GameplayTags=)","(RowName="""")","0","Default","","","None","None","None","None","False","True","0","0","(RowName=""TrySkill_Forged_Passive_RapidFireBoost"")","30.000000","None","None",""
Forged_ShotgonneShove,"/Game/Skills/Blueprints/Forged/Skill_Passive_ShotgonneShove.Skill_Passive_ShotgonneShove_C","Character.Player.Forged","Default","None","12","0","0","True","(GameplayTags=((TagName=""Skill.Forged.Ranged""),(TagName=""Skill.Passive"")))","(GameplayTags=)","(RowName="""")","0","Default","","","None","None","None","None","False","True","0","0","(RowName=""TrySkill_Forged_ShotgonneShove"")","30.000000","None","None",""
RM_BuildTurret,"/Game/Skills/Blueprints/Railman/Skill_LayTrack.Skill_LayTrack_C","Character.Player.Railman","Default","None","12","0","0","True","(GameplayTags=((TagName=""Skill.Railman.Turret""),(TagName=""Skill.Active"")))","(GameplayTags=)","(RowName="""")","0","Default","DamagePctBySkillTag|Skill.Railman.Turret.Passive.LeadCar=.085;DamagePctBySkillTag|Skill.Railman.Turret.Passive=.0168","(NSLOCTEXT(""SkillsTable"", ""CC4749F0485BBA08E966749F9342DA85"", ""Train lead car passive damage""),NSLOCTEXT(""SkillsTable"", ""A8CEAEBC45047152CDDB0EAD5C81AC89"", ""Passive damage to all train cars""))","PerLevelByOnesStartWithOne","PerLevelByOnesStartWithOne","None","None","False","False","0","1","(RowName="""")","30.000000","Default","Skill00",""
RM_Pound,"/Game/Skills/Blueprints/Railman/Skill_Pound.Skill_Pound_C","Character.Player.Railman","Default","None","12","0","0","True","(GameplayTags=((TagName=""Skill.Railman.Melee""),(TagName=""Skill.Active"")))","(GameplayTags=)","(RowName="""")","0","Default","BonusChancePctBySkillName|RM_Pound=.051;RandomBonusPctBySkillName|RM_Pound=.0168","(NSLOCTEXT(""SkillsTable"", ""C462988C4FD34BBC246A78AA521305E2"", ""Pound Stun Chance""),NSLOCTEXT(""SkillsTable"", ""CBB88273497CBBA7416700AEED6066D6"", ""Damage Reduction in melee combat""))","PerLevelByOnesStartWithOne","PerLevelByOnesStartWithOne","None","None","False","False","0","1","(RowName="""")","30.000000","Default","Skill00",""
RM_RearCar_MortarTurret,"/Game/Skills/Blueprints/Railman/Skill_MortarRearCart.Skill_MortarRearCart_C","Character.Player.Railman","Instant","None","12","0","0","True","(GameplayTags=((TagName=""Skill.Railman.Turret""),(TagName=""Skill.Active"")))","(GameplayTags=((TagName=""Character.Minion.Train.ThirdCar"")))","(RowName=""RM_Turret"")","1","Default","DurationPctBySkillName|RM_RearCar_MortarTurret=.0425;CooldownPctBySkillTag|Skill.Railman.Turret=-.0252","(NSLOCTEXT(""SkillsTable"", ""7F932FF64A593324A23651AFA1DCD718"", ""Activated burning duration""),NSLOCTEXT(""SkillsTable"", ""7C3D76D04E64B4FF5FAC14B62A018C4A"", ""Active Train skill cooldown""))","PerLevelByOnesStartWithOne","PerLevelByOnesStartWithOne","None","None","False","False","1","1","(RowName=""TrySkill_RM_RearCar_MortarTurret"")","30.000000","Default","Skill00",""
RM_BlastingCharge,"/Game/Skills/Blueprints/Railman/Skill_Railmaster_BlastingCharge.Skill_Railmaster_BlastingCharge_C","Character.Player.Railman","Default","None","12","0","0","True","(GameplayTags=((TagName=""Skill.Active""),(TagName=""Skill.Railman.Melee"")))","(GameplayTags=)","(RowName=""RM_Melee"")","1","Default","DamagePctBySkillTag|Skill.Railman.Melee=0.042;MiscBonusBySkillName|RM_BlastingCharge=0.085","(NSLOCTEXT(""SkillsTable"", ""02EAF8A24C348E9DB2A253BE9C895614"", ""Damage Vulnerability""),NSLOCTEXT(""SkillsTable"", ""AFEEFA96432DCE03A25C0EB46FBB217A"", ""Lineage Skill Damage""))","PerLevelByOnesStartWithOne","PerLevelByOnesStartWithOne","None","None","False","False","1","0","(RowName=""TrySkill_RM_BlastingCharge"")","30.000000","Default","Skill00",""
RM_HammerSpin,"/Game/Skills/Blueprints/Railman/Skill_HammerSpin.Skill_HammerSpin_C","Character.Player.Railman","Default","None","12","0","0","True","(GameplayTags=((TagName=""Skill.Railman.Melee""),(TagName=""Skill.Active"")))","(GameplayTags=)","(RowName=""RM_Melee"")","1","Default","DurationPctBySkillName|RM_HammerSpin=.17;DamagePctBySkillTag|Skill.Weapon.Railhammer=0.084","(NSLOCTEXT(""SkillsTable"", ""C991D0E245CA5FAC83DA79944F653500"", ""Hammer Spin Speed Boost Duration""),NSLOCTEXT(""SkillsTable"", ""DFFA0001415FA6BC24D2CA88DC361822"", ""Railhammer Damage""))","PerLevelByOnesStartWithOne","PerLevelByOnesStartWithOne","None","None","False","False","1","2","(RowName=""TrySkill_RM_HammerSpin"")","30.000000","Default","Skill00",""
RM_ThirdRail,"/Game/Skills/Blueprints/Railman/Skill_ThirdRail.Skill_ThirdRail_C","Character.Player.Railman","Default","None","12","0","0","True","(GameplayTags=((TagName=""Skill.Railman.Turret""),(TagName=""Skill.Active"")))","(GameplayTags=)","(RowName=""RM_Turret"")","5","Default","","","None","None","None","None","True","True","2","2","(RowName="""")","30.000000","Default","Skill00",""
RM_SpikeThrow,"/Game/Skills/Blueprints/Railman/Skill_SpikeThrow.Skill_SpikeThrow_C","Character.Player.Railman","Default","None","12","0","0","True","(GameplayTags=((TagName=""Skill.Active""),(TagName=""Skill.Railman.Melee"")))","(GameplayTags=)","(RowName=""RM_Melee"")","5","Default","DamagePctBySkillName|RM_SpikeThrow=.085;RailmanEndurance.Regen.Multiplier=.042","(NSLOCTEXT(""SkillsTable"", ""4885CA954365A79AA3775DBD9FBF3EC2"", ""Flying Picks Damage""),NSLOCTEXT(""SkillsTable"", ""597853C640D7330082A5FBB70AE6E435"", ""Endurance Recharge Rate""))","PerLevelByOnesStartWithOne","PerLevelByOnesStartWithOne","None","None","False","False","2","1","(RowName=""TrySkill_RM_SpikeThrow"")","30.000000","Default","Skill00",""
RM_MiddleCar_Shield,"/Game/Skills/Blueprints/Railman/Skill_ShieldMIddleCart.Skill_ShieldMiddleCart_C","Character.Player.Railman","Instant","None","12","0","0","True","(GameplayTags=((TagName=""Skill.Active""),(TagName=""Skill.Railman.Turret"")))","(GameplayTags=((TagName=""Character.Minion.Train.SecondCar"")))","(RowName=""RM_Turret"")","5","Default","RandomBonusPctBySkillName|RM_MiddleCar_Shield=.085;MiscBonusBySkillName|RM_MiddleCar_Shield=.0168","(NSLOCTEXT(""SkillsTable"", ""AD3AF54D42736769E76A8F96DD5D0348"", ""Passive Damage Reduction""),NSLOCTEXT(""SkillsTable"", ""B177886A4522C2B0C5FD01BA4369B69E"", ""Damage when near your Train""))","PerLevelByOnesStartWithOne","PerLevelByOnesStartWithOne","None","None","False","False","2","0","(RowName=""TrySkill_RM_MiddleCar_Shield"")","30.000000","Default","Skill00",""
RM_LanternFlash,"/Game/Skills/Blueprints/Railman/Skill_Railmaster_LanternFlash.Skill_Railmaster_LanternFlash_C","Character.Player.Railman","Default","None","12","0","0","True","(GameplayTags=((TagName=""Skill.Active""),(TagName=""Skill.Railman.Melee"")))","(GameplayTags=)","(RowName=""RM_Melee"")","10","Default","RandomBonusPctBySkillName|RM_LanternFlash=.085;DamageVsTarget|StatusEffect.Blinded=.0588;DamageVsTarget|StatusEffect.Slow=.0588;DamageVsTarget|StatusEffect.Stunned=.0588","(NSLOCTEXT(""SkillsTable"", ""B72A60F04E9E2678BD0B84ADF776679D"", ""Lantern Flash Blind Duration""),NSLOCTEXT(""SkillsTable"", ""72B4E28E4A026D2E932695B7B64BEF86"", ""Damage vs Stunned, Blinded, or Slowed targets""))","PerLevelByOnesStartWithOne","PerLevelByOnesStartWithOne","PerLevelByOnesStartWithOne","PerLevelByOnesStartWithOne","False","False","3","0","(RowName="""")","30.000000","Default","Skill00",""
RM_GhostTrain,"/Game/Skills/Blueprints/Railman/Skill_GhostTrain.Skill_GhostTrain_C","Character.Player.Railman","Default","None","12","0","0","True","(GameplayTags=((TagName=""Skill.Active""),(TagName=""Skill.Railman.Melee"")))","(GameplayTags=)","(RowName=""RM_Melee"")","10","Default","DamagePctBySkillName|RM_GhostTrain=0.068;MiscBonusBySkillName|RM_GhostTrain=0.042","(NSLOCTEXT(""SkillsTable"", ""F02BD02048E4A3B21C9DE592B82AC2F1"", ""Ghost Train Damage""),NSLOCTEXT(""SkillsTable"", ""2897A79E4584E65F8D3776A6C79339DC"", ""Healing for 5s after using a Lineage Skill""))","PerLevelByOnesStartWithOne","PerLevelByOnesStartWithOne","None","None","False","False","3","2","(RowName=""TrySkill_RM_GhostTrain"")","30.000000","Default","Skill00",""
RM_MiddleCar_Shotgonne,"/Game/Skills/Blueprints/Railman/Skill_ShotgonneMiddleCart.Skill_ShotgonneMiddleCart_C","Character.Player.Railman","Instant","None","12","0","0","True","(GameplayTags=((TagName=""Skill.Active""),(TagName=""Skill.Railman.Turret"")))","(GameplayTags=((TagName=""Character.Minion.Train.SecondCar"")))","(RowName=""RM_Turret"")","10","Default","DamagePctBySkillTag|Skill.Railman.Turret.Passive.Shotgonne=.0765;DamagePctBySkillTag|Skill.Railman.Turret.Active=.0168","(NSLOCTEXT(""SkillsTable"", ""8BA333FA4D49F2F3967B838D3594589F"", ""Train Shotgonne car passive damage""),NSLOCTEXT(""SkillsTable"", ""986F9B9F475A5BFEB0326F8B734F4C83"", ""Active skill damage to all train cars""))","PerLevelByOnesStartWithOne","PerLevelByOnesStartWithOne","None","None","False","False","3","1","(RowName=""TrySkill_RM_MiddleCar_Shotgonne"")","30.000000","Default","Skill00",""
RM_OverloadTurret,"/Game/Skills/Blueprints/Railman/Skill_OverloadTurret.Skill_OverloadTurret_C","Character.Player.Railman","Instant","None","12","0","0","True","(GameplayTags=((TagName=""Skill.Railman.Turret""),(TagName=""Skill.Active"")))","(GameplayTags=)","(RowName=""RM_Turret"")","15","Default","CooldownPctBySkillName|RM_OverloadTurret=-.03;DamagePctBySkillTag|Skill.Railman.Turret.Passive.LeadCar=.05","(NSLOCTEXT(""SkillsTable"", ""7B75A51040079BC17AC5E8818C259287"", ""Overload Cooldown""),NSLOCTEXT(""SkillsTable"", ""BCEB50224E7013C691DAFAABBFAA28AF"", ""Train lead car passive damage""))","PerLevelByOnes","PerLevelByOnesStartWithOne","None","None","True","True","4","2","(RowName="""")","30.000000","Default","Skill00",""
RM_SpikeDrive,"/Game/Skills/Blueprints/Railman/Skill_SpikeDrive.Skill_SpikeDrive_C","Character.Player.Railman","Default","None","12","0","0","True","(GameplayTags=((TagName=""Skill.Railman.Melee""),(TagName=""Skill.Active"")))","(GameplayTags=)","(RowName=""RM_Melee"")","15","Default","DamagePctBySkillName|RM_SpikeDrive=.042;ProcChance|EnduranceOnMelee=0.015","(NSLOCTEXT(""SkillsTable"", ""FAD2997F4614ED5A00BF53AA575082DF"", ""Increased Damage to Spike Drive""),NSLOCTEXT(""SkillsTable"", ""6DC88BAF47C0FCEF368ADD91AD6FCC78"", ""Chance to Return an Endurance on Melee Attack""))","PerLevelByOnesStartWithOne","PerLevelByOnesStartWithOne","None","None","False","False","4","1","(RowName="""")","30.000000","Default","Skill00",""
RM_RearCar_Flamethrower,"/Game/Skills/Blueprints/Railman/Skill_FlamethrowerRearCart.Skill_FlamethrowerRearCart_C","Character.Player.Railman","Instant","None","12","0","0","True","(GameplayTags=((TagName=""Skill.Railman.Turret""),(TagName=""Skill.Active"")))","(GameplayTags=((TagName=""Character.Minion.Train.ThirdCar"")))","(RowName=""RM_Turret"")","15","Default","DurationPctBySkillName|RM_RearCar_Flamethrower=.1275;CooldownPctBySkillTag|Skill.Railman.Turret.Passive=-.042","(NSLOCTEXT(""SkillsTable"", ""2F0B2AF04B7229D67C2ADFA26AC3BCA0"", ""Flamethrower passive burning duration""),NSLOCTEXT(""SkillsTable"", ""8CC1EF2B4C20A39EE4F18CA05DF7B1D7"", ""Default Train Car Skill Cooldowns""))","PerLevelByOnesStartWithOne","PerLevelByOnesStartWithOne","None","None","False","False","4","0","(RowName=""TrySkill_RM_RearCar_Flamethrower"")","30.000000","Default","Skill00",""
RM_UltimateLineage,"/Game/Skills/Blueprints/Skill_Placeholder.Skill_Placeholder_C","Character.Player.Railman","Default","None","12","0","0","True","(GameplayTags=((TagName=""Skill.Railman.Melee""),(TagName=""Skill.Active"")))","(GameplayTags=)","(RowName=""RM_Melee"")","20","Default","","","None","None","None","None","True","False","5","1","(RowName="""")","30.000000","Default","Skill00",""
RM_UltimateTrain,"/Game/Skills/Blueprints/Skill_Placeholder.Skill_Placeholder_C","Character.Player.Railman","Instant","None","12","0","0","True","(GameplayTags=((TagName=""Skill.Railman.Turret""),(TagName=""Skill.Active"")))","(GameplayTags=)","(RowName=""RM_Turret"")","20","Default","","","None","None","None","None","True","False","5","1","(RowName="""")","30.000000","Default","Skill00",""
SS_Skill_Pipi,"/Game/Skills/Blueprints/Sharpshooter/Skill_Sharpshooter_Pipi.Skill_Sharpshooter_Pipi_C","Character.Player.Sharpshooter","Default","None","12","1","0","True","(GameplayTags=((TagName=""Skill.Active""),(TagName=""Skill.Sharpshooter.Adventurer"")))","(GameplayTags=)","(RowName="""")","0","Default","","","None","None","None","None","False","False","1","0","(RowName="""")","30.000000","Default","Skill00",""
SS_Skill_ScatterShot,"/Game/Skills/Blueprints/Sharpshooter/Skill_Sharpshooter_Scattershot.Skill_Sharpshooter_Scattershot_C","Character.Player.Sharpshooter","Default","None","12","1","0","True","(GameplayTags=((TagName=""Skill.Sharpshooter.Ranged""),(TagName=""Skill.Active"")))","(GameplayTags=)","(RowName="""")","0","Default","","","None","None","None","None","False","False","0","1","(RowName="""")","30.000000","Default","Skill00",""
SS_Skill_Rizzi,"/Game/Skills/Blueprints/Sharpshooter/Skill_Sharpshooter_Rizzi.Skill_Sharpshooter_Rizzi_C","Character.Player.Sharpshooter","Default","None","12","1","0","True","(GameplayTags=((TagName=""Skill.Active""),(TagName=""Skill.Sharpshooter.Adventurer"")))","(GameplayTags=)","(RowName="""")","0","Default","","","None","None","None","None","False","False","2","0","(RowName="""")","30.000000","Default","Skill00",""
Skill_Sharpshooter_Reload,"/Game/Skills/Blueprints/Sharpshooter/Skill_Sharpshooter_Reload.Skill_Sharpshooter_Reload_C","Character.Player.Sharpshooter","None","None","12","1","0","True","(GameplayTags=((TagName=""Skill.Active""),(TagName=""Skill.Sharpshooter.Ranged"")))","(GameplayTags=)","(RowName="""")","0","Default","","","None","None","None","None","False","False","1","0","(RowName="""")","30.000000","Default","Skill00",""
Skill_Sharpshooter_Onslaught,"/Game/Skills/Blueprints/Sharpshooter/Skill_Sharpshooter_Onslaught.Skill_Sharpshooter_Onslaught_C","Character.Player.Sharpshooter","Default","None","12","1","0","True","(GameplayTags=((TagName=""Skill.Sharpshooter.Ranged""),(TagName=""Skill.Active"")))","(GameplayTags=)","(RowName="""")","0","Default","","","None","None","None","None","False","False","3","2","(RowName="""")","30.000000","Default","Skill00",""
Skill_Sharpshooter_Goose,"/Game/Skills/Blueprints/Sharpshooter/Skill_Sharpshooter_Goose.Skill_Sharpshooter_Goose_C","Character.Player.Sharpshooter","Default","None","12","1","0","True","(GameplayTags=((TagName=""Skill.Active""),(TagName=""Skill.Sharpshooter.Adventurer"")))","(GameplayTags=)","(RowName="""")","0","Default","","","None","None","None","None","False","False","2","2","(RowName="""")","30.000000","Default","Skill00",""
Skill_SharpShooter_Goblin,"/Game/Skills/Blueprints/Sharpshooter/Skill_Sharpshooter_Goblin.Skill_Sharpshooter_Goblin_C","Character.Player.Sharpshooter","None","None","12","1","0","True","(GameplayTags=((TagName=""Skill.Active""),(TagName=""Skill.Sharpshooter.Adventurer"")))","(GameplayTags=)","(RowName="""")","0","Default","","","None","None","None","None","False","False","3","1","(RowName="""")","30.000000","Default","Skill00",""
Skill_Sharpshooter_Scout,"/Game/Skills/Blueprints/Sharpshooter/Skill_Scout.Skill_Scout_C","Character.Player.Sharpshooter","Default","None","12","1","0","True","(GameplayTags=((TagName=""Skill.Active""),(TagName=""Skill.Sharpshooter.Adventurer"")))","(GameplayTags=)","(RowName="""")","0","Default","","","None","None","None","None","False","False","0","1","(RowName="""")","30.000000","Default","Skill00",""
Skill_Sharpshooter_TargetedStrikes,"/Game/Skills/Blueprints/Sharpshooter/Skill_Sharpshooter_TargetedStrikes.Skill_Sharpshooter_TargetedStrikes_C","Character.Player.Sharpshooter","Default","None","12","1","0","True","(GameplayTags=((TagName=""Skill.Sharpshooter.Ranged""),(TagName=""Skill.Active"")))","(GameplayTags=)","(RowName="""")","0","Default","","","None","None","None","None","False","False","1","2","(RowName=""TrySkill_Skill_Sharpshooter_TargetedStrikes"")","30.000000","Default","Skill00",""
Skill_BasicAttack,"/Game/Skills/Blueprints/Weapons/Skill_BasicAttack.Skill_BasicAttack_C","Character.Player","Instant","None","1","1","0","False","(GameplayTags=((TagName=""Skill.Global""),(TagName=""Skill.Active""),(TagName=""Skill.DuskMage.Dark""),(TagName=""Skill.DuskMage.Light""),(TagName=""Skill.Forged.Melee""),(TagName=""Skill.Forged.Ranged""),(TagName=""Skill.Railman.Melee""),(TagName=""Skill.Railman.Turret""),(TagName=""Skill.Sharpshooter.Ranged"")))","(GameplayTags=)","(RowName="""")","0","Default","","","None","None","None","None","False","False","0","0","(RowName="""")","30.000000","Default","Skill00",""
Skill_Potion,"/Game/Skills/Blueprints/Skill_Potion.Skill_Potion_C","Character.Player","Default","None","1","1","0","False","(GameplayTags=)","(GameplayTags=)","(RowName="""")","0","Default","","","None","None","None","None","False","False","0","0","(RowName="""")","30.000000","Default","Potion",""
Skill_PoisonCurePotion,"/Game/Skills/Blueprints/Skill_PoisonCurePotion.Skill_PoisonCurePotion_C","Character.Player","Default","None","1","1","0","True","(GameplayTags=)","(GameplayTags=)","(RowName="""")","0","Default","","","None","None","None","None","False","False","0","0","(RowName="""")","30.000000","Default","Potion",""
Skill_SendPetToTown,"/Game/Skills/Blueprints/Skill_SendPetToTown.Skill_SendPetToTown_C","Character.Player","Instant","None","1","1","0","True","(GameplayTags=)","(GameplayTags=)","(RowName="""")","0","Default","","","None","None","None","None","False","False","0","0","(RowName="""")","30.000000","Default","Send_Pet_To_Town",""
Skill_PainandGain_SpeedOnBlock,"/Game/Skills/Blueprints/EmberWeapons/Skill_Passive_PainandGain_IncreasedAttackSpeed.Skill_Passive_PainandGain_IncreasedAttackSpeed_C","Character.Player","Instant","None","1","0","0","True","(GameplayTags=((TagName=""Skill.Passive""),(TagName=""Skill.EmberWeapon"")))","(GameplayTags=)","(RowName="""")","0","Default","","","None","None","None","None","False","False","0","0","(RowName="""")","30.000000","None","None","Relic Weapon"
Skill_PainandGain_ShieldBash,"/Game/Skills/Blueprints/EmberWeapons/Skill_PainandGain_ShieldBash.Skill_PainandGain_ShieldBash_C","Character.Player","Instant","None","1","0","0","True","(GameplayTags=((TagName=""Skill.Active""),(TagName=""Skill.EmberWeapon"")))","(GameplayTags=)","(RowName="""")","0","Default","","","None","None","None","None","False","False","0","0","(RowName="""")","30.000000","None","None","Relic Weapon"
Skill_PainandGain_VictoryPerformance,"/Game/Skills/Blueprints/EmberWeapons/Skill_PainandGain_VictoryPerformance.Skill_PainandGain_VictoryPerformance_C","Character.Player","Default","None","1","0","0","True","(GameplayTags=((TagName=""Skill.Active""),(TagName=""Skill.EmberWeapon"")))","(GameplayTags=)","(RowName="""")","0","Default","","","None","None","None","None","False","False","0","0","(RowName="""")","30.000000","None","None","Relic Weapon"
Skill_Passive_BodyBlock,"/Game/Skills/Blueprints/GenericPassives/Skill_Passive_BodyBlock.Skill_Passive_BodyBlock_C","Character.Player","Default","None","20","0","0","True","(GameplayTags=((TagName=""Skill.Passive"")))","(GameplayTags=)","(RowName="""")","0","Default","","","None","None","None","None","False","False","0","0","(RowName=""TrySkill_Skill_Passive_BodyBlock"")","30.000000","None","None",""
Skill_Passive_CritChance,"/Game/Skills/Blueprints/GenericPassives/Skill_Passive_CritChance.Skill_Passive_CritChance_C","Character.Player","Default","None","20","0","0","True","(GameplayTags=((TagName=""Skill.Passive"")))","(GameplayTags=)","(RowName="""")","0","Default","","","None","None","None","None","False","False","0","0","(RowName=""TrySkill_Skill_Passive_CritChance"")","30.000000","None","None",""
Skill_Passive_IncreasedDamage,"/Game/Skills/Blueprints/GenericPassives/Skill_Passive_IncreasedDamage.Skill_Passive_IncreasedDamage_C","Character.Player","Default","None","20","0","0","True","(GameplayTags=((TagName=""Skill.Passive"")))","(GameplayTags=)","(RowName="""")","0","Default","","","None","None","None","None","False","False","0","0","(RowName=""TrySkill_Skill_Passive_IncreasedDamage"")","30.000000","None","Skill00",""
Skill_Passive_DamageOnBlock,"/Game/Skills/Blueprints/GenericPassives/Skill_Passive_DamageonBlock.Skill_Passive_DamageonBlock_C","Character.Player","Default","None","20","0","0","True","(GameplayTags=((TagName=""Skill.Passive"")))","(GameplayTags=)","(RowName="""")","0","Default","","","None","None","None","None","False","False","0","0","(RowName=""TrySkill_Skill_Passive_DamageOnBlock"")","30.000000","None","None",""
Skill_Passive_IncreasedGWDamage,"/Game/Skills/Blueprints/GenericPassives/Skill_Passive_IncreasedGWDamage.Skill_Passive_IncreasedGWDamage_C","Character.Player","Default","None","20","0","0","True","(GameplayTags=)","(GameplayTags=)","(RowName="""")","0","Default","","","None","None","None","None","False","False","0","0","(RowName=""TrySkill_Skill_Passive_IncreasedGWDamage"")","30.000000","None","None",""
Skill_Passive_IncreasedStaffDamage,"/Game/Skills/Blueprints/GenericPassives/Skill_Passive_IncreasedStaffDamage.Skill_Passive_IncreasedStaffDamage_C","Character.Player","Default","None","20","0","0","True","(GameplayTags=)","(GameplayTags=)","(RowName="""")","0","Default","","","None","None","None","None","False","False","0","0","(RowName=""TrySkill_Skill_Passive_IncreasedStaffDamage"")","30.000000","None","None",""
Skill_Passive_IncreasedSwordDamage,"/Game/Skills/Blueprints/GenericPassives/Skill_Passive_IncreasedSwordDamage.Skill_Passive_IncreasedSwordDamage_C","Character.Player","Default","None","20","0","0","True","(GameplayTags=)","(GameplayTags=)","(RowName="""")","0","Default","","","None","None","None","None","False","False","0","0","(RowName=""TrySkill_Skill_Passive_IncreasedSwordDamage"")","30.000000","None","None",""
Skill_Passive_IncreasedMaceDamage,"/Game/Skills/Blueprints/GenericPassives/Skill_Passive_IncreasedMaceDamage.Skill_Passive_IncreasedMaceDamage_C","Character.Player","Default","None","20","0","0","True","(GameplayTags=)","(GameplayTags=)","(RowName="""")","0","Default","","","None","None","None","None","False","False","0","0","(RowName=""TrySkill_Skill_Passive_IncreasedMaceDamage"")","30.000000","None","None",""
Skill_Passive_DefenseVsPoison,"/Game/Skills/Blueprints/GenericPassives/Skill_Passive_DefenseVsPoison.Skill_Passive_DefenseVsPoison_C","Character.Player","Default","None","20","0","0","True","(GameplayTags=((TagName=""Skill.Passive"")))","(GameplayTags=)","(RowName="""")","0","Default","","","None","None","None","None","False","False","0","0","(RowName=""TrySkill_Skill_Passive_DefenseVsPoison"")","30.000000","None","None",""
Skill_Passive_IncreasedMovementSpeed,"/Game/Skills/Blueprints/GenericPassives/Skill_Passive_IncreasedMovementSpeed.Skill_Passive_IncreasedMovementSpeed_C","Character.Player","Default","None","20","0","0","True","(GameplayTags=((TagName=""Skill.Passive"")))","(GameplayTags=)","(RowName="""")","0","Default","","","None","None","None","None","False","False","0","0","(RowName=""TrySkill_Skill_Passive_IncreasedMovementSpeed"")","30.000000","None","None",""
Skill_Passive_Regen,"/Game/Skills/Blueprints/GenericPassives/Skill_Passive_Regen.Skill_Passive_Regen_C","Character.Player","Default","None","20","0","0","True","(GameplayTags=((TagName=""Skill.Passive"")))","(GameplayTags=)","(RowName="""")","0","Default","","","None","None","None","None","False","False","0","0","(RowName=""TrySkill_Skill_Passive_Regen"")","30.000000","None","Skill01",""
Skill_Glacier,"/Game/Skills/Blueprints/EmberWeapons/Skill_Glacier.Skill_Glacier_C","Character.Player","Instant","None","1","0","0","True","(GameplayTags=((TagName=""Skill.EmberWeapon""),(TagName=""Skill.Active"")))","(GameplayTags=)","(RowName="""")","0","Default","","","None","None","None","None","False","False","0","0","(RowName="""")","30.000000","None","None","Relic Weapon"
Skill_IceAge,"/Game/Skills/Blueprints/EmberWeapons/Skill_IceAge.Skill_IceAge_C","Character.Player","Instant","None","1","0","0","True","(GameplayTags=((TagName=""Skill.EmberWeapon""),(TagName=""Skill.Active"")))","(GameplayTags=)","(RowName="""")","0","Default","","","None","None","None","None","False","False","1","0","(RowName="""")","30.000000","Default","Skill00","Relic Weapon"
Skill_Icicles,"/Game/Skills/Blueprints/EmberWeapons/Skill_Icicles.Skill_Icicles_C","Character.Player","None","None","1","0","0","True","(GameplayTags=((TagName=""Skill.EmberWeapon""),(TagName=""Skill.Passive"")))","(GameplayTags=)","(RowName="""")","5","Default","","","None","None","None","None","False","False","0","1","(RowName="""")","30.000000","None","None","Relic Weapon"
Skill_Passive_SummonGhosts,"/Game/Skills/Blueprints/EmberWeapons/Skill_Passive_SummonGhosts.Skill_Passive_SummonGhosts_C","Character.Player","None","None","1","0","0","True","(GameplayTags=((TagName=""Skill.Passive""),(TagName=""Skill.EmberWeapon"")))","(GameplayTags=)","(RowName="""")","5","Default","","","None","None","None","None","False","False","1","1","(RowName="""")","30.000000","None","None","Relic Weapon"
Skill_CursedStaff_ColdSickness,"/Game/Skills/Blueprints/EmberWeapons/Skill_ColdSickness.Skill_ColdSickness_C","Character.Player","Default","None","1","0","0","True","(GameplayTags=((TagName=""Skill.EmberWeapon""),(TagName=""Skill.Active"")))","(GameplayTags=)","(RowName="""")","10","Default","","","None","None","None","None","False","False","0","2","(RowName="""")","30.000000","Default","Skill00","Relic Weapon"
Skill_UnboundBlade_SlowOnCrit,"/Game/Skills/Blueprints/EmberWeapons/Passive_SlowOnCrit.Passive_SlowOnCrit_C","Character.Player","None","None","1","0","0","True","(GameplayTags=((TagName=""Skill.Passive""),(TagName=""Skill.EmberWeapon"")))","(GameplayTags=)","(RowName="""")","10","Default","","","None","None","None","None","False","False","1","2","(RowName="""")","30.000000","None","None","Relic Weapon"
Skill_Thunderbuss_LightningHit,"/Game/Skills/Blueprints/EmberWeapons/Skill_Thunderbuss_LightningHit.Skill_Thunderbuss_LightningHit_C","Character.Player","Default","None","1","0","0","True","(GameplayTags=((TagName=""Skill.EmberWeapon""),(TagName=""Skill.Active"")))","(GameplayTags=)","(RowName="""")","15","Default","","","None","None","None","None","False","False","0","3","(RowName="""")","30.000000","Default","Skill00","Relic Weapon"
Skill_Flametongue_BurningExploding,"/Game/Skills/Blueprints/EmberWeapons/Skill_Passive_EmberWeapon_FlameTongue_BurningExploding.Skill_Passive_EmberWeapon_FlameTongue_BurningExploding_C","Character.Player","Instant","None","1","0","0","True","(GameplayTags=((TagName=""Skill.EmberWeapon""),(TagName=""Skill.Passive"")))","(GameplayTags=)","(RowName="""")","15","Default","","","None","None","None","None","False","False","1","3","(RowName="""")","30.000000","None","None","Relic Weapon"
Skill_Passive_EmberWeapon_Bane_MissilesOnPoisonHit,"/Game/Skills/Blueprints/EmberWeapons/Bane/Skill_EmberWeapon_Bane_MissilesOnPoisonHit.Skill_EmberWeapon_Bane_MissilesOnPoisonHit_C","Character.Player","None","None","1","0","0","True","(GameplayTags=((TagName=""Skill.EmberWeapon""),(TagName=""Skill.Passive"")))","(GameplayTags=)","(RowName="""")","0","Default","","","None","None","None","None","False","False","0","0","(RowName="""")","30.000000","None","None","Relic Weapon"
Skill_Conduit_LocalizedStorm,"/Game/Skills/Blueprints/EmberWeapons/Skill_Conduit_LocalizedStorm.Skill_Conduit_LocalizedStorm_C","Character.Player","Default","None","1","0","0","True","(GameplayTags=((TagName=""Skill.Active""),(TagName=""Skill.EmberWeapon"")))","(GameplayTags=)","(RowName="""")","20","Default","","","None","None","None","None","False","False","0","4","(RowName="""")","30.000000","Default","Skill00","Relic Weapon"
Skill_Timesphere,"/Game/Skills/Blueprints/EmberWeapons/ClockworkStaff/Skill_Timesphere.Skill_Timesphere_C","Character.Player","Instant","None","1","0","0","True","(GameplayTags=((TagName=""Skill.EmberWeapon""),(TagName=""Skill.Active"")))","(GameplayTags=)","(RowName="""")","20","Default","","","None","None","None","None","False","False","1","4","(RowName="""")","30.000000","Default","Skill00","Relic Weapon"
Skill_Passive_TemporalStaff,"/Game/Skills/Blueprints/EmberWeapons/ClockworkStaff/Skill_Passive_TemporalStaff.Skill_Passive_TemporalStaff_C","Character.Player","None","None","1","0","0","True","(GameplayTags=((TagName=""Skill.EmberWeapon""),(TagName=""Skill.Passive"")))","(GameplayTags=)","(RowName="""")","25","Default","","","None","None","None","None","False","False","0","5","(RowName="""")","30.000000","None","None","Relic Weapon"
Skill_Singularity,"/Game/Skills/Blueprints/EmberWeapons/ClockworkStaff/Skill_Singularity.Skill_Singularity_C","Character.Player","Instant","None","1","0","0","True","(GameplayTags=((TagName=""Skill.EmberWeapon""),(TagName=""Skill.Active"")))","(GameplayTags=)","(RowName="""")","25","Default","","","None","None","None","None","False","False","1","5","(RowName="""")","30.000000","Default","Skill00","Relic Weapon"
Pet_Melee,"/Game/Skills/Blueprints/Monsters/Skill_PetMeleeAttack.Skill_PetMeleeAttack_C","Character","Default","None","1","1","0","False","(GameplayTags=((TagName=""Skill.Pet.Basic"")))","(GameplayTags=)","(RowName="""")","0","Default","","","None","None","None","None","False","False","0","0","(RowName="""")","30.000000","None","None",""
PetAura_Defense,"/Game/Skills/Blueprints/Pets/AurasandBuffs/Skill_Aura_DefenseIncrease.Skill_Aura_DefenseIncrease_C","Character","Default","None","1","0","0","True","(GameplayTags=((TagName=""Skill.Pet.Aura"")))","(GameplayTags=((TagName=""Skill.Pet.Aura"")))","(RowName="""")","0","Default","","","None","None","None","None","False","False","0","0","(RowName="""")","30.000000","None","None",""
PetAura_CritChance,"/Game/Skills/Blueprints/Pets/AurasandBuffs/Skill_Aura_DeadlyStrikes.Skill_Aura_DeadlyStrikes_C","Character","Default","None","1","0","0","True","(GameplayTags=((TagName=""Skill.Pet.Aura"")))","(GameplayTags=((TagName=""Skill.Pet.Aura"")))","(RowName="""")","0","Default","","","None","None","None","None","False","False","1","0","(RowName="""")","30.000000","None","None",""
PetAura_MovementSpeed,"/Game/Skills/Blueprints/Pets/AurasandBuffs/Skill_Aura_MovmentSpeed.Skill_Aura_MovmentSpeed_C","Character","Default","None","1","0","0","True","(GameplayTags=((TagName=""Skill.Pet.Aura"")))","(GameplayTags=((TagName=""Skill.Pet.Aura"")))","(RowName="""")","0","Default","","","None","None","None","None","False","False","2","0","(RowName="""")","30.000000","None","None",""
PetAura_BlockChance,"/Game/Skills/Blueprints/Pets/AurasandBuffs/Skill_Aura_BlockChance.Skill_Aura_BlockChance_C","Character","Default","None","1","0","0","True","(GameplayTags=((TagName=""Skill.Pet.Aura"")))","(GameplayTags=((TagName=""Skill.Pet.Aura"")))","(RowName="""")","0","Default","","","None","None","None","None","False","False","3","0","(RowName="""")","30.000000","None","None",""
PetBuff_BattleCry,"/Game/Skills/Blueprints/Pets/AurasandBuffs/Skill_BattleCry.Skill_BattleCry_C","Character","Instant","None","1","0","0","True","(GameplayTags=((TagName=""Skill.Pet"")))","(GameplayTags=)","(RowName="""")","0","Default","","","None","None","None","None","False","False","0","1","(RowName="""")","30.000000","None","None","Fireball skill on pet"
PetBuff_MenacingSound,"/Game/Skills/Blueprints/Pets/Debuffs/Skill_MenacingSound.Skill_MenacingSound_C","Character","Instant","None","1","0","0","True","(GameplayTags=((TagName=""Skill.Pet"")))","(GameplayTags=)","(RowName="""")","0","Default","","","None","None","None","None","False","True","1","1","(RowName="""")","30.000000","None","None",""
PetBuff_DefensivePosture,"/Game/Skills/Blueprints/Pets/AurasandBuffs/Skill_DefensivePosture.Skill_DefensivePosture_C","Character","Instant","None","1","0","0","True","(GameplayTags=((TagName=""Skill.Pet"")))","(GameplayTags=)","(RowName="""")","0","Default","","","None","None","None","None","False","False","2","1","(RowName="""")","30.000000","None","None",""
PetBuff_HealingFriendship,"/Game/Skills/Blueprints/Pets/AurasandBuffs/Skill_HealingFriendship.Skill_HealingFriendship_C","Character","Instant","None","1","0","0","True","(GameplayTags=((TagName=""Skill.Pet"")))","(GameplayTags=)","(RowName="""")","0","Default","","","None","None","None","None","False","False","3","1","(RowName="""")","30.000000","None","None",""
PetDebuff_ScreechingStun,"/Game/Skills/Blueprints/Pets/Debuffs/Skill_ScreechingStun.Skill_ScreechingStun_C","Character","Default","None","1","0","0","True","(GameplayTags=((TagName=""Skill.Pet"")))","(GameplayTags=)","(RowName="""")","0","Default","","","None","None","None","None","False","False","0","2","(RowName="""")","30.000000","None","Skill01",""
RM_Placeholder1,"/Game/Skills/Blueprints/Skill_Placeholder.Skill_Placeholder_C","Character.Player.Railman","Default","None","1","0","0","True","(GameplayTags=)","(GameplayTags=)","(RowName="""")","0","Default","","","None","None","None","None","True","False","3","0","(RowName="""")","30.000000","Default","Skill00","LanternFlash"
RM_Placeholder2,"/Game/Skills/Blueprints/Skill_Placeholder.Skill_Placeholder_C","Character.Player.Railman","Default","None","1","0","0","True","(GameplayTags=)","(GameplayTags=)","(RowName=""RM_Melee"")","0","Default","","","None","None","None","None","True","False","4","1","(RowName="""")","30.000000","Default","Skill00","SpikeDrive"
RM_Placeholder4,"/Game/Skills/Blueprints/Skill_Placeholder.Skill_Placeholder_C","Character.Player.Railman","Default","None","1","0","0","True","(GameplayTags=((TagName=""Skill.Active""),(TagName=""Skill.Railman.Turret"")))","(GameplayTags=)","(RowName=""RM_Turret"")","0","Default","","","None","None","None","None","True","False","2","2","(RowName="""")","30.000000","Default","Skill00","ThirdRail"
RM_Placeholder5,"/Game/Skills/Blueprints/Skill_Placeholder.Skill_Placeholder_C","Character.Player.Railman","Default","None","1","0","0","True","(GameplayTags=((TagName=""Skill.Active""),(TagName=""Skill.Railman.Turret"")))","(GameplayTags=)","(RowName=""RM_Turret"")","0","Default","","","None","None","None","None","True","True","3","1","(RowName="""")","30.000000","Default","Skill00","Shotgonne"
Forged_Placeholder1,"/Game/Skills/Blueprints/Skill_Placeholder.Skill_Placeholder_C","","Default","None","1","0","0","True","(GameplayTags=((TagName=""Skill.Active""),(TagName=""Skill.Forged.GeneratesHeat""),(TagName=""Skill.Forged.Ranged"")))","(GameplayTags=)","(RowName=""Forged_Ranged"")","0","Default","","","None","None","None","None","True","False","4","1","(RowName="""")","30.000000","None","None",""
Forged_Placeholder4,"/Game/Skills/Blueprints/Skill_Placeholder.Skill_Placeholder_C","Character.Player.Forged","Default","None","1","0","0","True","(GameplayTags=((TagName=""Skill.Active""),(TagName=""Skill.Forged.Melee"")))","(GameplayTags=)","(RowName=""Forged_Melee"")","0","Default","","","None","None","None","None","True","False","3","1","(RowName="""")","30.000000","Default","Skill00","FurnaceBlast"
DM_Placeholder3,"/Game/Skills/Blueprints/Skill_Placeholder.Skill_Placeholder_C","Character.Player.DuskMage","Default","None","1","0","0","True","(GameplayTags=)","(GameplayTags=)","(RowName="""")","0","Default","","","None","None","None","None","True","False","0","0","(RowName="""")","30.000000","Default","Skill00","Teleport"
DM_Placeholder4,"/Game/Skills/Blueprints/Skill_Placeholder.Skill_Placeholder_C","Character.Player.DuskMage","Default","None","1","0","0","True","(GameplayTags=((TagName=""Skill.Active""),(TagName=""Skill.DuskMage.Dark"")))","(GameplayTags=)","(RowName="""")","0","Default","","","None","None","None","None","True","True","4","0","(RowName="""")","30.000000","Default","Skill00","Damnation"
Bane_CritChanceWhileActive,"/Game/Skills/Blueprints/EmberWeapons/Bane/SkillTreePlaceholders/SkillTree_Bane_CritChanceWhileActive.SkillTree_Bane_CritChanceWhileActive_C","Character.Player","Default","None","10","0","0","True","(GameplayTags=((TagName=""Skill.Passive""),(TagName=""Skill.EmberWeapon.Bane""),(TagName=""Skill.EmberWeapon.Activated"")))","(GameplayTags=)","(RowName=""Bane"")","0","StatusEffect","CriticalHitChance=.025","(NSLOCTEXT(""SkillsTable"", ""0738E7704B8E2FE612AD93BBB85B8753"", ""Critical Hit Chance""))","PerLevelByOnesStartWithOne","None","None","None","False","False","0","1","(RowName="""")","30.000000","None","None",""
Bane_PoisonChanceWhileActive,"/Game/Skills/Blueprints/EmberWeapons/Bane/SkillTreePlaceholders/SkillTree_Bane_PoisonChanceWhileActive.SkillTree_Bane_PoisonChanceWhileActive_C","Character.Player","Default","None","10","0","0","True","(GameplayTags=((TagName=""Skill.Passive""),(TagName=""Skill.EmberWeapon.Bane"")))","(GameplayTags=)","(RowName=""Bane"")","0","StatusEffect","ElementalProcChance|Proc.Poison=.05","(NSLOCTEXT(""SkillsTable"", ""251A98764FB958B846FC9BA618B3007A"", ""Poison Chance""))","PerLevelByOnesStartWithOne","None","None","None","False","False","0","2","(RowName="""")","30.000000","None","None",""
Bane_ActiveSkillDamage,"/Game/Skills/Blueprints/EmberWeapons/Bane/SkillTreePlaceholders/SkillTree_Bane_ActiveDamage.SkillTree_Bane_ActiveDamage_C","Character.Player","Default","None","10","0","0","True","(GameplayTags=((TagName=""Skill.Passive""),(TagName=""Skill.EmberWeapon.Bane"")))","(GameplayTags=)","(RowName=""Bane"")","5","Default","DamagePctBySkillName|Bane_FangedMaw=0.05","(NSLOCTEXT(""SkillsTable"", ""4B97C29D44007531B551838B40B31D14"", ""Damage for Venomous Maw""))","PerLevelByOnesStartWithOne","None","None","None","False","False","1","1","(RowName="""")","30.000000","None","None",""
Bane_ActiveSkillCooldown,"/Game/Skills/Blueprints/EmberWeapons/Bane/SkillTreePlaceholders/SkillTree_Bane_ActiveSkillCooldown.SkillTree_Bane_ActiveSkillCooldown_C","Character.Player","Default","None","10","0","0","True","(GameplayTags=((TagName=""Skill.EmberWeapon.Bane""),(TagName=""Skill.Passive"")))","(GameplayTags=)","(RowName=""Bane"")","5","Default","CooldownPctBySkillName|Bane_FangedMaw=-.05","(NSLOCTEXT(""SkillsTable"", ""0566C7504CB89CA28F1C5D890D60ACF1"", ""Cooldown Duration to Venomous Maw""))","PerLevelByOnesStartWithOne","None","None","None","False","False","1","2","(RowName="""")","30.000000","None","None",""
Bane_SnakeMissileDamage,"/Game/Skills/Blueprints/EmberWeapons/Bane/SkillTreePlaceholders/SkillTree_Bane_MissileDamage.SkillTree_Bane_MissileDamage_C","Character.Player","Default","None","10","0","0","True","(GameplayTags=((TagName=""Skill.Passive""),(TagName=""Skill.EmberWeapon.Bane"")))","(GameplayTags=)","(RowName=""Bane"")","10","Default","DamagePctBySkillName|Skill_Passive_EmberWeapon_Bane_MissilesOnPoisonHit=.05","(NSLOCTEXT(""SkillsTable"", ""0CBB6E70420F0E888121309F5C7546D2"", ""Bane Poison Missile Damage""))","PerLevelByOnesStartWithOne","None","None","None","False","False","2","1","(RowName="""")","30.000000","None","None",""
Bane_IncreasedMissileChance,"/Game/Skills/Blueprints/EmberWeapons/Bane/SkillTreePlaceholders/SkillTree_Bane_MissilesChance.SkillTree_Bane_MissilesChance_C","Character.Player","Default","None","10","0","0","True","(GameplayTags=((TagName=""Skill.Passive""),(TagName=""Skill.EmberWeapon.Bane"")))","(GameplayTags=)","(RowName=""Bane"")","10","Default","ProcChance|MissilesOnPoisoned=.025","(NSLOCTEXT(""SkillsTable"", ""E10DA57E43D63D93A93F3FA7A60381B2"", ""Increased Spread of Death Chance""))","PerLevelByOnesStartWithOne","None","None","None","False","False","2","2","(RowName="""")","30.000000","None","None",""
Bane_SpiderSummonChance,"/Game/Skills/Blueprints/EmberWeapons/Bane/SkillTreePlaceholders/SkillTree_Bane_SpiderSummonChance.SkillTree_Bane_SpiderSummonChance_C","Character.Player","Default","None","10","0","0","True","(GameplayTags=((TagName=""Skill.Passive""),(TagName=""Skill.EmberWeapon.Bane"")))","(GameplayTags=)","(RowName=""Bane"")","15","Default","ProcChance|SpiderAllies=.05","(NSLOCTEXT(""SkillsTable"", ""4CDE33D94DE37EBF11747DB1641426CD"", ""Increased Chance to Summon Spider Allies On Kill""))","PerLevelByOnesStartWithOne","None","None","None","False","False","3","1","(RowName="""")","30.000000","None","None",""
Bane_SpiderMinionCount,"/Game/Skills/Blueprints/EmberWeapons/Bane/SkillTreePlaceholders/SkillTree_Bane_SpiderCount.SkillTree_Bane_SpiderCount_C","Character.Player","Default","None","10","0","0","True","(GameplayTags=((TagName=""Skill.Passive""),(TagName=""Skill.EmberWeapon.Bane"")))","(GameplayTags=)","(RowName=""Bane"")","15","Default","BonusInventoryCapacity|Inventory.Minions.BaneSpiders=1","(NSLOCTEXT(""SkillsTable"", ""C7D50EB94CB0BBBE2DDF88B1F66900DF"", ""Increased Spider Count""))","PerLevelByOnesStartWithOne","None","None","None","False","False","3","2","(RowName="""")","30.000000","None","None",""
Bane_ActivationSkill,"/Game/Skills/Blueprints/EmberWeapons/Bane/Skill_Bane_Activation.Skill_Bane_Activation_C","Character.Player","Default","None","1","0","1","False","(GameplayTags=((TagName=""Skill.Passive""),(TagName=""Skill.EmberWeapon.Bane""),(TagName=""Skill.EmberWeapon.UltimateActive"")))","(GameplayTags=)","(RowName=""Bane"")","0","Default","","","None","None","None","None","False","False","0","0","(RowName="""")","30.000000","None","None",""
Bane_FangedMaw,"/Game/Skills/Blueprints/EmberWeapons/Bane/Bane_FangedMaw.Bane_FangedMaw_C","Character.Player","Default","None","1","0","5","False","(GameplayTags=((TagName=""Skill.Active""),(TagName=""Skill.EmberWeapon.Bane"")))","(GameplayTags=)","(RowName=""Bane"")","0","Default","","","None","None","None","None","False","False","1","0","(RowName="""")","30.000000","Default","Skill00",""
Bane_MissilesOnPoisonHit,"/Game/Skills/Blueprints/EmberWeapons/Bane/SkillTreePlaceholders/SkillTree_Bane_MissilesOnPoisonHit.SkillTree_Bane_MissilesOnPoisonHit_C","Character.Player","Default","None","1","0","10","False","(GameplayTags=((TagName=""Skill.Passive""),(TagName=""Skill.EmberWeapon.Bane"")))","(GameplayTags=)","(RowName=""Bane"")","0","Default","ProcChance|MissilesOnPoisoned=.3","","None","None","None","None","False","False","2","0","(RowName="""")","30.000000","None","None",""
Bane_SpiderAllies,"/Game/Skills/Blueprints/EmberWeapons/Bane/SkillTreePlaceholders/SkillTree_Bane_SpiderSummon.SkillTree_Bane_SpiderSummon_C","Character.Player","Default","None","1","0","15","False","(GameplayTags=((TagName=""Skill.Passive""),(TagName=""Skill.EmberWeapon.Bane"")))","(GameplayTags=)","(RowName=""Bane"")","0","Default","ProcChance|SpiderAllies=.4","","Ones","None","None","None","False","False","3","0","(RowName="""")","30.000000","None","None",""
Bane_EnhancedActivationSkill,"/Game/Skills/Blueprints/EmberWeapons/Bane/SkillTreePlaceholders/SkillTree_Bane_EnhancedActivation.SkillTree_Bane_EnhancedActivation_C","Character.Player","Default","None","1","0","30","False","(GameplayTags=((TagName=""Skill.Passive""),(TagName=""Skill.EmberWeapon.Bane""),(TagName=""Skill.EmberWeapon.UltimateActive"")))","(GameplayTags=)","(RowName=""Bane"")","0","Default","","","None","None","None","None","False","False","4","0","(RowName="""")","30.000000","None","None",""
FlamingDestroyer_BurnChance,"/Game/Skills/Blueprints/EmberWeapons/FlamingDestroyer/SkillTreePlaceholders/SkillTree_FlamingDestroyer_BurnChance.SkillTree_FlamingDestroyer_BurnChance_C","Character.Player","Default","None","10","0","0","True","(GameplayTags=((TagName=""Skill.Passive""),(TagName=""Skill.EmberWeapon.FlamingDestroyer"")))","(GameplayTags=)","(RowName=""FlamingDestroyer"")","0","StatusEffect","ElementalProcChance|Proc.Burn=.05","(NSLOCTEXT(""SkillsTable"", ""D4028DBC478EC7628D57C2A3CF9EEEC0"", ""Burn Chance While Flaming Destroyer is Activated""))","PerLevelByOnesStartWithOne","None","None","None","False","False","0","2","(RowName="""")","30.000000","None","None",""
FlamingDestroyer_CriticalHitChance,"/Game/Skills/Blueprints/EmberWeapons/FlamingDestroyer/SkillTreePlaceholders/SkillTree_FlamingDestroyer_CriticalHitChance.SkillTree_FlamingDestroyer_CriticalHitChance_C","Character.Player","Default","None","10","0","0","True","(GameplayTags=((TagName=""Skill.Passive""),(TagName=""Skill.EmberWeapon.FlamingDestroyer"")))","(GameplayTags=)","(RowName=""FlamingDestroyer"")","0","StatusEffect","CriticalHitChance=.05","(NSLOCTEXT(""SkillsTable"", ""EEA43C60416F8445F1FCEC86E9CED2E7"", ""Critical Hit Chance while Flaming Destroyer is Activated""))","PerLevelByOnesStartWithOne","None","None","None","False","False","0","1","(RowName="""")","30.000000","None","None",""
FlamingDestroyer_ActiveSkillDamage,"/Game/Skills/Blueprints/EmberWeapons/FlamingDestroyer/SkillTreePlaceholders/SkillTree_FlamingDestroyer_ActiveSkillDamage.SkillTree_FlamingDestroyer_ActiveSkillDamage_C","Character.Player","Default","None","10","0","0","True","(GameplayTags=((TagName=""Skill.Passive""),(TagName=""Skill.EmberWeapon.FlamingDestroyer"")))","(GameplayTags=)","(RowName=""FlamingDestroyer"")","5","Default","DamagePctBySkillName|FlamingDestroyer_SwordSmash=0.05","(NSLOCTEXT(""SkillsTable"", ""12F0AF2D410F85C142BF90B67C80B09B"", ""Damage to Sword Smash""))","PerLevelByOnesStartWithOne","None","None","None","False","False","1","1","(RowName="""")","30.000000","None","None",""
FlamingDestroyer_ActiveSkillCooldown,"/Game/Skills/Blueprints/EmberWeapons/FlamingDestroyer/SkillTreePlaceholders/SkillTree_FlamingDestroyer_ActiveSkillCooldown.SkillTree_FlamingDestroyer_ActiveSkillCooldown_C","Character.Player","Default","None","10","0","0","True","(GameplayTags=((TagName=""Skill.Passive""),(TagName=""Skill.EmberWeapon.FlamingDestroyer"")))","(GameplayTags=)","(RowName=""FlamingDestroyer"")","5","Default","CooldownPctBySkillName|FlamingDestroyer_SwordSmash=-.05","(NSLOCTEXT(""SkillsTable"", ""FCEDE0E24FF935B7F3F6FC80D3882D2C"", ""Cooldown to Sword Smash""))","PerLevelByOnesStartWithOne","None","None","None","False","False","1","2","(RowName="""")","30.000000","None","None",""
FlamingDestroyer_BurningHazard,"/Game/Skills/Blueprints/EmberWeapons/FlamingDestroyer/SkillTreePlaceholders/SkillTree_FlamingDestroyer_BurningHazard.SkillTree_FlamingDestroyer_BurningHazard_C","Character.Player","Default","None","10","0","0","True","(GameplayTags=((TagName=""Skill.Passive""),(TagName=""Skill.EmberWeapon.FlamingDestroyer"")))","(GameplayTags=)","(RowName=""FlamingDestroyer"")","10","Default","DamagePctBySkillName|FlamingDestroyer_BurningHazard=.05","(NSLOCTEXT(""SkillsTable"", ""9F7D61E54847738F796F4A8CE25640ED"", ""Bonus Damage to Burning Hazard""))","PerLevelByOnesStartWithOne","None","None","None","False","False","2","1","(RowName="""")","30.000000","None","None",""
FlamingDestroyer_ExplosionFear,"/Game/Skills/Blueprints/EmberWeapons/FlamingDestroyer/SkillTreePlaceholders/SkillTree_FlamingDestroyer_ExplosionFear.SkillTree_FlamingDestroyer_ExplosionFear_C","Character.Player","Default","None","10","0","0","True","(GameplayTags=((TagName=""Skill.Passive""),(TagName=""Skill.EmberWeapon.FlamingDestroyer"")))","(GameplayTags=)","(RowName=""FlamingDestroyer"")","10","Default","RandomBonusPctBySkillName|FlamingDestroyer_ExplosionFear=.05","(NSLOCTEXT(""SkillsTable"", ""6F6D1FC4469C8F0956FF62915EF91289"", ""Chance to Make Enemies Hit by Explosion Feared""))","PerLevelByOnesStartWithOne","None","None","None","False","False","2","2","(RowName="""")","30.000000","None","None",""
FlamingDestroyer_FireballChance,"/Game/Skills/Blueprints/EmberWeapons/FlamingDestroyer/SkillTreePlaceholders/SkillTree_FlamingDestroyer_FireballChance.SkillTree_FlamingDestroyer_FireballChance_C","Character.Player","Default","None","10","0","0","True","(GameplayTags=((TagName=""Skill.Passive""),(TagName=""Skill.EmberWeapon.FlamingDestroyer"")))","(GameplayTags=)","(RowName=""FlamingDestroyer"")","15","Default","ProcChance|Fireballs=.005","(NSLOCTEXT(""SkillsTable"", ""3213DF79488A6B6E11C12B8F606D5836"", ""Additional Chance to Make a Fireball Hit from Above""))","PerLevelByOnesStartWithOne","None","None","None","False","False","3","1","(RowName="""")","30.000000","None","None",""
FlamingDestroyer_FireballsDamage,"/Game/Skills/Blueprints/EmberWeapons/FlamingDestroyer/SkillTreePlaceholders/SkillTree_FlamingDestroyer_FireballsBurning.SkillTree_FlamingDestroyer_FireballsBurning_C","Character.Player","Default","None","10","0","0","True","(GameplayTags=((TagName=""Skill.Passive""),(TagName=""Skill.EmberWeapon.FlamingDestroyer"")))","(GameplayTags=)","(RowName=""FlamingDestroyer"")","15","Default","DamagePctBySkillName|FlamingDestroyer_Fireballs=.1","(NSLOCTEXT(""SkillsTable"", ""26BD774945FB08A97F8517B477155955"", ""Increased Damage for Fireballs""))","PerLevelByOnesStartWithOne","None","None","None","False","False","3","2","(RowName="""")","30.000000","None","None",""
FlamingDestroyer_Activation,"/Game/Skills/Blueprints/EmberWeapons/FlamingDestroyer/Skill_FlamingDestroyer_ActivationSmash.Skill_FlamingDestroyer_ActivationSmash_C","Character.Player","Default","None","1","1","1","False","(GameplayTags=((TagName=""Skill.Passive""),(TagName=""Skill.EmberWeapon.FlamingDestroyer""),(TagName=""Skill.EmberWeapon.UltimateActive"")))","(GameplayTags=)","(RowName=""FlamingDestroyer"")","0","Default","","","None","None","None","None","False","False","0","0","(RowName="""")","30.000000","None","None",""
FlamingDestroyer_SwordSmash,"/Game/Skills/Blueprints/EmberWeapons/FlamingDestroyer/Skill_FlamingDestroyer_SwordSmash.Skill_FlamingDestroyer_SwordSmash_C","Character.Player","Default","None","1","0","5","False","(GameplayTags=((TagName=""Skill.Active""),(TagName=""Skill.EmberWeapon.FlamingDestroyer"")))","(GameplayTags=)","(RowName=""FlamingDestroyer"")","0","Default","","","None","None","None","None","False","False","1","0","(RowName="""")","30.000000","Default","Skill00",""
FlamingDestroyer_ExplodeOnHit,"/Game/Skills/Blueprints/EmberWeapons/FlamingDestroyer/SkillTreePlaceholders/SkillTree_FlamingDestroyer_ExplodeOnHit.SkillTree_FlamingDestroyer_ExplodeOnHit_C","Character.Player","Default","None","1","0","10","False","(GameplayTags=((TagName=""Skill.Passive""),(TagName=""Skill.EmberWeapon.FlamingDestroyer"")))","(GameplayTags=)","(RowName=""FlamingDestroyer"")","0","Default","ProcChance|BurningExploding=.15","(NSLOCTEXT(""SkillsTable"", ""4387FA604BA7F6BB311B4DA09F5D7B8D"", ""Chance to make Burning Enemies Explode""))","Ones","None","None","None","False","False","2","0","(RowName="""")","30.000000","None","None",""
FlamingDestroyer_Fireballs,"/Game/Skills/Blueprints/EmberWeapons/FlamingDestroyer/SkillTreePlaceholders/SkillTree_FlamingDestroyer_Fireballs.SkillTree_FlamingDestroyer_Fireballs_C","Character.Player","Default","None","1","0","15","False","(GameplayTags=((TagName=""Skill.Passive""),(TagName=""Skill.EmberWeapon.FlamingDestroyer"")))","(GameplayTags=)","(RowName=""FlamingDestroyer"")","0","Default","ProcChance|Fireballs=.06","(NSLOCTEXT(""SkillsTable"", ""A79872144B7BDC8265320A8FAF5C4494"", ""Chance for Fireballs to Hit Enemies from Above""))","PerLevelByOnesStartWithOne","None","None","None","False","False","3","0","(RowName="""")","30.000000","None","None",""
FlamingDestroyer_EnhancedActivation,"/Game/Skills/Blueprints/EmberWeapons/FlamingDestroyer/SkillTreePlaceholders/SkillTree_FlamingDestroyer_EnhancedActivation.SkillTree_FlamingDestroyer_EnhancedActivation_C","Character.Player","Default","None","1","0","30","False","(GameplayTags=((TagName=""Skill.Passive""),(TagName=""Skill.EmberWeapon.FlamingDestroyer""),(TagName=""Skill.EmberWeapon.UltimateActive"")))","(GameplayTags=)","(RowName=""FlamingDestroyer"")","0","Default","","","None","None","None","None","False","False","4","0","(RowName="""")","30.000000","None","None",""
BloodDrinker_HealthOnKillActivated,"/Game/Skills/Blueprints/EmberWeapons/BloodDrinker/SkillTreePlaceholders/SkillTree_BloodDrinker_HealthOnKillActive.SkillTree_BloodDrinker_HealthOnKillActive_C","Character.Player","Default","None","10","0","0","True","(GameplayTags=((TagName=""Skill.EmberWeapon.Activated""),(TagName=""Skill.EmberWeapon.BloodDrinker""),(TagName=""Skill.Passive"")))","(GameplayTags=)","(RowName=""BloodDrinker"")","0","StatusEffect","HealthOnKillPct=0.01","(NSLOCTEXT(""SkillsTable"", ""1C5D076C4129FA1350156098F36E064B"", ""Health on Kill while Blood Drinker is Activated""))","PerLevelByOnesStartWithOne","None","None","None","False","False","0","1","(RowName="""")","30.000000","None","None",""
BloodDrinker_BleedChanceWhileActivated,"/Game/Skills/Blueprints/EmberWeapons/BloodDrinker/SkillTreePlaceholders/SkillTree_BloodDrinker_IncreasedBleedChance.SkillTree_BloodDrinker_IncreasedBleedChance_C","Character.Player","Default","None","10","0","0","True","(GameplayTags=((TagName=""Skill.EmberWeapon.Activated""),(TagName=""Skill.EmberWeapon.BloodDrinker""),(TagName=""Skill.Passive"")))","(GameplayTags=)","(RowName=""BloodDrinker"")","0","StatusEffect","ElementalProcChance|Proc.Bleed=.05","(NSLOCTEXT(""SkillsTable"", ""A0071CFF4677B515C97EF69C0AF372E2"", ""Increased Bleed chance while Active""))","PerLevelByOnesStartWithOne","None","None","None","False","False","0","2","(RowName="""")","30.000000","None","None",""
BloodDrinker_ActiveSkillDamage,"/Game/Skills/Blueprints/EmberWeapons/BloodDrinker/SkillTreePlaceholders/SkillTree_BloodDrinker_ActiveSkillDamage.SkillTree_BloodDrinker_ActiveSkillDamage_C","Character.Player","Default","None","10","0","0","True","(GameplayTags=((TagName=""Skill.Passive""),(TagName=""Skill.EmberWeapon.BloodDrinker"")))","(GameplayTags=)","(RowName=""BloodDrinker"")","5","Default","DamagePctBySkillName|BloodDrinker_SpinningBlade=0.05","(NSLOCTEXT(""SkillsTable"", ""500C427B427EADC36F6BEE8935829606"", ""Damage to Spinning Blade""))","PerLevelByOnesStartWithOne","None","None","None","False","False","1","1","(RowName="""")","30.000000","None","None",""
BloodDrinker_ActiveSkillCooldown,"/Game/Skills/Blueprints/EmberWeapons/BloodDrinker/SkillTreePlaceholders/SkillTree_BloodDrinker_ActiveSkillCooldown.SkillTree_BloodDrinker_ActiveSkillCooldown_C","Character.Player","Default","None","10","0","0","True","(GameplayTags=((TagName=""Skill.Passive""),(TagName=""Skill.EmberWeapon.BloodDrinker"")))","(GameplayTags=)","(RowName=""BloodDrinker"")","5","Default","CooldownPctBySkillName|BloodDrinker_SpinningBlade=-.05","(NSLOCTEXT(""SkillsTable"", ""F477630B4B44970529DF2894D4031179"", ""Cooldown to Spinning Blade""))","PerLevelByOnesStartWithOne","None","None","None","False","False","1","2","(RowName="""")","30.000000","None","None",""
BloodDrinker_RuptureChance,"/Game/Skills/Blueprints/EmberWeapons/BloodDrinker/SkillTreePlaceholders/SkillTree_BloodDrinker_RuptureChance.SkillTree_BloodDrinker_RuptureChance_C","Character.Player","Default","None","10","0","0","True","(GameplayTags=((TagName=""Skill.Passive""),(TagName=""Skill.EmberWeapon.BloodDrinker"")))","(GameplayTags=)","(RowName=""BloodDrinker"")","10","Default","ProcChance|Rupture=.025","(NSLOCTEXT(""SkillsTable"", ""9374CECE458F4DAF7D9E098A7190C6F5"", ""Increased Chance to Rupture Bleeding Enemies""))","PerLevelByOnesStartWithOne","None","None","None","False","False","2","1","(RowName="""")","30.000000","None","None",""
BloodDrinker_RuptureDamage,"/Game/Skills/Blueprints/EmberWeapons/BloodDrinker/SkillTreePlaceholders/SkillTree_BloodDrinker_RuptureDamage.SkillTree_BloodDrinker_RuptureDamage_C","Character.Player","Default","None","10","0","0","True","(GameplayTags=((TagName=""Skill.Passive""),(TagName=""Skill.EmberWeapon.BloodDrinker"")))","(GameplayTags=)","(RowName=""BloodDrinker"")","10","Default","DamagePctBySkillName|BloodDrinker_Rupture=0.05","(NSLOCTEXT(""SkillsTable"", ""39BDE2874F8DC6DC04BFC8BAD74DE68E"", ""Damage to Rupture""))","PerLevelByOnesStartWithOne","None","None","None","False","False","2","2","(RowName="""")","30.000000","None","None",""
BloodDrinker_BloodPoolHealingIncrease,"/Game/Skills/Blueprints/EmberWeapons/BloodDrinker/SkillTreePlaceholders/SkillTree_BloodDrinker_HealingFromBloodPools.SkillTree_BloodDrinker_HealingFromBloodPools_C","Character.Player","Default","None","10","0","0","True","(GameplayTags=((TagName=""Skill.Passive""),(TagName=""Skill.EmberWeapon.BloodDrinker"")))","(GameplayTags=)","(RowName=""BloodDrinker"")","15","Default","RandomBonusPctBySkillName|BloodDrinker_BloodPoolHealingIncrease=.05","(NSLOCTEXT(""SkillsTable"", ""E8F4FA484E794862CDFC669547F2811A"", ""Increased Healing from Blood Pools""))","PerLevelByOnesStartWithOne","None","None","None","False","False","3","1","(RowName="""")","30.000000","None","None",""
BloodDrinker_ChancetoDropTwoBloodPools,"/Game/Skills/Blueprints/EmberWeapons/BloodDrinker/SkillTreePlaceholders/SkillTree_BloodDrinker_BloodPoolDouble.SkillTree_BloodDrinker_BloodPoolDouble_C","Character.Player","Default","None","10","0","0","True","(GameplayTags=((TagName=""Skill.Passive""),(TagName=""Skill.EmberWeapon.BloodDrinker"")))","(GameplayTags=)","(RowName=""BloodDrinker"")","15","Default","RandomBonusPctBySkillName|BloodDrinker_ChancetoDropTwoBloodPools=.05","(NSLOCTEXT(""SkillsTable"", ""ECA10FC548AEF885B8A2B984F2933456"", ""Chance to Drop an Additional Blood Pool""))","PerLevelByOnesStartWithOne","None","None","None","False","False","3","2","(RowName="""")","30.000000","None","None",""
BloodDrinker_Activation,"/Game/Skills/Blueprints/EmberWeapons/BloodDrinker/Skill_BloodDrinker_Activate.Skill_BloodDrinker_Activate_C","Character.Player","Default","None","1","1","1","False","(GameplayTags=((TagName=""Skill.Passive""),(TagName=""Skill.EmberWeapon.BloodDrinker""),(TagName=""Skill.EmberWeapon.UltimateActive"")))","(GameplayTags=)","(RowName=""BloodDrinker"")","0","Default","","","None","None","None","None","False","False","0","0","(RowName="""")","30.000000","None","None",""
BloodDrinker_SpinningBlade,"/Game/Skills/Blueprints/EmberWeapons/BloodDrinker/Skill_BloodDrinker_SpinningBlade.Skill_BloodDrinker_SpinningBlade_C","Character.Player","Default","None","1","0","5","False","(GameplayTags=((TagName=""Skill.Active""),(TagName=""Skill.EmberWeapon.BloodDrinker"")))","(GameplayTags=)","(RowName=""BloodDrinker"")","0","Default","","","None","None","None","None","False","False","1","0","(RowName="""")","30.000000","Default","Skill00",""
BloodDrinker_Rupture,"/Game/Skills/Blueprints/EmberWeapons/Skill_Rupture.Skill_Rupture_C","Character.Player","Default","None","1","0","10","False","(GameplayTags=((TagName=""Skill.Passive""),(TagName=""Skill.EmberWeapon.BloodDrinker"")))","(GameplayTags=)","(RowName=""BloodDrinker"")","0","Default","ProcChance|Rupture=.1","","None","None","None","None","False","False","2","0","(RowName="""")","30.000000","None","None",""
BloodDrinker_BloodPools,"/Game/Skills/Blueprints/EmberWeapons/BloodDrinker/SkillTreePlaceholders/SkillTree_BloodDrinker_BloodPools.SkillTree_BloodDrinker_BloodPools_C","Character.Player","Default","None","1","0","15","False","(GameplayTags=((TagName=""Skill.Passive""),(TagName=""Skill.EmberWeapon.BloodDrinker"")))","(GameplayTags=)","(RowName=""BloodDrinker"")","0","Default","ProcChance|BloodPools=.15","","None","None","None","None","False","False","3","0","(RowName="""")","30.000000","None","None",""
BloodDrinker_EnhancedActivation,"/Game/Skills/Blueprints/EmberWeapons/BloodDrinker/SkillTreePlaceholders/SkillTree_BloodDrinker_EnhancedActivation.SkillTree_BloodDrinker_EnhancedActivation_C","Character.Player","Default","None","1","0","30","False","(GameplayTags=((TagName=""Skill.Passive""),(TagName=""Skill.EmberWeapon.BloodDrinker""),(TagName=""Skill.EmberWeapon.UltimateActive"")))","(GameplayTags=)","(RowName=""BloodDrinker"")","0","Default","","","None","None","None","None","False","False","4","0","(RowName="""")","30.000000","None","None",""
NewRow,"None","","Default","None","1","0","0","True","(GameplayTags=)","(GameplayTags=)","(RowName="""")","0","Default","","","None","None","None","None","False","False","0","0","(RowName="""")","30.000000","None","None",""
