---,RowType,NoPickWeight,MinLevel,bErrorIfOutputIsEmpty,bRetryIfPickIsEmpty,EntryType1,Entry1,WeightOrCount1,EntryType2,Entry2,WeightOrCount2,EntryType3,Entry3,WeightOrCount3,EntryType4,Entry4,WeightOrCount4,EntryType5,Entry5,WeightOrCount5,EntryType6,Entry6,WeightOrCount6,EntryType7,Entry7,WeightOrCount7,EntryType8,Entry8,WeightOrCount8,EntryType9,Entry9,WeightOrCount9,EntryType10,Entry10,WeightOrCount10,EntryType11,Entry11,WeightOrCount11,EntryType12,Entry12,WeightOrCount12,DataCurves,Entries,Notes
PickFormat,"All","0","0","False","False","InitializeName","{BaseName}","1","GoToNameSpawnRowByPackSize","MaybeAddTitles|1","1","GoToNameSpawnRowByPackSize","MaybeAddPackTitles|2-10","1","None","","0","None","","0","None","","0","None","","0","None","","0","None","","0","None","","0","None","","0","None","","0","None","",""
MaybeAddTitles,"Pick","6","0","False","False","GoToNameSpawnRow","AddPreTitle","6","GoToNameSpawnRow","AddPostTitle","6","GoToNameSpawnRow","AddBothTitles","2","None","","0","None","","0","None","","0","None","","0","None","","0","None","","0","None","","0","None","","0","None","","0","None","",""
MaybeAddPreTitle,"Pick","3","0","False","False","GoToNameSpawnRow","AddPreTitle","1","None","","0","None","","0","None","","0","None","","0","None","","0","None","","0","None","","0","None","","0","None","","0","None","","0","None","","0","None","",""
MaybeAddPackTitles,"Pick","10","0","False","False","SetNameParameter","BaseName|{BaseName}, {PackName} {PackRole}","1","SetNameParameter","BaseName|{BaseName} of The {PackName}","1","None","","0","None","","0","None","","0","None","","0","None","","0","None","","0","None","","0","None","","0","None","","0","None","","0","None","",""
AddPreTitle,"Pick","0","0","False","False","SetNameParameter","BaseName|{PreTitle} {BaseName}","2","SetNameParameter","BaseName|{PreTitlePrefix}{PreTitleSuffix} {BaseName}","1","None","","0","None","","0","None","","0","None","","0","None","","0","None","","0","None","","0","None","","0","None","","0","None","","0","None","",""
AddPostTitle,"Pick","0","0","False","False","SetNameParameter","BaseName|{BaseName} the {TheTitle}","3","SetNameParameter","BaseName|{BaseName}, {OfTitleFirst} of {OfTitleSecond}","2","None","","0","None","","0","None","","0","None","","0","None","","0","None","","0","None","","0","None","","0","None","","0","None","","0","None","",""
AddBothTitles,"All","0","0","False","False","GoToNameSpawnRow","AddPreTitle","1","GoToNameSpawnRow","AddPostTitle","1","None","","0","None","","0","None","","0","None","","0","None","","0","None","","0","None","","0","None","","0","None","","0","None","","0","None","",""
PickFormatNoPostTitle,"All","0","0","False","False","InitializeName","{BaseName}","1","GoToNameSpawnRowByPackSize","MaybeAddPreTitle|1","1","GoToNameSpawnRowByPackSize","MaybeAddPackTitles|2-10","1","None","","0","None","","0","None","","0","None","","0","None","","0","None","","0","None","","0","None","","0","None","","0","None","",""
GoblinName,"All","0","0","False","False","GoToNameSpawnRow","PickFormat","1","GoToNameSpawnRow","GoblinPrefixSuffix","1","GoToNameSpawnRow","GoblinOfTitle","1","GoToNameSpawnRow","GoblinTheTitleExpansion","1","GoToNameSpawnRow","GoblinTheTitle","1","GoToNameSpawnRow","GoblinPreTitle","1","GoToNameSpawnRow","GoblinPackRoles","1","None","","0","None","","0","None","","0","None","","0","None","","0","None","",""
GoblinPrefixSuffix,"All","0","0","False","False","SetNameParameter","BaseName|{Prefix}{Suffix}","1","SetNameParameter","Prefix|Gob/Grim/Shim/Yub/Nub/Lub/Lig/Ur/Big/Frig/Dig/Yop/Slip/Kur/Zub/Zib/Woo/Igg/Stig/Pork/Pum/Tum/Toot/Lobb/Obbo/Pig/Pip/Sug/Sop/Sloo/Nar/Nab/Nog/Mug/Mog/Tog/Yop/Bop/Boop/Blip","1","SetNameParameter","Suffix|lips/snuck/bog/blip/wim/smip/lobble/wobble/stink/shanks/tiki/ogle/licker/zim/grob/oo/vid/per/wash/aloo/ali/iki/anoo/'taka/'tana/'oo/'yogo/les/illy/um/ums","1","None","","0","None","","0","None","","0","None","","0","None","","0","None","","0","None","","0","None","","0","None","","0","None","",""
GoblinTheTitleExpansion,"Pick","4","0","False","False","SetNameParameter","TheTitle|{TheTitleModifier} {TheTitle}","1","SetNameParameter","TheTitle|{TheTitleNoun}","1","None","","0","None","","0","None","","0","None","","0","None","","0","None","","0","None","","0","None","","0","None","","0","None","","0","None","",""
GoblinTheTitle,"All","0","0","False","False","SetNameParameter","TheTitle|Moldy/Gross/Bold/Wild/Cowardly/Unpleasant/Wicked/Slow/Stupid/Moist/Dank/Unliked/Unfriendly/Bad/Boorish/Sluggish/Slovenly/Sleepy/Silly/Sour/Sordid/Unwelcoming/Unique/Honorable/Uncouth/Foul/Unhappy/Sad/Vile/Wily/Shortsighted/Known/Spiteful/Jealous/Petty/Hungry/Bewitching/Crusty/Mild","1","SetNameParameter","TheTitleModifier|Least/Most/Very/Mostly/Sometimes/Occasionally/Only/Always","1","SetNameParameter","TheTitleNoun|Clown/Jester/Only-Child/Fool/Wanderer/Dancer/Performer/Assassin/Killer/Murderer/Thief/""King""/Spirit/Witch/Flea/""Scribe""/Cleaner/Butler/Monster/Criminal/Wanted","1","None","","0","None","","0","None","","0","None","","0","None","","0","None","","0","None","","0","None","","0","None","","0","None","",""
GoblinOfTitle,"All","0","0","False","False","SetNameParameter","OfTitleFirst|Keeper/Holder/Master/Sweeper/Grabber/Snatcher/Borrower/Lord/Dumper/Prince/Dunker/Coveter/Painter/Soiler/Bringer/Collector/Picker/Licker/Juggler/Smuggler","1","SetNameParameter","OfTitleSecond|Spoons/Swords/Guts/Bones/Trinkets/Shinies/Skulls/Blood/Slime/Foulness/Stinks/Mold/Slimes/Grime/Dirt/Spears/Trinkets/Boots/Turnips/Fish/Onions/Mossrats/Coins/Limbs/Teeth/Flowers/Flames","1","None","","0","None","","0","None","","0","None","","0","None","","0","None","","0","None","","0","None","","0","None","","0","None","","0","None","",""
GoblinPreTitle,"All","0","0","False","False","SetNameParameter","PreTitle|Watcher/Farmer/Leader/Master/Lord/Father/Mother/Sir/Old/Narrow/Great/Vile/Young/Wanderer/Mr./Ms./Big/Captain/Opulent/Sour/Odious","1","SetNameParameter","PreTitlePrefix|Pack/Team/Gaggle/Foe/Dog/Hound/Muck/Gob/Dead/Gob/Fun/Pun/Yum-/Village/Group","1","SetNameParameter","PreTitleSuffix|leader/master/lord/tamer/mother/father/farmer","1","None","","0","None","","0","None","","0","None","","0","None","","0","None","","0","None","","0","None","","0","None","","0","None","",""
SkeletonName,"All","0","0","False","False","GoToNameSpawnRow","PickFormat","1","GoToNameSpawnRow","SkeletonNameStyle","1","GoToNameSpawnRow","SkeletonOfTitle","1","SetNameParameter","TheTitle|Atrocious/Barbaric/Vile/Grim/Cruel/Bloodthirsty/Unkillable/Immortal/Foul/Fetid/Fierce/Endless/Unending/Unyielding/Indomitable/Incorrigable/Old/Priestly/Grindstone/Rock/Unbleeding/Unstoppable/Denier/Disobedient/Hater/Hateful/Spiteful/Scribe/Cold/Lonely/Forgotten/Calcified/Bewitched/Once Beautiful/Late/Boring/Creaky/Rickety/Opulent/Once Opulent/Wrathful/Clumsy/Scattered/Guileful/Blessed/Devout/Crowned/Anointed/Villified/Sacrosanct/Criminal/Wanted/Returned/Revived/Resurrected/Upright/Tall/Short/Skinny/Inappropriate/Eyeless/Paragon/Fallen/Disillusioned/Desecrated/Corrupt/Defiled/Lost/Undying/Bland/Broken/Dry/Icky/Sloppy/Prim/Proper/Educated/Erudite/Disturbed/Disrupted/Toothless/Profane","1","GoToNameSpawnRow","SkeletonPreTitle","1","GoToNameSpawnRow","SkeletonPackRoles","1","None","","0","None","","0","None","","0","None","","0","None","","0","None","","0","None","",""
SkeletonNameStyle,"Pick","0","0","False","False","GoToNameSpawnRow","SkeletonGibberishPrefixSuffix","1","GoToNameSpawnRow","SkeletonEnglishPrefixSuffix","1","None","","0","None","","0","None","","0","None","","0","None","","0","None","","0","None","","0","None","","0","None","","0","None","","0","None","",""
SkeletonGibberishPrefixSuffix,"All","0","0","False","False","SetNameParameter","BaseName|{Prefix}{Suffix}","1","SetNameParameter","Prefix|Kreig/Ur'/Pal/Yur'/Reig/Lau/Vice/Xer/Wrath/Wrik/Ob/Ab/Corth/Sinn/Ar'/Ratt/Kha/Pan/He/Arak'/Lin/Do/Vim/Corvin/Io/Ayr/Ono","1","SetNameParameter","Suffix|baur/win/yek/ir/volin/lin/er/az/ets/alor/nath/les/atur/athal/yan/thus/pus/rus/ainous/elious/lo/thak/than/thour/thur/thun","1","None","","0","None","","0","None","","0","None","","0","None","","0","None","","0","None","","0","None","","0","None","","0","None","",""
SkeletonEnglishPrefixSuffix,"All","0","0","False","False","SetNameParameter","BaseName|{Prefix}{Suffix}","1","SetNameParameter","Prefix|Rattle/Brittle/Dry/Grim/Dark/Dust/Pale/Stark/Break/Snap/Clatter/Must/Creak/Cold/Hot/Dim/Great/Old/Lost/Sour/Nasty/Foul/Slim/Shaky/Slime/Wild/Prim/Broad/Narrow/Under/Wile/Powder/Night/Dusk/Shadow/Slow/Silly/Crust/Lost/Ground/Stone/Bone","1","SetNameParameter","Suffix|bones/lock/knees/joints/fiend/lord/knots/coils/vine/ripper/curdler/spines/spine/keeps/fellow/fella/lady/lance","1","None","","0","None","","0","None","","0","None","","0","None","","0","None","","0","None","","0","None","","0","None","","0","None","",""
SkeletonPreTitle,"All","0","0","False","False","SetNameParameter","PreTitle|Lord/Duke/Baron/Revenant/Grand Wraith/Ancestor/Patriarch/Matriarch/Almighty/Great Nemesis/Ancient/Ascendant/Archon/Archetype/All Powerful/Once Living/Dead/Sorrowful/Lonely/Dismal/High Priest/Sacred/Blessed/Cursed/Crimson/Pale/Whisperer/Sinful/Proud/Wrathful/Dark/Exiled/Fallen/Forgotten/Pariah/Prince/King/Knight/Tower/Mr./Ms./Summoner/Summoned/Invoker/Invoked/Wasteful/Bloody/Masterful/Architect/Genius/Grim/Polluted/Impaler/Gheist/Governor","1","SetNameParameter","PreTitlePrefix|Fear/Dark/Foul/Necro/Demo/Moss/Mold/Sick/Bone/Doom/Gloom/Tome/Ritual/Rain/Flood/Blood/Acid/Wine/Time/Blood/Death/Curse/Must/Lance/Panic","1","SetNameParameter","PreTitleSuffix|maker/taker/breaker/lord/master/bearer/holder/coil/herald/jester/reaper/reaver/cleaver/heaver/spear","1","None","","0","None","","0","None","","0","None","","0","None","","0","None","","0","None","","0","None","","0","None","","0","None","",""
SkeletonOfTitle,"All","0","0","False","False","SetNameParameter","OfTitleFirst|King/Holder/Master/Breaker/Stealer/Usurper/Driver/Herald/Harbinger/Possessor/Birth/Mother/Father/Vicar/Messenger/Disciple/Martyr/Zenith/Trinity/Binder/Summoner/Uniter/Diplomat/Ambassador/Carrier/Host/Symphony/Bearer/Jailer/Keeper","1","SetNameParameter","OfTitleSecond|Misery/Madness/Steel/Banners/Trinkets/Feasts/Pain/Agony/Suffering/Chains/Thorns/Cold/Flames/Darkness/Night/the End/Gloom/Indignity/Insults/Blood/War/Chaos/Nothingness/Dirt/Lies/Opulence/Death/Sorrow/Bad Tidings/Bad Things/Unholiness/the Brink/the Edge/Collapse/Denial/Sacrilege","1","None","","0","None","","0","None","","0","None","","0","None","","0","None","","0","None","","0","None","","0","None","","0","None","","0","None","",""
ZombieName,"All","0","0","False","False","GoToNameSpawnRow","PickFormat","1","GoToNameSpawnRow","ZombieNameStyle","1","GoToNameSpawnRow","ZombieOfTitle","1","SetNameParameter","TheTitle|Atrocious/Gross/Vomitworthy/Dripping/Bloated/Bloodthirsty/Unkillable/Immortal/Foul/Fetid/Oily/Swamplord/Unending/Tattered/Broken/Pustulent","1","GoToNameSpawnRow","ZombiePreTitle","1","GoToNameSpawnRow","ZombiePackRoles","1","None","","0","None","","0","None","","0","None","","0","None","","0","None","","0","None","",""
ZombieNameStyle,"Pick","0","0","False","False","GoToNameSpawnRow","ZombieGibberishPrefixSuffix","1","GoToNameSpawnRow","ZombieEnglishPrefixSuffix","1","None","","0","None","","0","None","","0","None","","0","None","","0","None","","0","None","","0","None","","0","None","","0","None","","0","None","",""
ZombieGibberishPrefixSuffix,"All","0","0","False","False","SetNameParameter","BaseName|{Prefix}{Suffix}","1","SetNameParameter","Prefix|Glob/Glib/Gut/Wiggle/Snaw/Swipe/Gorb/Gribble/Hob","1","SetNameParameter","Suffix|bor/lib/gobble/leg/wrap/lash/goo/snot/spit","1","None","","0","None","","0","None","","0","None","","0","None","","0","None","","0","None","","0","None","","0","None","","0","None","",""
ZombieEnglishPrefixSuffix,"All","0","0","False","False","SetNameParameter","BaseName|{Prefix}{Suffix}","1","SetNameParameter","Prefix|Pus/Vomit/Sick/Bloat/Corpse","1","SetNameParameter","Suffix|pile/taker/rot/puke/pool/lash/digger","1","None","","0","None","","0","None","","0","None","","0","None","","0","None","","0","None","","0","None","","0","None","","0","None","",""
ZombiePreTitle,"All","0","0","False","False","SetNameParameter","PreTitle|Big/Little/Old/Lost/Tired","1","SetNameParameter","PreTitlePrefix|Gut/Puke/Slime/Ick/Sewage/Corpse","1","SetNameParameter","PreTitleSuffix|maker/taker/breaker/tamer/licker/master/father/mother","1","None","","0","None","","0","None","","0","None","","0","None","","0","None","","0","None","","0","None","","0","None","","0","None","",""
ZombieOfTitle,"All","0","0","False","False","SetNameParameter","OfTitleFirst|Eater/Hoarder/Holder/Lover/Coveter/Bride/Husband/Gobbler/Taker/Lord","1","SetNameParameter","OfTitleSecond|Foulness/Wretchedness/Darkness/Sickness/Pustules/Slime/Night/Disease/Filth","1","None","","0","None","","0","None","","0","None","","0","None","","0","None","","0","None","","0","None","","0","None","","0","None","","0","None","",""
AutomataName,"All","0","0","False","False","GoToNameSpawnRow","PickFormat","1","GoToNameSpawnRow","AutomataNameStyle","1","GoToNameSpawnRow","AutomataOfTitle","1","SetNameParameter","TheTitle|Efficient/Eternal/Lifeless/Ember-Fueled/Driven/Sleepless/Rusty/Seeking/Calculating/Soulless/Defective/Unreasoning/Broken/Precise","1","GoToNameSpawnRow","AutomataPreTitle","1","GoToNameSpawnRow","AutomataPackRoles","1","None","","0","None","","0","None","","0","None","","0","None","","0","None","","0","None","",""
AutomataNameStyle,"Pick","0","0","False","False","GoToNameSpawnRow","AutomataGibberishPrefixSuffix","1","GoToNameSpawnRow","AutomataEnglishPrefixSuffix","1","None","","0","None","","0","None","","0","None","","0","None","","0","None","","0","None","","0","None","","0","None","","0","None","","0","None","",""
AutomataGibberishPrefixSuffix,"All","0","0","False","False","SetNameParameter","BaseName|{Prefix}{Suffix}","1","SetNameParameter","Prefix|Zap/Fizz/1101001/10010011/ELSE/IF/SELECTFROM/DROP","1","SetNameParameter","Suffix|Fix/Zif/IF/OR/NOT/ARRAY/TABLES","1","None","","0","None","","0","None","","0","None","","0","None","","0","None","","0","None","","0","None","","0","None","","0","None","",""
AutomataEnglishPrefixSuffix,"All","0","0","False","False","SetNameParameter","BaseName|{Prefix}{Suffix}","1","SetNameParameter","Prefix|Auto/Mechano/Steam/Electro","1","SetNameParameter","Suffix|pile/loader/patroller/seeker/worker/unit","1","None","","0","None","","0","None","","0","None","","0","None","","0","None","","0","None","","0","None","","0","None","","0","None","",""
AutomataPreTitle,"All","0","0","False","False","SetNameParameter","PreTitle|Supreme/First/Last/Ultimate","1","SetNameParameter","PreTitlePrefix|Circuit/Steam/Gear/Cogs","1","SetNameParameter","PreTitleSuffix|maker/taker/breaker/tamer/defender/master","1","None","","0","None","","0","None","","0","None","","0","None","","0","None","","0","None","","0","None","","0","None","","0","None","",""
AutomataOfTitle,"All","0","0","False","False","SetNameParameter","OfTitleFirst|Keeper/Minder/Selector/Collector","1","SetNameParameter","OfTitleSecond|Treasures/Relics/Legacy/the Mountain/Night","1","None","","0","None","","0","None","","0","None","","0","None","","0","None","","0","None","","0","None","","0","None","","0","None","","0","None","",""
HyvidName,"All","0","0","False","False","GoToNameSpawnRow","PickFormatNoPostTitle","1","GoToNameSpawnRow","HyvidGibberishPrefixSuffix","1","GoToNameSpawnRow","HyvidOfTitle","1","SetNameParameter","TheTitle|Stinging/Stinger/Slicer/Viscious/Screeching/Clattering/Quick/Many-Limbed/Hatcher","1","GoToNameSpawnRow","HyvidPreTitle","1","GoToNameSpawnRow","HyvidPackRoles","1","None","","0","None","","0","None","","0","None","","0","None","","0","None","","0","None","",""
HyvidGibberishPrefixSuffix,"All","0","0","False","False","SetNameParameter","BaseName|{Prefix}{Suffix}","1","SetNameParameter","Prefix|Klick/Klack/Kir'/Kith'/Naz'/Skri'/Shak/Krri/Zzith'/Zzip/Shi/Shiri/Klis/Iss/Vrii/Vrre/Xik/Xikki","1","SetNameParameter","Suffix|li/iz/yi/yo/yik/yiz/ssi/ski/sh'a/ik","1","None","","0","None","","0","None","","0","None","","0","None","","0","None","","0","None","","0","None","","0","None","","0","None","",""
HyvidPreTitle,"All","0","0","False","False","SetNameParameter","PreTitle|Keeper/Stinger/Poisoner/Toxic/Singer/Cutter/Slicer/Spitter/Burrower","1","SetNameParameter","PreTitlePrefix|Hive/Swarm/Wing/Bug/Hum","1","SetNameParameter","PreTitleSuffix|lord/leader/singer/keeper/lurker/burrower","1","None","","0","None","","0","None","","0","None","","0","None","","0","None","","0","None","","0","None","","0","None","","0","None","",""
VolturaName,"All","0","0","False","False","GoToNameSpawnRow","PickFormat","1","GoToNameSpawnRow","VolturaNameStyle","1","GoToNameSpawnRow","VolturaOfTitle","1","SetNameParameter","TheTitle|Zapper/Tinkerer/Nestbuilder/Nester/Wingleader/Inventor/Hoarder/Brilliant/Scientist/Remade/Mechanical/Scavenger/Gadgetee/Discoverer","1","GoToNameSpawnRow","VolturaPreTitle","1","GoToNameSpawnRow","VolturaPackRoles","1","None","","0","None","","0","None","","0","None","","0","None","","0","None","","0","None","",""
VolturaNameStyle,"Pick","0","0","False","False","GoToNameSpawnRow","VolturaGibberishPrefixSuffix","1","GoToNameSpawnRow","VolturaEnglishPrefixSuffix","1","None","","0","None","","0","None","","0","None","","0","None","","0","None","","0","None","","0","None","","0","None","","0","None","","0","None","",""
VolturaGibberishPrefixSuffix,"All","0","0","False","False","SetNameParameter","BaseName|{Prefix}{Suffix}","1","SetNameParameter","Prefix|Kaw/Vraw/Vrawk/Wroo/Vri/Klaw/Klack/Viki/Kiky/Floo/Fli/Flaw","1","SetNameParameter","Suffix|kaw/kli/ri/how/flawk/'awk/swi","1","None","","0","None","","0","None","","0","None","","0","None","","0","None","","0","None","","0","None","","0","None","","0","None","",""
VolturaEnglishPrefixSuffix,"All","0","0","False","False","SetNameParameter","BaseName|{Prefix}{Suffix}","1","SetNameParameter","Prefix|Hook/Hoot/Wing/Squawk/Tech/Flock/Talon","1","SetNameParameter","Suffix|beak/miser/flocker/flapper/slash/'nok/feather","1","None","","0","None","","0","None","","0","None","","0","None","","0","None","","0","None","","0","None","","0","None","","0","None","",""
VolturaPreTitle,"All","0","0","False","False","SetNameParameter","PreTitle|Little/Tinkerer/Engineer/Pilferer/Snatcher/Robber/Collector/Archaeologist","1","SetNameParameter","PreTitlePrefix|Wing/Squawk/Flock/Feather/Flight/Talon","1","SetNameParameter","PreTitleSuffix|preener/lord/leader/licker/tinkerer/master/lover/mother/father/nester/haver","1","None","","0","None","","0","None","","0","None","","0","None","","0","None","","0","None","","0","None","","0","None","","0","None","",""
HyvidOfTitle,"All","0","0","False","False","SetNameParameter","OfTitleFirst|Skitterer/Swarmer","1","SetNameParameter","OfTitleSecond|Night/Hill/Tunnel","1","None","","0","None","","0","None","","0","None","","0","None","","0","None","","0","None","","0","None","","0","None","","0","None","","0","None","",""
VolturaOfTitle,"All","0","0","False","False","SetNameParameter","OfTitleFirst|Hoarder/Keeper/Collector/Master/Lover/User/Maker/Holder/Grabber/Smasher","1","SetNameParameter","OfTitleSecond|Gadgets/Trinkets/Shocks/Clockwork/Gears/Shinies/Machines/Antiquities/Old Things/Jewels/Gold","1","None","","0","None","","0","None","","0","None","","0","None","","0","None","","0","None","","0","None","","0","None","","0","None","","0","None","",""
MossratName,"All","0","0","False","False","GoToNameSpawnRow","PickFormat","1","GoToNameSpawnRow","MossratEnglishPrefixSuffix","1","GoToNameSpawnRow","MossratOfTitle","1","SetNameParameter","TheTitle|Burrower/Eater/Napper/Sleeper/Taker/Filthy/Mossy/Old/Sour/Ravenous/Rabid","1","GoToNameSpawnRow","MossratPreTitle","1","GoToNameSpawnRow","MossratPackRoles","1","None","","0","None","","0","None","","0","None","","0","None","","0","None","","0","None","",""
MossratEnglishPrefixSuffix,"All","0","0","False","False","SetNameParameter","BaseName|{Prefix}{Suffix}","1","SetNameParameter","Prefix|Snout/Nose/Nibble/Whisker/Moss/Grass/Fur","1","SetNameParameter","Suffix|snok/nubber/whisk/mock/nibble/fur","1","None","","0","None","","0","None","","0","None","","0","None","","0","None","","0","None","","0","None","","0","None","","0","None","",""
MossratOfTitle,"All","0","0","False","False","SetNameParameter","OfTitleFirst|Keeper/Hoarder/Pilferer/Eater/Grabber/Lover/Nibbler","1","SetNameParameter","OfTitleSecond|Acorns/Limbs/Snacks/People/Grass/Dirt/Stones/Bark","1","None","","0","None","","0","None","","0","None","","0","None","","0","None","","0","None","","0","None","","0","None","","0","None","","0","None","",""
MossratPreTitle,"All","0","0","False","False","SetNameParameter","PreTitle|Angry/Scary/Big/Little/Old/Rancid/Sneaky/Unwanted","1","SetNameParameter","PreTitlePrefix|Nibble/Nobble/Whisker/Snout/Snort","1","SetNameParameter","PreTitleSuffix|licker/burrower/limb/snot/scurry","1","None","","0","None","","0","None","","0","None","","0","None","","0","None","","0","None","","0","None","","0","None","","0","None","",""
NetherlingName,"All","0","0","False","False","GoToNameSpawnRow","PickFormat","1","GoToNameSpawnRow","NetherlingNameStyle","1","GoToNameSpawnRow","NetherlingOfTitle","1","SetNameParameter","TheTitle|Devourer/Hungry/Insatiable/Ravenous/Greedy/Round/Many-Mouthed/Broken/Wild/Incorrigible/Corrupted/Foul/Roller/Nibbler/Mistake/Failure","1","GoToNameSpawnRow","NetherlingPreTitle","1","GoToNameSpawnRow","NetherimPackRoles","1","None","","0","None","","0","None","","0","None","","0","None","","0","None","","0","None","",""
NetherlingNameStyle,"Pick","0","0","False","False","GoToNameSpawnRow","NetherimGibberishPrefixSuffix","1","GoToNameSpawnRow","NetherlingEnglishPrefixSuffix","1","None","","0","None","","0","None","","0","None","","0","None","","0","None","","0","None","","0","None","","0","None","","0","None","","0","None","",""
NetherlingEnglishPrefixSuffix,"All","0","0","False","False","SetNameParameter","BaseName|{Prefix}{Suffix}","1","SetNameParameter","Prefix|Tooth/Bite/Maw/Jaw/Snap/Drool/Chomp/Nibble/Hunger/Foul/Round/Mangle/Rip/Shred","1","SetNameParameter","Suffix|shredder/master/mother/father/lord/nibbler/ripper/mangler/snarl/roll/tumble/bobble/lobber/roller/hound","1","None","","0","None","","0","None","","0","None","","0","None","","0","None","","0","None","","0","None","","0","None","","0","None","",""
NetherlingPreTitle,"All","0","0","False","False","SetNameParameter","PreTitle|Wrecker/Devourer/Hungerer/Tooth-Haver/Toothy/Fetid/Amin/Jurion/Alion/Rwan/Yurion/Turon/Biter/Snacker/Nibbler/Hungerer/Muncher","1","SetNameParameter","PreTitlePrefix|Tooth/Bite/Hate/Anger/Drool/Saliva/Nibble/Snack/Meal","1","SetNameParameter","PreTitleSuffix|maker/taker/breaker/lord/master/bearer","1","None","","0","None","","0","None","","0","None","","0","None","","0","None","","0","None","","0","None","","0","None","","0","None","",""
NetherlingOfTitle,"All","0","0","False","False","SetNameParameter","OfTitleFirst|Servant/Holder/Breaker/Stealer/Usurper/Herald/Harbinger","1","SetNameParameter","OfTitleSecond|Misery/Bites/Flesh/Suffering/Nibbles/Limbs/Bones/Snacks/Chomps/Munches/Guts/Organs/Livers/Prio'ratha/An'yul/Than'kri/Thul'irak/Tha'ni'grosk","1","None","","0","None","","0","None","","0","None","","0","None","","0","None","","0","None","","0","None","","0","None","","0","None","","0","None","",""
NetherimName,"All","0","0","False","False","GoToNameSpawnRow","PickFormat","1","GoToNameSpawnRow","NetherimNameStyle","1","GoToNameSpawnRow","NetherimOfTitle","1","SetNameParameter","TheTitle|Devourer/Hungry/Insatiable/Ravenous/Greedy/Divine/Many-Mouthed/Broken/Wild/Incorrigible/Corrupted/Foul/Godly/Herald/Mangler/Ender/Many-Eyed/Many-Limbed/Many/Numerous/Overlord/Master/Savior/God-Eater/Disciple","1","GoToNameSpawnRow","NetherimPreTitle","1","GoToNameSpawnRow","NetherimPackRoles","1","None","","0","None","","0","None","","0","None","","0","None","","0","None","","0","None","",""
NetherimNameStyle,"Pick","0","0","False","False","GoToNameSpawnRow","NetherimGibberishPrefixSuffix","4","GoToNameSpawnRow","NetherimEnglishPrefixSuffix","1","None","","0","None","","0","None","","0","None","","0","None","","0","None","","0","None","","0","None","","0","None","","0","None","","0","None","",""
NetherimGibberishPrefixSuffix,"All","0","0","False","False","SetNameParameter","BaseName|{Prefix}{Suffix}","1","SetNameParameter","Prefix|Cth'/Cth/Ssi/Kith/Kil'/Sin/Xe/Xou/Xi'/Thu'/Thu/Cl'/Tha'/Thana/Gnilth/Nith/Prion/Yyith/Yyu/Yyng/Zenzi/Za'/Zakra'/Zether/Zed/Zeon/Ze'/Ziw'","1","SetNameParameter","Suffix|na/kil/ni/gyi/koru/kza/rim/ardrak/zim/zimrok/rokura/rokur/yur/romak/thul/tos/onthun/anthen/anwriz/an'durath/ssadrath","1","None","","0","None","","0","None","","0","None","","0","None","","0","None","","0","None","","0","None","","0","None","","0","None","",""
NetherimEnglishPrefixSuffix,"All","0","0","False","False","SetNameParameter","BaseName|{Prefix}{Suffix}","1","SetNameParameter","Prefix|Fury/Anger/Maw/Jaw/Snap/Limb/Eye/Dark/Fear/Mangle/Rip/Shred/Doom/Sorrow/Din/Discord","1","SetNameParameter","Suffix|shredder/master/mother/father/lord/wrecker/herald/prophet/sin/saint/bringer/claw/shock/hound/gheist/ghoul/spirit/eater","1","None","","0","None","","0","None","","0","None","","0","None","","0","None","","0","None","","0","None","","0","None","","0","None","",""
NetherimPreTitle,"All","0","0","False","False","SetNameParameter","PreTitle|Wrecker/Devourer/Hungerer/Tentacle-Lord/Toothy/Fetid/Amin/Jurion/Alion/Rwan/Yurion/Turon/Ripper/Minder/Watcher/Hungerer/Rouser/Prelate","1","SetNameParameter","PreTitlePrefix|God-/Mind-/Void-/Null-/End-/Oblivion-/Calamity-/Apocalypse-/Doom-/Arch-","1","SetNameParameter","PreTitleSuffix|Bringer/Taker/Breaker/Saint/Bearer/Tender/Prince/King/Lord/Prophet/Prelate/Priest/Bishop/Cleric","1","None","","0","None","","0","None","","0","None","","0","None","","0","None","","0","None","","0","None","","0","None","","0","None","",""
NetherimOfTitle,"All","0","0","False","False","SetNameParameter","OfTitleFirst|Servant/Master/Breaker/Stealer/Usurper/Herald/Harbinger/Prophet/King/Bearer/Lord/Protector/Serpent/God/Scribe/Prince/Princess/Archon/Whisperer/Bishop","1","SetNameParameter","OfTitleSecond|Misery/the Void/Flesh/Suffering/Suffering/Annihilations/Undoings/the Endtimes/the Apocalypse/Maelstroms/the Void/Decay/Nothingness/the End/the Mother/Dismay/Cacophony/the Merge/the Endless/the Infinite/Emptiness/Nothings/Lies/No One/No Place/the Unfathomable/Nowhere/Blasphemous/Sin/the Sins/Prio'ratha/An'yul/Than'kri/Thul'irak/Tha'ni'grosk","1","None","","0","None","","0","None","","0","None","","0","None","","0","None","","0","None","","0","None","","0","None","","0","None","","0","None","",""
StoneElementalName,"All","0","0","False","False","GoToNameSpawnRow","PickFormat","1","GoToNameSpawnRow","StoneElementalNameStyle","1","GoToNameSpawnRow","StoneElementalOfTitle","1","SetNameParameter","TheTitle|Colossal/Behemoth/Mountain/Tower/Titan/Colossus/Indomitable/Unbreakable/Earthen/Rooted/Crumbling/Crumbled/Cracked/Mossy/Towering/Titanic/Tumbling/Rolling/Rumbling/Thunderous/Dense/Slow/Old/Ancient/Original/Elden/Elder/Ancestor","1","GoToNameSpawnRow","StoneElementalPreTitle","1","GoToNameSpawnRow","StoneElementalPackRoles","1","None","","0","None","","0","None","","0","None","","0","None","","0","None","","0","None","",""
StoneElementalNameStyle,"Pick","0","0","False","False","GoToNameSpawnRow","StoneElementalGibberishPrefixSuffix","1","GoToNameSpawnRow","StoneElementalEnglishPrefixSuffix","1","None","","0","None","","0","None","","0","None","","0","None","","0","None","","0","None","","0","None","","0","None","","0","None","","0","None","",""
StoneElementalGibberishPrefixSuffix,"All","0","0","False","False","SetNameParameter","BaseName|{Prefix}{Suffix}","1","SetNameParameter","Prefix|Kol/Kar/Khan/Rak/Rahk/Rak/Urk/Ur/Aur/Lurk/Lurch/Luru/Lak/Lark/Thun/Thunk/Thud/Than/Thol/Thyr/Thyn/Tyr/Tyn/Lyn/Rhyd/Rhys/Rhyer/He/Amyth/Diam","1","SetNameParameter","Suffix|rock/rahn/ryal/roll/liss/ix/ite/isrix/'balon/'balor/'thun/'undur/adem/adun/kadon/karis/'undun/eris/mite/mithis","1","None","","0","None","","0","None","","0","None","","0","None","","0","None","","0","None","","0","None","","0","None","","0","None","",""
StoneElementalEnglishPrefixSuffix,"All","0","0","False","False","SetNameParameter","BaseName|{Prefix}{Suffix}","1","SetNameParameter","Prefix|Stone/Rock/Ground/Earth/Boulder/Tower/Titan/Moss/Amber/Brick/Thunder/Mountain/Peak/Summit/Doom/Shatter/Shock/Lumber/Range/Ridge/Valley/Dale/River","1","SetNameParameter","Suffix|builder/sunder/lugger/bonker/trucker/heaver/bearer/load/bringer/lord/-King/-God/-Titan/titan/maker/rattler/thunderer/ruler/crusher/killer/-Prince/","1","None","","0","None","","0","None","","0","None","","0","None","","0","None","","0","None","","0","None","","0","None","","0","None","",""
StoneElementalPreTitle,"All","0","0","False","False","SetNameParameter","PreTitle|Duke/Titan/Herald/Earthen/Old/Ancient/Heavy/Burdened/Bleak/Boulder-lord/Rock/Mt./Guardian/Keeper/Protector/Mother/Primordial","1","SetNameParameter","PreTitlePrefix|Rock/Earth/Thunder/Boulder/Stone/Moss/Ground/Sediment/Dirt/Clay/River/Silt/Gravel/Pebble/Crystal/Stout/Terrain/Granite","1","SetNameParameter","PreTitleSuffix|bringer/bearer/breaker/lord/sword/tumbler/king/swinger/crusher/roller/maker/builder/burrower/golem","1","None","","0","None","","0","None","","0","None","","0","None","","0","None","","0","None","","0","None","","0","None","","0","None","",""
StoneElementalOfTitle,"All","0","0","False","False","SetNameParameter","OfTitleFirst|Bearer/Bringer/Lord/Keeper/Guardian/Mountain/Tower/Summit/Ruler/Master/Overseer/Gardener/Grower","1","SetNameParameter","OfTitleSecond|Fissures/Tremors/Quakes/Earthquakes/Rocks/Pebbles/Mountains/Lava/Mysteries/Stoicism/Loneliness/Solitude/Shattered Things/Shattering/Sundering/Breaking/Doom/Ancient Things/Ancient Times/the Ancients/the Stonelore/Stones/Knowledge","1","None","","0","None","","0","None","","0","None","","0","None","","0","None","","0","None","","0","None","","0","None","","0","None","","0","None","",""
Map_PickFormat,"Pick","0","0","False","False","InitializeName","{BaseName} of {OfTitle}","25","InitializeName","{Adjective} {BaseName}","25","InitializeName","{Superlative} {Adjective} {BaseName}","2","InitializeName","{BaseName} of {OfTitle} and {OfTitle2}","1","InitializeName","{Adjective} {Adjective2} {BaseName}","1","InitializeName","{Adjective} {BaseName} of {OfTitle}","3","InitializeName","The {BaseName} {Special}","3","InitializeName","The {Adjective} {BaseName} {Special}","1","None","","0","None","","0","None","","0","None","","0","None","",""
Map_GoblinForestName,"All","0","0","False","False","GoToNameSpawnRow","Map_PickFormat","1","SetNameParameter","BaseName|Forest/Glen/Thicket/Clearing/Woods/Growth/Valley/Dale/Undergrowth/Field/Grove","1","GoToNameSpawnRow","Map_GoblinForestAdjective","1","SetNameParameter","Superlative|Very/Old/Now/Once/Mostly","1","GoToNameSpawnRow","Map_GoblinForestOfTitle","1","SetNameParameter","OfTitle2|{OfTitle}","1","GoToNameSpawnRow","Map_GoblinForestOfTitle","1","SetNameParameter","Adjective2|{Adjective}","1","GoToNameSpawnRow","Map_GoblinForestAdjective","1","SetNameParameter","Special|Within/Below/Dire/Most Foul/Without Name/Not Found/Undisturbed/Above/That Sings/That Confounds/That Lurks","1","None","","0","None","","0","None","",""
Map_GoblinForestOfTitle,"All","0","0","False","False","SetNameParameter","OfTitle|Beasts/Broken Things/Ancients/Night/Death/Sorrow/Filth/Fiends/Foulness/Laughter/Fright/Fear/Wildness/Wild Things/Wretchedness/Tragedy/Souls/Wanderers/Battle","1","None","","0","None","","0","None","","0","None","","0","None","","0","None","","0","None","","0","None","","0","None","","0","None","","0","None","","0","None","",""
Map_GoblinForestAdjective,"All","0","0","False","False","SetNameParameter","Adjective|Dark/Hostile/Old/North/Teeming/Lost/Perilous/Dangerous/Ancient/Inhospitable/Cackling/Drifting/Endless/Sour/Rotten/Fetid/Damp/Moist/Green/Dank","1","None","","0","None","","0","None","","0","None","","0","None","","0","None","","0","None","","0","None","","0","None","","0","None","","0","None","","0","None","",""
Map_CemeteryName,"All","0","0","False","False","GoToNameSpawnRow","Map_PickFormat","1","SetNameParameter","BaseName|Cemetery/Cloister/Glen/Vaults/Haunt/Ruin/Clearing/Graveyard/Waste/Trench/Dale/Fog/Field/Tomb","1","GoToNameSpawnRow","Map_CemeteryAdjective","1","SetNameParameter","Superlative|Very/Old/Now/Once/Never","1","GoToNameSpawnRow","Map_CemeteryOfTitle","1","SetNameParameter","OfTitle2|{OfTitle}","1","GoToNameSpawnRow","Map_CemeteryOfTitle","1","SetNameParameter","Adjective2|{Adjective}","1","GoToNameSpawnRow","Map_CemeteryAdjective","1","SetNameParameter","Special|Beneath/Below/Behind/Without End/Without Name/That Howls/Most Dire/That Has Always Existed/Unknown/Forlorn","1","None","","0","None","","0","None","",""
Map_CemeteryOfTitle,"All","0","0","False","False","SetNameParameter","OfTitle|Beasts/Broken Things/Ancients/Night/Death/Sorrow/Filth/Fiends/Foulness/Spirits/Fright/Fear/Pain/Wretchedness/Tragedy/Souls/Wanderers/the Damned/the Broken/the Lost/the Doomed/the Old/the Restless/Yore","1","None","","0","None","","0","None","","0","None","","0","None","","0","None","","0","None","","0","None","","0","None","","0","None","","0","None","","0","None","",""
Map_CemeteryAdjective,"All","0","0","False","False","SetNameParameter","Adjective|Dark/Restless/Awoken/Old/Ancient/Mossy/Dead/Broken/Lonely/Wailing/Collapsed/Awoken/Doomed/Stormy/Sad/Frightful/Dilapidated/Haunted/Desanctified/Deconsecrated/Sacred","1","None","","0","None","","0","None","","0","None","","0","None","","0","None","","0","None","","0","None","","0","None","","0","None","","0","None","","0","None","",""
Map_GoblinCaveName,"All","0","0","False","False","GoToNameSpawnRow","Map_PickFormat","1","SetNameParameter","BaseName|Pit/Descent/Crawl/Tomb/Cave/Den/Lair/Cavern/Crawlspace/Mine/Abyss/Portal/Spiral/Place/Underhole","1","GoToNameSpawnRow","Map_GoblinCaveAdjective","1","SetNameParameter","Superlative|Very/Old/Now/Once/Mostly/Newly","1","GoToNameSpawnRow","Map_GoblinCaveOfTitle","1","SetNameParameter","OfTitle2|{OfTitle}","1","GoToNameSpawnRow","Map_GoblinCaveOfTitle","1","SetNameParameter","Adjective2|{Adjective}","1","GoToNameSpawnRow","Map_GoblinCaveAdjective","1","SetNameParameter","Special|Below/Beneath/Before/That Glistens/That Speaks/That Whispers/Without Sound/Without Name/Without Bounds/Older Than All/Undying","1","None","","0","None","","0","None","",""
Map_GoblinCaveOfTitle,"All","0","0","False","False","SetNameParameter","OfTitle|the Lost/the Lurking/Secrets/Death/Sadness/Silver/Dying/Restless Things/Screams/Woe/Wounds/Dishonor/Drumbeats/Candlelight/Lost Knowledge/Unknowing/Calamity/Collapse/Degradation/Doom/Howling/Trouble","1","None","","0","None","","0","None","","0","None","","0","None","","0","None","","0","None","","0","None","","0","None","","0","None","","0","None","","0","None","",""
Map_GoblinCaveAdjective,"All","0","0","False","False","SetNameParameter","Adjective|Dark/Hostile/Old/North/Teeming/Lost/Perilous/Dangerous/Ancient/Inhospitable/Cackling/Drifting/Endless/Sour/Rotten/Fetid/Damp/Green/Dank/Dour/Gloomy/Eerie/Unfeeling/Foul/Cold","1","None","","0","None","","0","None","","0","None","","0","None","","0","None","","0","None","","0","None","","0","None","","0","None","","0","None","","0","None","",""
Map_InfestedForestName,"All","0","0","False","False","GoToNameSpawnRow","Map_PickFormat","1","SetNameParameter","BaseName|Field/Growth/Plains/Expanse/Emergence/Place/Grove/Valley/Canyon/Hatchery/Eruption/Desert/Collapse/Bog/Swamp/Bower","1","GoToNameSpawnRow","Map_InfestedForestAdjective","1","SetNameParameter","Superlative|Old/Now/Once","1","GoToNameSpawnRow","Map_InfestedForestOfTitle","1","SetNameParameter","OfTitle2|{OfTitle}","1","GoToNameSpawnRow","Map_InfestedForestOfTitle","1","SetNameParameter","Adjective2|{Adjective}","1","GoToNameSpawnRow","Map_InfestedForestAdjective","1","SetNameParameter","Special|Below/Beneath/Before/That Glistens/That Speaks/That Whispers/Without Sound/Without Name/Without Bounds/Older Than All/Undying","1","None","","0","None","","0","None","",""
Map_InfestedForestOfTitle,"All","0","0","False","False","SetNameParameter","OfTitle|Crawling Things/Many Limbs/Sickness/Spawning/Hatching Things/Buzzing Things/Rot/Grime/Goo/Slime/Acid/Poison/Infestation/Death/Foulness","1","None","","0","None","","0","None","","0","None","","0","None","","0","None","","0","None","","0","None","","0","None","","0","None","","0","None","","0","None","",""
Map_InfestedForestAdjective,"All","0","0","False","False","SetNameParameter","Adjective|Chittering/Vibrating/Dripping/Crawling/Lurking/Foul/Fetid/Fresh/Many-Eyed/Singing/Birthing/Growing/Unending/Ossified/Labyrinthine","1","None","","0","None","","0","None","","0","None","","0","None","","0","None","","0","None","","0","None","","0","None","","0","None","","0","None","","0","None","",""
Map_InfestedCaveName,"All","0","0","False","False","GoToNameSpawnRow","Map_PickFormat","1","SetNameParameter","BaseName|Pit/Descent/Crawl/Delve/Cave/Den/Lair/Cavern/Dark/Tunnels/Abyss/Spiral/Chrysalis/Burrow/Warren/Colony/Hive","1","GoToNameSpawnRow","Map_InfestedCaveAdjective","1","SetNameParameter","Superlative|Old/Now/Once","1","GoToNameSpawnRow","Map_InfestedCaveOfTitle","1","SetNameParameter","OfTitle2|{OfTitle}","1","GoToNameSpawnRow","Map_InfestedCaveOfTitle","1","SetNameParameter","Adjective2|{Adjective}","1","GoToNameSpawnRow","Map_InfestedCaveAdjective","1","SetNameParameter","Special|Below/Beneath/Before/That Glistens/That Speaks/That Whispers/Without Sound/Without Name/Without Bounds/Older Than All/Undying","1","None","","0","None","","0","None","",""
Map_InfestedCaveOfTitle,"All","0","0","False","False","SetNameParameter","OfTitle|Crawling Things/Many Limbs/Fresh Life/Spawning/Hatching Things/Buzzing Things/Rot/Grime/Goo/Slime/Acid/Poison/Infestation/Death/Foulness","1","None","","0","None","","0","None","","0","None","","0","None","","0","None","","0","None","","0","None","","0","None","","0","None","","0","None","","0","None","",""
Map_InfestedCaveAdjective,"All","0","0","False","False","SetNameParameter","Adjective|Chittering/Vibrating/Dripping/Crawling/Lurking/Foul/Fetid/Fresh/Many-Eyed/Singing/Birthing/Growing/Unending","1","None","","0","None","","0","None","","0","None","","0","None","","0","None","","0","None","","0","None","","0","None","","0","None","","0","None","","0","None","",""
Map_EchoInteriorName,"All","0","0","False","False","GoToNameSpawnRow","Map_PickFormat","1","SetNameParameter","BaseName|Stash/Library/Hall/Delve/Den/Expanse/Cache/Storage/Warehouse/Tunnel/Hollow/Spiral/Palace/Dome/Estate/Hold/Home/Enclave/Sanctuary/Rock/Redoubt/Fortress/Cavern/Dormitory/Living Space/Residence/Capital/Bunker/Deep/Chasm/Quarter/Factory/Mall/Road/Haven/Highway/Route/Ruin/Temple/Tomb/Collapse/Shelter/Shield/Bulwark/Zoo/Promenade/Escalation/Prison/Barracks/Garrison/Grotto/Center/Tavern/Scrap Heap/Heap","1","GoToNameSpawnRow","Map_EchoAdjective","1","SetNameParameter","Superlative|Old/Formerly/Once/No Longer","1","GoToNameSpawnRow","Map_EchoOfTitle","1","SetNameParameter","OfTitle2|{OfTitle}","1","GoToNameSpawnRow","Map_EchoOfTitle","1","SetNameParameter","Adjective2|{Adjective}","1","GoToNameSpawnRow","Map_EchoAdjective","1","SetNameParameter","Special|Below/Beneath/Before/That Glistens/That Resounds/That Whispers/Without Sound/Without Name/Without Bounds","1","None","","0","None","","0","None","",""
Map_EchoOfTitle,"All","0","0","False","False","SetNameParameter","OfTitle|Quiet/Awe/Gemstones/Gold/Scholars/Scribes/Researchers/Science/Notes/Smiths/Drums/Riches/Plunder/Death/Wonder/Beauty/Secrets/Sorrow/Ancients/Ancestors/Destiny/Anthems/Songs/Music/Joy/Sadness/Loss/Silence/Loneliness/Misery/Woe/the Lost/Thinkers/Scientists/Dreamers/Memory/Avarice/Diamonds/Secret Things/Lost Things/Enchanted Things/Wisdom/Lost Wisdom/Decay/Grandeur/Mirrors/Traps/Hammers/Craftswomen/Engineers/Cannons/Artillery/Art/Magma/Poetry/Poets/Gamblers/Wine/Mead/Gossip/Spirits/Old Things/Forgotten Things/Unknown Origins/Scavengers/Greed","1","None","","0","None","","0","None","","0","None","","0","None","","0","None","","0","None","","0","None","","0","None","","0","None","","0","None","","0","None","",""
Map_EchoAdjective,"All","0","0","False","False","SetNameParameter","Adjective|Dwarven/Grim/Closed/Locked/Broken/Derelict/Lost/Woeful/Sad/Resonating/Secret/Powerful/Unending/Crafty/Erudite/Clever/Shining/Grand/Glimmering/Glorious/Great/Colossal/Gigantic/Masterful/Magnificent/Magnus/Monumental/Geometric/Forgotten/Dim/Quiet/Whispered/Whispering/Staid/Unassuming/Humble/Palatial/Greedy/Gloomy/Golden/Affluent/Encrusted/Eroding/Doomed/Dusty/Dour/Diamond/Enchanted/Spiritual/Condemned/Collapsed/Unused/Looming/Piercing/Molten/Unknown/Vulturous/Rapacious","1","None","","0","None","","0","None","","0","None","","0","None","","0","None","","0","None","","0","None","","0","None","","0","None","","0","None","","0","None","",""
Map_EchoExteriorName,"All","0","0","False","False","GoToNameSpawnRow","Map_PickFormat","1","SetNameParameter","BaseName|Climb/Road/Mountain/Descent/Ascent/Expanse/Spiral/Peak/Pinnacle/Cascade/Route/Ruin/Path/Pathway/Way/Trail/Delve/Switchback/Escalation/Fortress/Collapse/Chasm/Mine/Dam/Capital/Barrier/Approach/Pillar/Skyroad/Skyway/Overhang/Overlook/Vista/Valley/Howl/Outcrop/Fort/Waterway/Shortcut/Side/Window/Watchpoint/Watchtower/Vantage/Mount/Hill/River/Wild/Incline/Decline/Waypoint/Perch/Nest/Scrap-Nest/Winghome/Plateau","1","GoToNameSpawnRow","Map_EchoAdjective","1","SetNameParameter","Superlative|Old/Formerly/Once/No Longer","1","GoToNameSpawnRow","Map_EchoOfTitle","1","SetNameParameter","OfTitle2|{OfTitle}","1","GoToNameSpawnRow","Map_EchoOfTitle","1","SetNameParameter","Adjective2|{Adjective}","1","GoToNameSpawnRow","Map_EchoAdjective","1","SetNameParameter","Special|Below/Beneath/Before/That Glistens/That Resounds/That Whispers/Without Sound/Without Name/Without Bounds","1","None","","0","None","","0","None","",""
SpiderName,"All","0","0","False","False","GoToNameSpawnRow","PickFormatNoPostTitle","1","GoToNameSpawnRow","SpiderNameStyle","1","GoToNameSpawnRow","SpiderOfTitle","1","SetNameParameter","TheTitle|Creepy/Sneaky","1","GoToNameSpawnRow","SpiderPreTitle","1","GoToNameSpawnRow","SpiderPackRoles","1","None","","0","None","","0","None","","0","None","","0","None","","0","None","","0","None","",""
SpiderNameStyle,"Pick","0","0","False","False","GoToNameSpawnRow","SpiderGibberishPrefixSuffix","1","GoToNameSpawnRow","SpiderEnglishPrefixSuffix","1","None","","0","None","","0","None","","0","None","","0","None","","0","None","","0","None","","0","None","","0","None","","0","None","","0","None","",""
SpiderGibberishPrefixSuffix,"All","0","0","False","False","SetNameParameter","BaseName|{Prefix}{Suffix}","1","SetNameParameter","Prefix|Snerk/Araneae/Taranc/Spindler/Charlotte/Selya/Avan/Aria/Lana/Laria/Tarana/Tara/Septi/Tura/Tana/Gala/Shana/She/Ratula/Rata","1","SetNameParameter","Suffix|ly/shia/y/ula/na/'ala/shelock/she/shi/sila/sya/va/vina/velya/sina","1","None","","0","None","","0","None","","0","None","","0","None","","0","None","","0","None","","0","None","","0","None","","0","None","",""
SpiderEnglishPrefixSuffix,"All","0","0","False","False","SetNameParameter","BaseName|{Prefix}{Suffix}","1","SetNameParameter","Prefix|Long/Skitter/Clatter/Chitter/Snap/She/Snik/Web/Tendril/Fang/Lost/Wolf","1","SetNameParameter","Suffix|legs/limbs/venom/scatter/crawler/runner/weaver/spinner/widow/fang/eyes/mandible/eater","1","None","","0","None","","0","None","","0","None","","0","None","","0","None","","0","None","","0","None","","0","None","","0","None","",""
SpiderPreTitle,"All","0","0","False","False","SetNameParameter","PreTitle|Skitterer/Crawler/Hunter/Devourer/Capturer/Ravenous/Hungry/Lurking/Jumping/Leaping/Pendulous/Sneaking/Lost/Dank/Stridulating/Paralyzing","1","SetNameParameter","PreTitlePrefix|Harvest/Hairy/Venom/Snack/Slice/Biter/Hidden/Shadow/Masked/Spotted/Speckled/Dank","1","SetNameParameter","PreTitleSuffix|-lurker/-longlegs/-leaper/-recluse/-burrower/-hanger/-killer/-biter/-keeper/-weaver","1","None","","0","None","","0","None","","0","None","","0","None","","0","None","","0","None","","0","None","","0","None","","0","None","",""
SpiderOfTitle,"All","0","0","False","False","SetNameParameter","OfTitleFirst|Arachnid/Spider/Keeper/Guardian/Mother/Father/Brood/Widow/Lord/Lady/Weaver/Spinner/Wizard/Harvester/Sorceress","1","SetNameParameter","OfTitleSecond|Pests/Hunger/Thirst/Appetite/Shadows/Night/Poison/Webs/Stingers/Fangs/Cocoons/Paralysis/Lice/Silk/Globules","1","None","","0","None","","0","None","","0","None","","0","None","","0","None","","0","None","","0","None","","0","None","","0","None","","0","None","",""
PickFormatPackName,"All","0","0","False","False","InitializeName","{BaseName}","1","GoToNameSpawnRow","ExpandPackFormat","1","GoToNameSpawnRow","MaybeMakeNumberedPackName","1","None","","0","None","","0","None","","0","None","","0","None","","0","None","","0","None","","0","None","","0","None","","0","None","",""
ExpandPackFormat,"Pick","0","0","False","False","SetNameParameter","BaseName|{PackAdj} {PackNoun}","3","SetNameParameter","BaseName|{PackAdjPrefix}{PackAdjSuffix} {PackNoun}","1","SetNameParameter","BaseName|{PackPrefix}{PackSuffix}","2","None","","0","None","","0","None","","0","None","","0","None","","0","None","","0","None","","0","None","","0","None","","0","None","",""
MaybeMakeNumberedPackName,"Pick","3","0","False","False","GoToNameSpawnRow","MakeNumberedPackName","1","None","","0","None","","0","None","","0","None","","0","None","","0","None","","0","None","","0","None","","0","None","","0","None","","0","None","","0","None","",""
MakeNumberedPackName,"All","0","0","False","False","GoToNameSpawnRowByPackSize","MakeNumberedPackNameTwo|2","1","GoToNameSpawnRowByPackSize","MakeNumberedPackNameThree|3","1","GoToNameSpawnRowByPackSize","MakeNumberedPackNameFour|4","1","GoToNameSpawnRowByPackSize","MakeNumberedPackNameFive|5","1","GoToNameSpawnRowByPackSize","MakeNumberedPackNameSix|6","1","None","","0","None","","0","None","","0","None","","0","None","","0","None","","0","None","","0","None","",""
MakeNumberedPackNameTwo,"Pick","8","0","False","False","SetNameParameter","PackNoun|Duo/Pair","3","SetNameParameter","PackNoun|Duet/Dyad/Two","1","None","","0","None","","0","None","","0","None","","0","None","","0","None","","0","None","","0","None","","0","None","","0","None","","0","None","",""
MakeNumberedPackNameThree,"Pick","10","0","False","False","SetNameParameter","PackNoun|Trio/Triad/Triple","2","SetNameParameter","PackNoun|Trinity/Triplets","1","None","","0","None","","0","None","","0","None","","0","None","","0","None","","0","None","","0","None","","0","None","","0","None","","0","None","",""
MakeNumberedPackNameFour,"Pick","10","0","False","False","SetNameParameter","PackNoun|Quartet/Four","1","None","","0","None","","0","None","","0","None","","0","None","","0","None","","0","None","","0","None","","0","None","","0","None","","0","None","","0","None","",""
MakeNumberedPackNameFive,"Pick","10","0","False","False","SetNameParameter","PackNoun|Quintet/Five","1","None","","0","None","","0","None","","0","None","","0","None","","0","None","","0","None","","0","None","","0","None","","0","None","","0","None","","0","None","",""
MakeNumberedPackNameSix,"Pick","10","0","False","False","SetNameParameter","PackNoun|Sextet/Six","1","None","","0","None","","0","None","","0","None","","0","None","","0","None","","0","None","","0","None","","0","None","","0","None","","0","None","","0","None","",""
GoblinPackName,"All","0","0","False","False","GoToNameSpawnRow","PickFormatPackName","1","SetNameParameter","PackAdj|Grimy/Lecherous/Diabolical/Greedy/Gross/Gob/Filthy/Shadow/Spirit/Chanting/Obvious/Subtle/Sneaky/Sour/Imperial-Hating/Man-Eating/Hungry/Hangry/Horrible","1","SetNameParameter","PackNoun|Brothers/Sisters/Gobs/Company/Gang/Saboteurs/Killers/Criminals/Exiles/Nobodies/Pack/Siblings/Brigands/Thieves/Looters/Vultures","1","SetNameParameter","PackPrefix|Goo/Gob/Grim/Glib/Glot/Grit/Gris/Grin/Death/Buff/Ugg/Wogg/Wigg/Winn/Dinn/Logg/Trog","1","SetNameParameter","PackSuffix|bits/ettes/les/ies/alies/abies/boggles/bones/bonks","1","SetNameParameter","PackAdjPrefix|{Prefix}","1","SetNameParameter","PackAdjSuffix|{Suffix}","1","GoToNameSpawnRow","GoblinPrefixSuffix","1","None","","0","None","","0","None","","0","None","","0","None","",""
GoblinPackRoles,"All","0","0","False","False","SetNameParameter","PackRole|Recruit/Initiate/Soldier/Newbie/Member/Candidate/Fan/Leader/Wannabe/Militant/Officer","1","None","","0","None","","0","None","","0","None","","0","None","","0","None","","0","None","","0","None","","0","None","","0","None","","0","None","","0","None","",""
SkeletonPackName,"All","0","0","False","False","GoToNameSpawnRow","PickFormatPackName","1","SetNameParameter","PackAdj|Grim/Deathless/Dark/Broken/Chastised/Undying/Unkillable/Undead/Punished/Tortured/Pain/Sadistic/Dusty/Brittle/Unearthed/Risen/Fallen/Decaying/Decadent/Long-Dead","1","SetNameParameter","PackNoun|Brothers/Sisters/Bones/Company/Gang/Congregation/Killers/Criminals/Exiles/Nobodies/Filth/Remains/Brigands/Thieves/Looters/Corpses/Cadavers/Kings","1","SetNameParameter","PackPrefix|Grim/Break/Broke/Brittle/Dust/Dry/Foul/Dark/Lost/Death/Foul/Filth/Murk/Dead","1","SetNameParameter","PackSuffix|bones/shins/corpses/skulls/ribs/souls/limbs/knees/looters/fears/limbers","1","SetNameParameter","PackAdjPrefix|{Prefix}","1","SetNameParameter","PackAdjSuffix|{Suffix}","1","GoToNameSpawnRow","SkeletonNameStyle","1","None","","0","None","","0","None","","0","None","","0","None","",""
SkeletonPackRoles,"All","0","0","False","False","SetNameParameter","PackRole|Recruit/Initiate/Soldier/Warrior/Member/Guardian/Tomb Guard/Monarch/Militant/Vigilant/Watcher/Witness","1","None","","0","None","","0","None","","0","None","","0","None","","0","None","","0","None","","0","None","","0","None","","0","None","","0","None","","0","None","",""
ZombiePackName,"All","0","0","False","False","GoToNameSpawnRow","PickFormatPackName","1","SetNameParameter","PackAdj|Grim/Deathless/Dark/Broken/Chastised/Undying/Unkillable/Undead/Punished/Tortured/Pain/Sadistic/Dusty/Brittle/Unearthed/Risen/Fallen/Grimy/Gruesome/Pustulent/Disgusting/Stinking/Rotting/Decaying/Sickly/Sickened/Sickening/Moist/Bloated/Greedy/Pale","1","SetNameParameter","PackNoun|Brothers/Sisters/Flesh-Sacks/Company/Gang/Congregation/Killers/Criminals/Exiles/Nobodies/Filth/Remains/Brigands/Thieves/Looters/Corpses/Cadavers/Kings/Walkers/Reavers/Things","1","SetNameParameter","PackPrefix|Grim/Sick/Vomit/Moist/Slime/Puke/Foul/Dark/Lost/Death/Foul/Filth/Murk/Dead","1","SetNameParameter","PackSuffix|guts/pokers/corpses/fleshes/stealers/souls/limbs/ghouls/looters/fears/limbers","1","SetNameParameter","PackAdjPrefix|{Prefix}","1","SetNameParameter","PackAdjSuffix|{Suffix}","1","GoToNameSpawnRow","ZombieNameStyle","1","None","","0","None","","0","None","","0","None","","0","None","",""
ZombiePackRoles,"All","0","0","False","False","SetNameParameter","PackRole|Recruit/Initiate/Soldier/Warrior/Member/Guardian/Tomb Guard/Monarch/Militant/Vigilant/Watcher/Witness","1","None","","0","None","","0","None","","0","None","","0","None","","0","None","","0","None","","0","None","","0","None","","0","None","","0","None","","0","None","",""
AutomataPackName,"All","0","0","False","False","GoToNameSpawnRow","PickFormatPackName","1","SetNameParameter","PackAdj|Mechanical/Numerical/Statistical/Forge/Computational/Dwarf-Forged/Dwarven/Number/Stochastic/Euler/Golden/Robotic/Automatic/Automated/Steam","1","SetNameParameter","PackNoun|Machines/Guardians/Warriors/Crafters/Craftsmen/Craftswomen/Clan/Organization/Tenders/Company/Armada/Drones/Fleet/Army/Guardsmen/Guardswomen/Guards/Keepers/Kings","1","SetNameParameter","PackPrefix|Noise/Beep/Code/Machine/Steel/Gold/Iron/Steam/Vent","1","SetNameParameter","PackSuffix|workers/tenders/learners/makers/crafters/owners/lords/lings/miners","1","None","PackAdjPrefix|Gold/Steel/Steam/Iron/Code/Robo/Mountain","1","SetNameParameter","PackAdjSuffix|lord/god/works/forge/-tech/king/fire","1","None","","0","None","","0","None","","0","None","","0","None","","0","None","",""
AutomataPackRoles,"All","0","0","False","False","SetNameParameter","PackRole|Guardian/Keeper/Tender/Apprentice/Initiate/Leader/Herald/Hammer-lord/Bannerman/Bannerwoman/Warrior","1","None","","0","None","","0","None","","0","None","","0","None","","0","None","","0","None","","0","None","","0","None","","0","None","","0","None","","0","None","",""
HyvidPackName,"All","0","0","False","False","GoToNameSpawnRow","PickFormatPackName","1","SetNameParameter","PackAdj|Swarming/Parasite/Nest/Creep/Slimy/Reeking/Venomous/Toxic/Poisonous/Wing/Claw/Tendril/Skittering/Chittering/Vibrating/Infested/Vile/Nightmarish/Diseased","1","SetNameParameter","PackNoun|Swarm/Hive/Guardians/Keepers/Tenders/Lurkers/Burrowers/Strikers/Swarmers/Ambushers/Horrors/Nightmares/Flock/Army/Multitude/Crawlers","1","SetNameParameter","PackPrefix|Wing/Claw/Poison/Hive/Lair/Burrow/Vile/Night/Slime/Nest","1","SetNameParameter","PackSuffix|keepers/swarmers/lings/-knights/guard/lords/-patrol/manglers/lords/swarm","1","SetNameParameter","PackAdjPrefix|{Prefix}","1","SetNameParameter","PackAdjSuffix|{Suffix}","1","GoToNameSpawnRow","HyvidGibberishPrefixSuffix","1","None","","0","None","","0","None","","0","None","","0","None","",""
HyvidPackRoles,"All","0","0","False","False","SetNameParameter","PackRole|Drone/Queen/Slimer/Guardian/Keeper/Protector/Insect/Grub","1","None","","0","None","","0","None","","0","None","","0","None","","0","None","","0","None","","0","None","","0","None","","0","None","","0","None","","0","None","",""
NetherimPackName,"All","0","0","False","False","GoToNameSpawnRow","PickFormatPackName","1","SetNameParameter","PackAdj|Infinite/Endless/Horrifying/Cosmic/Tentacled/Many-Eyed/Eyeless/Empty/Void/Barren/Null/Searing/Prophetic/Unending/Nihilistic/Cataclysmic/Blasphemous/Defiled/Defiling/Starry","1","SetNameParameter","PackNoun|Reavers/Knights/Lords/Kings/Half-Gods/Company/Band/Void-Lords/Wreckers/Thieves/Usurpers/Defilers/Prophets/Vices/Army/Expanse/Destroyers/Obliterators/Brothers/Sisters/Horsemen/Horsewomen/Disciples","1","SetNameParameter","PackPrefix|Void-/Null-/Infinity-/Death-/End-/Dark-/Apocalypse-/Catastrophe-/Cataclysm-","1","SetNameParameter","PackSuffix|Bringers/Keepers/Lords/Defilers/Deniers/Dealers/Gods/Knowers/","1","SetNameParameter","PackAdjPrefix|{Prefix}","1","SetNameParameter","PackAdjSuffix|{Suffix}","1","GoToNameSpawnRow","NetherimNameStyle","1","None","","0","None","","0","None","","0","None","","0","None","",""
NetherimPackRoles,"All","0","0","False","False","SetNameParameter","PackRole|Recruit/Initiate/Soldier/Warrior/Member/Guardian/King/Queen/Monarch/Militant/Vigilant/Watcher/Witness/Prophet/Disciple/Priest/Cleric/Bishop","1","None","","0","None","","0","None","","0","None","","0","None","","0","None","","0","None","","0","None","","0","None","","0","None","","0","None","","0","None","",""
VolturaPackName,"All","0","0","False","False","GoToNameSpawnRow","PickFormatPackName","1","SetNameParameter","PackAdj|Scavenger/Wing/Inventor/Inventive/Genius/Chemical/Electric/Galvanized/Glorious/Flying/Vulture/Beak/Swoop/Squawk/Remade","1","SetNameParameter","PackNoun|Reavers/Knights/Engineers/Mechanics/Scavengers/Looters/Brigands/Ambushers/Patrol/Company/Pirates/Seekers/Birds/Brothers","1","SetNameParameter","PackPrefix|Squawk/Squeak/Quick/Wing/Claw/Beak/Crow/Vulture","1","SetNameParameter","PackSuffix|lings/-men/beaks/claws/lords/patrol","1","SetNameParameter","PackAdjPrefix|{Prefix}","1","SetNameParameter","PackAdjSuffix|{Suffix}","1","GoToNameSpawnRow","VolturaNameStyle","1","None","","0","None","","0","None","","0","None","","0","None","",""
VolturaPackRoles,"All","0","0","False","False","SetNameParameter","PackRole|Recruit/Initiate/Soldier/Warrior/Member/Guardian/King/Queen/Scavenger/Militant/Ruler/Nester/Flock-member/Nestling","1","None","","0","None","","0","None","","0","None","","0","None","","0","None","","0","None","","0","None","","0","None","","0","None","","0","None","","0","None","",""
SpiderPackName,"All","0","0","False","False","GoToNameSpawnRow","PickFormatPackName","1","SetNameParameter","PackAdj|Hungry/Viscid/Silky/Mandibled/Stridulating/Chittering/Nasty/Webbed/Silken/Weaver/Spinner/Widowed/Egg/Nest/Burrow/Hive/Bug/Many-Legged/Long-Jawed/Hairy","1","SetNameParameter","PackNoun|Brothers/Sisters/Widows/Mothers/Fathers/Deaths/Swarm/Arachnids/Skitterers/Singers/Scribes","1","SetNameParameter","PackPrefix|Limb/Skitter/Tangle/Web/Venom/Dart/Drop/Eye/Egg","1","SetNameParameter","PackSuffix|lurkers/rippers/tearers/eaters/slicers/reapers/knives/mothers/brood","1","SetNameParameter","PackAdjPrefix|{Prefix}","1","SetNameParameter","PackAdjSuffix|{Suffix}","1","GoToNameSpawnRow","SpiderNameStyle","1","None","","0","None","","0","None","","0","None","","0","None","",""
SpiderPackRoles,"All","0","0","False","False","SetNameParameter","PackRole|Weaver/Lurker/Widow/Drone/Brood-Mother/Mother/Warrior/Guardian/Attendant/Servant","1","None","","0","None","","0","None","","0","None","","0","None","","0","None","","0","None","","0","None","","0","None","","0","None","","0","None","","0","None","",""
MossratPackName,"All","0","0","False","False","GoToNameSpawnRow","PickFormatPackName","1","SetNameParameter","PackAdj|Pilfer/Acorn/Nibble/Annoying/Rabble/Furry/Fuzzy/Frustrating/Pilfering/Hungry/Hangry/Burrowing/Winter/Wild/Tooth-Having/Snapping/Chomping/Chomp/Chow/Lumpy/Moss","1","SetNameParameter","PackNoun|Brothers/Sisters/Pack/Club/Gang/Den/Ones/Lurkers/Pilferers/Thieves/Knights/Knaves/Scoundrels/Critters/Snappers","1","SetNameParameter","PackPrefix|Acorn/Fuzz/Fun/Fur/Spit/Tooth/Snaggle/Snack/Snap/Chomp/Bump/Lump/Stump/Moss/Grass","1","SetNameParameter","PackSuffix|stealers/havers/keepers/snackers/lovers/hounds/rats/snackers/rollers/luggers/boggers/bowlers/lings/libbles/abillies/yummers","1","SetNameParameter","PackAdjPrefix|{Prefix}","1","SetNameParameter","PackAdjSuffix|{Suffix}","1","GoToNameSpawnRow","MossratEnglishPrefixSuffix","1","None","","0","None","","0","None","","0","None","","0","None","",""
MossratPackRoles,"All","0","0","False","False","SetNameParameter","PackRole|Nut-chief/Snacker/Lord/Alpha/Gobbler/Grabber/Snatcher/Rodent/Thief","1","None","","0","None","","0","None","","0","None","","0","None","","0","None","","0","None","","0","None","","0","None","","0","None","","0","None","","0","None","",""
StoneElementalPackName,"All","0","0","False","False","GoToNameSpawnRow","PickFormatPackName","1","SetNameParameter","PackAdj|Sedentary/Gigantic/Towering/Thundering/Colossal/Unmovable/Unbreakable/Lumbering/Titanic/Ancient/Wild/Nameless/Moon/Rock/Amber/Amethyst/Rough/Tumbling/Ruined/Ruby/Jasper/Agate/Zircon/Emerald/Onyx","1","SetNameParameter","PackNoun|Brothers/Sisters/Lattice/Formation/Rocks/Boulders/Mountains/Peaks/Heaps/Thunderers/Rollers/Runners/Ruiners/Ancients/Diamonds/Lords/Gems/Towers/Titans/Keepers/Elementals/Column/Phalanx/Myrmidons/Circle","1","SetNameParameter","PackPrefix|Tumble/Helix/Crystal/Column/Mineral/Earth/Titan/Boulder/Thunder/Ancient/Ground/Quake/Rock/Stone","1","SetNameParameter","PackSuffix|lings/ites/takers/breakers/makers/keepers/formation/marbles/rollers/stoppers/lords/adons/maulers/millers/circle","1","SetNameParameter","PackAdjPrefix|{Prefix}","1","SetNameParameter","PackAdjSuffix|{Suffix}","1","GoToNameSpawnRow","StoneElementalEnglishPrefixSuffix","1","None","","0","None","","0","None","","0","None","","0","None","",""
StoneElementalPackRoles,"All","0","0","False","False","SetNameParameter","PackRole|Mountain/Rockling/Soldier/Keeper/Elemental/Gatherer/Grunt/Golem/Guard/Sleeper","1","None","","0","None","","0","None","","0","None","","0","None","","0","None","","0","None","","0","None","","0","None","","0","None","","0","None","","0","None","",""
ForestLurkerName,"All","0","0","False","False","GoToNameSpawnRow","PickFormat","1","GoToNameSpawnRow","ForestLurkerNameStyle","1","GoToNameSpawnRow","ForestLurkerOfTitle","1","SetNameParameter","TheTitle|Atrocious/Barbaric/Vile/Grim/Cruel/Exploding/Unlikable/""Immortal""/Fierce/Fetid/Flying/Burning/Ballooning/Blasting/Short-Lived/Lurker/Old/Revered/Fluttering/Dangerous/Unkind/Unloved/Devious/Annoying/Hateful/Spiteful/Sad/Lonely/Forgetful/Angry/Furious/Prince","1","GoToNameSpawnRow","ForestLurkerPreTitle","1","GoToNameSpawnRow","ForestLurkerPackRoles","1","None","","0","None","","0","None","","0","None","","0","None","","0","None","","0","None","",""
ForestLurkerNameStyle,"Pick","0","0","False","False","GoToNameSpawnRow","ForestLurkerGibberishPrefixSuffix","1","GoToNameSpawnRow","ForestLurkerEnglishPrefixSuffix","1","None","","0","None","","0","None","","0","None","","0","None","","0","None","","0","None","","0","None","","0","None","","0","None","","0","None","",""
ForestLurkerGibberishPrefixSuffix,"All","0","0","False","False","SetNameParameter","BaseName|{Prefix}{Suffix}","1","SetNameParameter","Prefix|Zub/Zoo/Brib/Brub/Boom/Blub/Bana/Blop/Blurp/Blip/Boop/Woop/Whomp/Wham/Whabble/Whap/Whack/Smop/Smol/Smoosh/Smosh/Slop/Shmop","1","SetNameParameter","Suffix|boom/bom/oo/oodle/aloo/alom/adoo/opple/smoggle/glip/glib/gom/glub/gubber/slam/burst/blam/smack/splode/smash/aboo/bobble/blam","1","None","","0","None","","0","None","","0","None","","0","None","","0","None","","0","None","","0","None","","0","None","","0","None","",""
ForestLurkerEnglishPrefixSuffix,"All","0","0","False","False","SetNameParameter","BaseName|{Prefix}{Suffix}","1","SetNameParameter","Prefix|Wing/Boom/Heavy/Flitter/Flip/Flutter/Glide/Loom/Swoop/Swish/Swing/Powder/Exploder/Blam/Danger/Burst/Flame/Fire/Burn","1","SetNameParameter","Suffix|burn/guts/flock/doom/slinger/swoop/slide/belly/gut/barrel/ball/bat/tooth/wing","1","None","","0","None","","0","None","","0","None","","0","None","","0","None","","0","None","","0","None","","0","None","","0","None","",""
ForestLurkerPreTitle,"All","0","0","False","False","SetNameParameter","PreTitle|Lord/Den Mother/Mother/Father/Alpha/Wing Leader/Swarmer/Seeker/Slippery/Old/Exploding/Booming/Bursting/Nest Mother/Nest Keeper/Nest Warden/Den Warden/Den Keeper/Burrow Mother/Burrow Guard","1","SetNameParameter","PreTitlePrefix|Burn/Fire/Wing/Boom/Nest/Den/Burrow/Swarm/Flock/Colony/Family/Explosive/Barrel/Cave/Grotto","1","SetNameParameter","PreTitleSuffix|lurker/lord/father/mother/keeper/terror/master/talon/tooth/knife/king/queen/exile","1","None","","0","None","","0","None","","0","None","","0","None","","0","None","","0","None","","0","None","","0","None","","0","None","",""
ForestLurkerOfTitle,"All","0","0","False","False","SetNameParameter","OfTitleFirst|Stealer/Lover/Taker/Exploder/Burner/Annoyer/Blaster/Burper/King/Queen/Lord/Mother/Father/Belcher/Eater/Snatcher/Hoarder/Carrier/Quarry","1","SetNameParameter","OfTitleSecond|Goblins/Fire/Flame/Burdens/Conflagrations/Diseases/Pestilence/Explosions/Booms/Mossrats/Bats/the Forest/the Caves/the Den/the Burrow/Spice","1","None","","0","None","","0","None","","0","None","","0","None","","0","None","","0","None","","0","None","","0","None","","0","None","","0","None","",""
ForestLurkerPackName,"All","0","0","False","False","GoToNameSpawnRow","PickFormatPackName","1","SetNameParameter","PackAdj|Flaming/Fiery/Exploding/Bursting/Booming/Blasting/Burrowing/Flying/Explosive/Old/Young/Furry/Fierce/Fluttering/Formidable/Annoying/Frustrating/Infernal/Tiny/Scary","1","SetNameParameter","PackNoun|Brothers/Sisters/Swarm/Flock/Den/Nest/Lurkers/Bats/Flappers/Flyers/Boomers/Exploders/Squad/Gang/Warren/Furies","1","SetNameParameter","PackPrefix|Boom/Bang/Swoop/Smash/Exploder/Fire/Fury/Flame/Burn/Fang/Wing/Burst/Forest/Cave","1","SetNameParameter","PackSuffix|lings/loggles/boggles/bodies/flights/kadoos/doodles/dwellers/oos/children","1","SetNameParameter","PackAdjPrefix|{Prefix}","1","SetNameParameter","PackAdjSuffix|{Suffix}","1","GoToNameSpawnRow","ForestLurkerEnglishPrefixSuffix","1","None","","0","None","","0","None","","0","None","","0","None","",""
ForestLurkerPackRoles,"All","0","0","False","False","SetNameParameter","PackRole|Alpha/Bat/Blaster/Boomer/Exploder/Lurker/Flyer/Youngling/Nestling","1","None","","0","None","","0","None","","0","None","","0","None","","0","None","","0","None","","0","None","","0","None","","0","None","","0","None","","0","None","",""
ThornstriderName,"All","0","0","False","False","GoToNameSpawnRow","PickFormat","1","GoToNameSpawnRow","ThornstriderNameStyle","1","GoToNameSpawnRow","ThornstriderOfTitle","1","SetNameParameter","TheTitle|Burrowing/Beast/Tree/Tree-Lord/Terror/Terror of the Forest/Giant/Ancient/Growing/Vicious/Overgrown/Devouring/Devourer/Grower/Green/Forest/Gnawing/Bending/Warped/Wooden/Branching/Burnt/Flourishing/Flowering/Flowerless/Flower King/Green King/Tree King/Alone","1","GoToNameSpawnRow","ThornstriderPreTitle","1","GoToNameSpawnRow","ThornstriderPackRoles","1","None","","0","None","","0","None","","0","None","","0","None","","0","None","","0","None","",""
ThornstriderNameStyle,"Pick","0","0","False","False","GoToNameSpawnRow","ThornstriderGibberishPrefixSuffix","1","GoToNameSpawnRow","ThornstriderEnglishPrefixSuffix","1","None","","0","None","","0","None","","0","None","","0","None","","0","None","","0","None","","0","None","","0","None","","0","None","","0","None","",""
ThornstriderGibberishPrefixSuffix,"All","0","0","False","False","SetNameParameter","BaseName|{Prefix}{Suffix}","1","SetNameParameter","Prefix|Grum/Grim/Groul/Rych/Ruhl/Rohl/Rohn/Ygg/Yng/Sil/Silm/Miln/Miss/Myrn/Myre/Mour/Byrn/Byarn/Hyur/Hus/Hys/Hyca/Hica/Yyca/Ynka/Ynn/Iynn/Ayya/Aya/Vaya","1","SetNameParameter","Suffix|grol/gun/gon/rol/ron/rys/dras/sil/issil/issin/aris/o/ilas/alas/athis/athil/athun/thyl/ula/'uran/'anais/'ulak/iss/alalas/ynder/youl/olon/ia/adia/aria/arian/ariak","1","None","","0","None","","0","None","","0","None","","0","None","","0","None","","0","None","","0","None","","0","None","","0","None","",""
ThornstriderEnglishPrefixSuffix,"All","0","0","False","False","SetNameParameter","BaseName|{Prefix}{Suffix}","1","SetNameParameter","Prefix|Bark/Root/Thistle/Glenn/Grove/Tree/Oak/Pine/Spruce/Tinder/Cedar/Beech/Grow/Grass/Ground/Snarl/Tangle/Thorn/Briar/Bree/Bower/Shade/Growth/Yawn/Maw/Lurk/Age/Old/Grown/Young/Glisten/Dew/Snap/Wild/Feral/Thorned/Spike/Tendril/Tower/Iron","1","SetNameParameter","Suffix|break/rock/thumper/grove/mistle/peter/tearer/thorns/bark/bellow/grim/grendel/grabber/burst/torn/bumper/spire/slice/stealer/tree/branches/roots/leaves/rose/bulb/sticks/snap/crawl/burrow/ripper/loom/rusher/thrash/stabber/spike/burst/rot/barb/bramble/wyld","1","None","","0","None","","0","None","","0","None","","0","None","","0","None","","0","None","","0","None","","0","None","","0","None","",""
ThornstriderPreTitle,"All","0","0","False","False","SetNameParameter","PreTitle|Old/Ancient/Young/Fresh/Rotting/Overgrown/Overshadowing/Thriving/Lord/King/Towering/Keeper/Tender/Elder/Mother/Father/Patriarch/Alpha Tree/Alpha/Original/Unburnable/Survivor/Seed Mother/Seed King/Grower/Carnivore/Verdant/Thriving","1","SetNameParameter","PreTitlePrefix|Seed/Shade/Root/Bramble/Barb/Tree/Growth/Green/Nature/World/Wind/Wyld/Weald/Bulb/Briar/Thorn/Thistle/Bower/Grove","1","SetNameParameter","PreTitleSuffix|lurker/lord/father/mother/keeper/terror/master/strider/walker/knife/king/queen/exile/arch/-King/god/tender/grower/slider/shooter/striker/khan/sire","1","None","","0","None","","0","None","","0","None","","0","None","","0","None","","0","None","","0","None","","0","None","","0","None","",""
ThornstriderOfTitle,"All","0","0","False","False","SetNameParameter","OfTitleFirst|Lord/Father/Mother/Birther/Keeper/Terror/Master/Exile/Grower/King/Queen/Patriarch/Ancient/God/Ancestor/Caller/Bringer/Bearer/Sire/Spreader/Seeder/Loom/Source","1","SetNameParameter","OfTitleSecond|the Forest/Forests/Trees/Groves/Thorns/Barbs/Succulents/Thistles/Plants/Oaks/the Woods/Growing Things/All That Grows/New Life/the Wild/the Wilds/Wildness/Fury/Branches/Pines/Thumps/the Weald/Green/Green Things/Green Life/Rot/Growth/the Overgrowth","1","None","","0","None","","0","None","","0","None","","0","None","","0","None","","0","None","","0","None","","0","None","","0","None","","0","None","",""
ThornstriderPackName,"All","0","0","False","False","GoToNameSpawnRow","PickFormatPackName","1","SetNameParameter","PackAdj|Verdant/Growing/Thorny/Pulsing/Burrowing/Walking/Moving/Rootless/Root/Thorn/Thorny/Sharp/Growling/Green/Grove/Forest/Wooden/Woodsy/Wild/Uprooted/Rooted/Ancient/Old/Mossy/Vegetal/Blooming/Blossoming/Flowering/Flourishing/Floral/Grassy","1","SetNameParameter","PackNoun|Brothers/Sisters/Trees/Kin/Growth/Warriors/Walkers/Striders/Garden/Nursery/Overgrowth/Underbrush/Undergrowth/Canopy/Overstory/Blossom/Bloom/Kings/Guardians/Keepers/Tenders/Flock/Ancients/Ancestors/Historians/Growers/Gardeners","1","SetNameParameter","PackPrefix|Grove/Garden/Forest/Wood/Root/Thorn/Thistle/Tree/Bark/Leaf","1","SetNameParameter","PackSuffix|lings/dwellers/things/aents/avix/anoi/iati/striders/walkers/fathers/founders/thrix/throi/throng","1","SetNameParameter","PackAdjPrefix|{Prefix}","1","SetNameParameter","PackAdjSuffix|{Suffix}","1","GoToNameSpawnRow","ThornstriderEnglishPrefixSuffix","1","None","","0","None","","0","None","","0","None","","0","None","",""
ThornstriderPackRoles,"All","0","0","False","False","SetNameParameter","PackRole|Elder/Groveling/Grovethrush/Grovetender/Tender/Minder/Soldier/Warrior/Keeper/Servant","1","None","","0","None","","0","None","","0","None","","0","None","","0","None","","0","None","","0","None","","0","None","","0","None","","0","None","","0","None","",""
WitchName,"All","0","0","False","False","GoToNameSpawnRow","PickFormat","1","GoToNameSpawnRow","WitchNameStyle","1","GoToNameSpawnRow","WitchOfTitle","1","SetNameParameter","TheTitle|Rotting/Corrupt/Vile/Loathsome/Disciple/Foul/Toothless/Profane","1","GoToNameSpawnRow","WitchPreTitle","1","None","","0","None","","0","None","","0","None","","0","None","","0","None","","0","None","","0","None","",""
WitchNameStyle,"Pick","0","0","False","False","GoToNameSpawnRow","WitchGibberishPrefixSuffix","1","GoToNameSpawnRow","WitchEnglishPrefixSuffix","1","None","","0","None","","0","None","","0","None","","0","None","","0","None","","0","None","","0","None","","0","None","","0","None","","0","None","",""
WitchGibberishPrefixSuffix,"All","0","0","False","False","SetNameParameter","BaseName|{Prefix}{Suffix}","1","SetNameParameter","Prefix|Gram/Grim/Gran/Var/Yach/Vas/Ag/Zar/Fex/Yin/Marg/Syn/Tal/Sog/Hec/Bel/Dar/Lun/Urs/Tel/Del/Weyr/Parn","1","SetNameParameter","Suffix|erva/terine/eka/astar/atrix/ephine/andra/ula/una/ate/adora","1","None","","0","None","","0","None","","0","None","","0","None","","0","None","","0","None","","0","None","","0","None","","0","None","",""
WitchEnglishPrefixSuffix,"All","0","0","False","False","SetNameParameter","BaseName|{Prefix}{Suffix}","1","SetNameParameter","Prefix|Wart/Ancient/Old/Grim/Cower/Cackle/Wither/Dry/Husk/Spite/Sore/Shade/Hex/Vile/Jinx/Curse/Crooked/Bent","1","SetNameParameter","Suffix|spit/nose/shadow/cast/spell/night/sister/mother/pot/caster/magister","1","None","","0","None","","0","None","","0","None","","0","None","","0","None","","0","None","","0","None","","0","None","","0","None","",""
WitchPreTitle,"All","0","0","False","False","SetNameParameter","PreTitle|Old/Ancient/Rotting/Elder/Mother/Matriach/Burnt/Exiled/Eld/Disgraced/Hoary","1","SetNameParameter","PreTitlePrefix|Broom/Spell/Potion/Dead/Coven/Wand","1","SetNameParameter","PreTitleSuffix|lurker/keeper/terror/master/queen/exile/arch/-Queen/god","1","None","","0","None","","0","None","","0","None","","0","None","","0","None","","0","None","","0","None","","0","None","","0","None","",""
WitchOfTitle,"All","0","0","False","False","SetNameParameter","OfTitleFirst|Mother/Birther/Keeper/Terror/Mistress/Exile/Crone/Queen/Matriarch/Ancient/God/Ancestor/Caller/Bringer/Bearer/Dam/Weaver/First","1","SetNameParameter","OfTitleSecond|the Dead/Curses/Spells/the Dark/All Misery/the Cursed/the Living Dead/the Shadowy Corners/Open Graves/the Graveyard/Night","1","None","","0","None","","0","None","","0","None","","0","None","","0","None","","0","None","","0","None","","0","None","","0","None","","0","None","",""
AlpacaName,"All","0","0","False","False","GoToNameSpawnRow","PickFormat","1","GoToNameSpawnRow","AlpacaNameStyle","1","GoToNameSpawnRow","AlpacaOfTitle","1","SetNameParameter","TheTitle|Wild/Terror/Terror of the Wild/Vicious/Wool/Fleece/Herd/Flock/Cud","1","GoToNameSpawnRow","AlpacaPreTitle","1","GoToNameSpawnRow","AlpacaPackRoles","1","None","","0","None","","0","None","","0","None","","0","None","","0","None","","0","None","",""
AlpacaNameStyle,"Pick","0","0","False","False","GoToNameSpawnRow","AlpacaGibberishPrefixSuffix","1","GoToNameSpawnRow","AlpacaEnglishPrefixSuffix","1","None","","0","None","","0","None","","0","None","","0","None","","0","None","","0","None","","0","None","","0","None","","0","None","","0","None","",""
AlpacaGibberishPrefixSuffix,"All","0","0","False","False","SetNameParameter","BaseName|{Prefix}{Suffix}","1","SetNameParameter","Prefix|Suri/Byrn/Byarn/Hua/Hem/Hum/Hyur/Hus/Hys/Hyca/Hica/Yyca/Ynka/Ynn/Iynn/Ayya/Aya/Vaya/An/Al/La/Camelid","1","SetNameParameter","Suffix|alpaca/caya/cria/bra/rizo/naco/gol/gun/gon/rol/rons/id/aris/o/ilas/alas/athis/athun/thyl/ula/'uran/'una/iss/alalas/ynder/youl/olon/ia/adia/aria/cria/baca","1","None","","0","None","","0","None","","0","None","","0","None","","0","None","","0","None","","0","None","","0","None","","0","None","",""
AlpacaEnglishPrefixSuffix,"All","0","0","False","False","SetNameParameter","BaseName|{Prefix}{Suffix}","1","SetNameParameter","Prefix|Grumpy/Old/Grown/Young/Wild/Feral/Wiley/Cunning/Sly/Angry/Hungry/Fluffy/Puffy/Plush/Soft/Natted/Itchy","1","SetNameParameter","Suffix|ruminant/wyld/wild/alpaca/mammal/graze/spit/snort/scream/screamer/screaming/yeller/yelling/hay/hum/snort/cud/fleece/wool/manure/tail/fluff/pasture/grass/ember","1","None","","0","None","","0","None","","0","None","","0","None","","0","None","","0","None","","0","None","","0","None","","0","None","",""
AlpacaPreTitle,"All","0","0","False","False","SetNameParameter","PreTitle|Old/Ancient/Young/Fresh/Queen/Lord/King/Alpha/Herbivore/Withers/Sheer/Shear/Woolly","1","SetNameParameter","PreTitlePrefix|World/Farm/Ranch/Hidden/Pasture/Herd/Pack/Frontier/Alpacas/Wool/Fleece/Empire","1","SetNameParameter","PreTitleSuffix|destroyer/lord/father/mother/keeper/terror/master/king/queen/exile/arch/god/sire/spitter/menacer/punisher/biter/wild/fleece","1","None","","0","None","","0","None","","0","None","","0","None","","0","None","","0","None","","0","None","","0","None","","0","None","",""
AlpacaOfTitle,"All","0","0","False","False","SetNameParameter","OfTitleFirst|Lord/Father/Mother/Keeper/Terror/Master/Exile/King/Queen/Patriarch/Ancient/God/Ancestor/Sire/Wool/Fleece/Fleas/Herbivore/Apocalypse/Abaca/Spit/Cud/Cuddles/Hay/Rage/Secrets/Alpackard Cain/Alpac-man/Alpacino/Wigs","1","SetNameParameter","OfTitleSecond|the Pasture/the Wild/the Wilds/Wildness/Wilderness/Fury/Hay/Herd/Flock/Puns/Ruminant/Farm/Ranch","1","None","","0","None","","0","None","","0","None","","0","None","","0","None","","0","None","","0","None","","0","None","","0","None","","0","None","",""
AlpacaPackName,"All","0","0","False","False","GoToNameSpawnRow","PickFormatPackName","1","SetNameParameter","PackAdj|Hooved/Grassy/Drooling/Spitting/Screaming/Shrieking/Crying/Yelling/Grumpy/Wild/Riled/Frenzied/Rude/Hungry/Totally Friendly/Harmless/Sneezing/Fuzzy/Enraged/Cuddly/Welcoming","1","SetNameParameter","PackNoun|Brothers/Sisters/Kin/Warriors/Guardians/Flock/Herd/Ruminants/Herbivores/Haymakers/Committee","1","SetNameParameter","PackPrefix|Frontier/Farm/Pasture/Hooved/Wild","1","SetNameParameter","PackSuffix|lings/dwellers/things/entourage/party","1","SetNameParameter","PackAdjPrefix|{Prefix}","1","SetNameParameter","PackAdjSuffix|{Suffix}","1","GoToNameSpawnRow","AlpacaEnglishPrefixSuffix","1","None","","0","None","","0","None","","0","None","","0","None","",""
AlpacaPackRoles,"All","0","0","False","False","SetNameParameter","PackRole|Elder/Cria/Soldier/Warrior/Keeper/Servant","1","None","","0","None","","0","None","","0","None","","0","None","","0","None","","0","None","","0","None","","0","None","","0","None","","0","None","","0","None","",""
