---,DisplayName,bSave,bStartingPet,bIgnoreSpawnCollision,MinionOffset,MinionScaleMultiplier,Description,DefaultSkill,MinionClass,CharacterCreateMinionClass,ClosestDyeColor,bIsFlying,CharacterSelectIdle,Hitpoints,Damage,LifetimeSeconds,QualityTags,DropWeight,GameplayTags,MinionTypeTag,AggroRadius,MinionGameplayTags,MinionTypeGameplayTag,TraitString1,TraitString2,TraitString3,TraitString4,TraitString5,Notes
Faerie01,"NSLOCTEXT(""MinionsTable"", ""4EF41674450C77830D4B0A96B32B8B84"", ""Blue Faerie"")",TRUE,FALSE,TRUE,"(X=-300.000000,Y=0.000000,Z=0.000000)",1,"NSLOCTEXT(""MinionsTable"", ""E7D2FBF54E9F095CB484F9AC34E2F0BC"", ""Playstation 4 Exclusive Pet"")","(RowName=""PetBuff_BattleCry"")",/Game/Monsters/petfaerie/petfaerie_blue_bp.petfaerie_blue_bp_C,None,"(RowName="""")",TRUE,None,6,0.5,0,"(GameplayTags=((TagName=""ItemQuality.Normal"")))",0,"(GameplayTags=((TagName=""Character.Minion.Pet.Faerie"")))","(TagName=""Character.Minion.Pet.Faerie"")",1000,None,None,PetSellItemsTime=120;PetRecoverTime=120,Immortal=1,,,,
Faerie02,"NSLOCTEXT(""MinionsTable"", ""D0788E5D49151C50B787B18E8DDDC83F"", ""Green Faerie"")",TRUE,FALSE,TRUE,"(X=-300.000000,Y=0.000000,Z=0.000000)",1,"NSLOCTEXT(""MinionsTable"", ""ECAB3FE648223E4C31590C9745DBE213"", ""Switch Exclusive Pet"")","(RowName=""PetBuff_BattleCry"")",/Game/Monsters/petfaerie/petfaerie_grey_bp.petfaerie_grey_bp_C,None,"(RowName="""")",TRUE,None,6,0.5,0,"(GameplayTags=((TagName=""ItemQuality.Normal"")))",0,"(GameplayTags=((TagName=""Character.Minion.Pet.Faerie"")))","(TagName=""Character.Minion.Pet.Faerie"")",1000,None,None,PetSellItemsTime=120;PetRecoverTime=120,Immortal=1,,,,
Faerie03,"NSLOCTEXT(""MinionsTable"", ""9B5FD9004B9B2C1538915B8D757CA92F"", ""Grey Faerie"")",TRUE,FALSE,TRUE,"(X=-300.000000,Y=0.000000,Z=0.000000)",1,"NSLOCTEXT(""MinionsTable"", ""772749554F82E0A08D4608AAEC30E0CE"", ""Xbox One Exlusive Pet"")","(RowName=""PetBuff_BattleCry"")",/Game/Monsters/petfaerie/petfaerie_green_bp.petfaerie_green_bp_C,None,"(RowName="""")",TRUE,None,6,0.5,0,"(GameplayTags=((TagName=""ItemQuality.Normal"")))",0,"(GameplayTags=((TagName=""Character.Minion.Pet.Faerie"")))","(TagName=""Character.Minion.Pet.Faerie"")",1000,None,None,PetSellItemsTime=120;PetRecoverTime=120,Immortal=1,,,,
Ferret01,"NSLOCTEXT(""MinionsTable"", ""Ferret01_DisplayName"", ""Albino Ferret"")",TRUE,FALSE,TRUE,"(X=-300.000000,Y=0.000000,Z=0.000000)",1,"NSLOCTEXT(""MinionsTable"", ""4CB46C3F4B18BDFDB0F44697594BFE70"", ""The small, spirited Ferret is hard to hit and not to root for. Rescue more pets from bosses throughout the world and they will battle courageously at your side."")","(RowName=""PetBuff_BattleCry"")",/Game/Monsters/petferret/petferret_albino_bp.petferret_albino_bp_C,None,"(RowName="""")",FALSE,None,6,1,0,"(GameplayTags=((TagName=""ItemQuality.Normal"")))",0,"(GameplayTags=((TagName=""Character.Minion.Pet.Ferret"")))","(TagName=""Character.Minion.Pet.Ferret"")",1000,None,None,PetSellItemsTime=120;PetRecoverTime=120,Immortal=1,,,,
Ferret02,"NSLOCTEXT(""MinionsTable"", ""Ferret02_DisplayName"", ""Black Sable Ferret"")",TRUE,FALSE,TRUE,"(X=-300.000000,Y=0.000000,Z=0.000000)",1,"NSLOCTEXT(""MinionsTable"", ""C322E7FD462F2A400D461DAD54EF1E8E"", ""The small, spirited Ferret is hard to hit and not to root for. Rescue more pets from bosses throughout the world and they will battle courageously at your side."")","(RowName=""PetBuff_BattleCry"")",/Game/Monsters/petferret/petferret_blacksable_bp.petferret_blacksable_bp_C,None,"(RowName="""")",FALSE,None,6,0.5,0,"(GameplayTags=((TagName=""ItemQuality.Normal"")))",0,"(GameplayTags=((TagName=""Character.Minion.Pet.Ferret"")))","(TagName=""Character.Minion.Pet.Ferret"")",1000,None,None,PetSellItemsTime=120;PetRecoverTime=120,Immortal=1,,,,
Ferret03,"NSLOCTEXT(""MinionsTable"", ""Ferret03_DisplayName"", ""Champagne Ferret"")",TRUE,FALSE,TRUE,"(X=-300.000000,Y=0.000000,Z=0.000000)",1,"NSLOCTEXT(""MinionsTable"", ""2FCB3D53433FAB1DD9FF0099B97402E4"", ""The small, spirited Ferret is hard to hit and not to root for. Rescue more pets from bosses throughout the world and they will battle courageously at your side."")","(RowName=""PetBuff_BattleCry"")",/Game/Monsters/petferret/petferret_champagne_bp.petferret_champagne_bp_C,None,"(RowName="""")",FALSE,None,6,0.5,0,"(GameplayTags=((TagName=""ItemQuality.Normal"")))",0,"(GameplayTags=((TagName=""Character.Minion.Pet.Ferret"")))","(TagName=""Character.Minion.Pet.Ferret"")",1000,None,None,PetSellItemsTime=120;PetRecoverTime=120,Immortal=1,,,,
Ferret04,"NSLOCTEXT(""MinionsTable"", ""Ferret04_DisplayName"", ""Red Ferret"")",TRUE,FALSE,TRUE,"(X=-300.000000,Y=0.000000,Z=0.000000)",1,"NSLOCTEXT(""MinionsTable"", ""6241DB384232044D02DCCA82EEFF8B95"", ""The small, spirited Ferret is hard to hit and not to root for. Rescue more pets from bosses throughout the world and they will battle courageously at your side."")","(RowName=""PetBuff_BattleCry"")",/Game/Monsters/petferret/petferret_redboy_bp.petferret_redboy_bp_C,None,"(RowName="""")",FALSE,None,6,0.5,0,"(GameplayTags=((TagName=""ItemQuality.Normal"")))",0,"(GameplayTags=((TagName=""Character.Minion.Pet.Ferret"")))","(TagName=""Character.Minion.Pet.Ferret"")",1000,None,None,PetSellItemsTime=120;PetRecoverTime=120,Immortal=1,,,,
Ferret05,"NSLOCTEXT(""MinionsTable"", ""Ferret05_DisplayName"", ""Red Sable Ferret"")",TRUE,FALSE,TRUE,"(X=-300.000000,Y=0.000000,Z=0.000000)",1,"NSLOCTEXT(""MinionsTable"", ""30385E554C3BBE5988171C971D9B8971"", ""The small, spirited Ferret is hard to hit and not to root for. Rescue more pets from bosses throughout the world and they will battle courageously at your side."")","(RowName=""PetBuff_BattleCry"")",/Game/Monsters/petferret/petferret_redsable_bp.petferret_redsable_bp_C,None,"(RowName="""")",FALSE,None,6,0.5,0,"(GameplayTags=((TagName=""ItemQuality.Normal"")))",0,"(GameplayTags=((TagName=""Character.Minion.Pet.Ferret"")))","(TagName=""Character.Minion.Pet.Ferret"")",1000,None,None,PetSellItemsTime=120;PetRecoverTime=120,Immortal=1,,,,
Ferret06,"NSLOCTEXT(""MinionsTable"", ""Ferret06_DisplayName"", ""Albino Aviator Ferret"")",TRUE,FALSE,TRUE,"(X=-300.000000,Y=0.000000,Z=0.000000)",1,"NSLOCTEXT(""MinionsTable"", ""C22BDEAD4D5FE0F10796578A4EC94C7E"", ""The small, spirited Ferret is hard to hit and not to root for. Rescue more pets from bosses throughout the world and they will battle courageously at your side."")","(RowName=""PetBuff_BattleCry"")",/Game/Monsters/petferret/petferret_capalbino_bp.petferret_capalbino_bp_C,None,"(RowName="""")",FALSE,None,6,0.5,0,"(GameplayTags=((TagName=""ItemQuality.Normal"")))",0,"(GameplayTags=((TagName=""Character.Minion.Pet.Ferret"")))","(TagName=""Character.Minion.Pet.Ferret"")",1000,None,None,PetSellItemsTime=120;PetRecoverTime=120,Immortal=1,,,,
Chakawary01,"NSLOCTEXT(""MinionsTable"", ""Chakawary01_DisplayName"", ""Green Chakawary"")",TRUE,FALSE,TRUE,"(X=-300.000000,Y=0.000000,Z=0.000000)",1,"NSLOCTEXT(""MinionsTable"", ""ECD3ADA743A32513E6A3568692515A18"", ""Prowling the wilderness at night, the solitary Chakawary will fight at your side. Rescue more pets from bosses throughout the world and they will battle courageously at your side."")","(RowName=""PetBuff_BattleCry"")",/Game/Monsters/petchakawary/petchakawary_green_bp.petchakawary_green_bp_C,None,"(RowName="""")",FALSE,None,6,0.5,0,"(GameplayTags=((TagName=""ItemQuality.Normal"")))",1000,"(GameplayTags=((TagName=""Character.Minion.Pet.Chakawary"")))","(TagName=""Character.Minion.Pet.Chakawary"")",1000,None,None,PetSellItemsTime=120;PetRecoverTime=120,Immortal=1,,,,
Chakawary02,"NSLOCTEXT(""MinionsTable"", ""Chakawary02_DisplayName"", ""White Chakawary"")",TRUE,FALSE,TRUE,"(X=-300.000000,Y=0.000000,Z=0.000000)",1,"NSLOCTEXT(""MinionsTable"", ""DF6C020F425E5C529472AD8CC2BBAC0C"", ""Prowling the wilderness at night, the solitary Chakawary will fight at your side. Rescue more pets from bosses throughout the world and they will battle courageously at your side."")","(RowName=""PetBuff_BattleCry"")",/Game/Monsters/petchakawary/petchakawary_albino_bp.petchakawary_albino_bp_C,None,"(RowName="""")",FALSE,None,6,0.5,0,"(GameplayTags=((TagName=""ItemQuality.Legendary"")))",1000,"(GameplayTags=((TagName=""Character.Minion.Pet.Chakawary"")))","(TagName=""Character.Minion.Pet.Chakawary"")",1000,None,None,PetSellItemsTime=120;PetRecoverTime=120,Immortal=1,,,,
Chakawary03,"NSLOCTEXT(""MinionsTable"", ""Chakawary03_DisplayName"", ""Aqua Chakawary"")",TRUE,FALSE,TRUE,"(X=-300.000000,Y=0.000000,Z=0.000000)",1,"NSLOCTEXT(""MinionsTable"", ""686915574701CEBEC52BFDA406291315"", ""Prowling the wilderness at night, the solitary Chakawary will fight at your side. Rescue more pets from bosses throughout the world and they will battle courageously at your side."")","(RowName=""PetBuff_BattleCry"")",/Game/Monsters/petchakawary/petchakawary_aqua_bp.petchakawary_aqua_bp_C,None,"(RowName="""")",FALSE,None,6,0.5,0,"(GameplayTags=((TagName=""ItemQuality.Rare"")))",1000,"(GameplayTags=((TagName=""Character.Minion.Pet.Chakawary"")))","(TagName=""Character.Minion.Pet.Chakawary"")",1000,None,None,PetSellItemsTime=120;PetRecoverTime=120,Immortal=1,,,,
Chakawary04,"NSLOCTEXT(""MinionsTable"", ""Chakawary04_DisplayName"", ""Crimson Chakawary"")",TRUE,FALSE,TRUE,"(X=-300.000000,Y=0.000000,Z=0.000000)",1,"NSLOCTEXT(""MinionsTable"", ""0ACB1C104201B1E6B5940FA46218F901"", ""Prowling the wilderness at night, the solitary Chakawary will fight at your side. Rescue more pets from bosses throughout the world and they will battle courageously at your side."")","(RowName=""PetBuff_BattleCry"")",/Game/Monsters/petchakawary/petchakawary_crimson_bp.petchakawary_crimson_bp_C,None,"(RowName="""")",FALSE,None,6,0.5,0,"(GameplayTags=((TagName=""ItemQuality.Rare"")))",1000,"(GameplayTags=((TagName=""Character.Minion.Pet.Chakawary"")))","(TagName=""Character.Minion.Pet.Chakawary"")",1000,None,None,PetSellItemsTime=120;PetRecoverTime=120,Immortal=1,,,,
Chakawary05,"NSLOCTEXT(""MinionsTable"", ""Chakawary05_DisplayName"", ""Golden Chakawary"")",TRUE,FALSE,TRUE,"(X=-300.000000,Y=0.000000,Z=0.000000)",1,"NSLOCTEXT(""MinionsTable"", ""EB0D7F6047DCBC313D23FABF2ACAECA6"", ""Prowling the wilderness at night, the solitary Chakawary will fight at your side. Rescue more pets from bosses throughout the world and they will battle courageously at your side."")","(RowName=""PetBuff_BattleCry"")",/Game/Monsters/petchakawary/petchakawary_golden_bp.petchakawary_golden_bp_C,None,"(RowName="""")",FALSE,None,6,0.5,0,"(GameplayTags=((TagName=""ItemQuality.Magic"")))",1000,"(GameplayTags=((TagName=""Character.Minion.Pet.Chakawary"")))","(TagName=""Character.Minion.Pet.Chakawary"")",1000,None,None,PetSellItemsTime=120;PetRecoverTime=120,Immortal=1,,,,
Chakawary06,"NSLOCTEXT(""MinionsTable"", ""Chakawary06_DisplayName"", ""Navy Chakawary"")",TRUE,FALSE,TRUE,"(X=-300.000000,Y=0.000000,Z=0.000000)",1,"NSLOCTEXT(""MinionsTable"", ""833210B344650F25FE5ACE94CF18796B"", ""Prowling the wilderness at night, the solitary Chakawary will fight at your side. Rescue more pets from bosses throughout the world and they will battle courageously at your side."")","(RowName=""PetBuff_BattleCry"")",/Game/Monsters/petchakawary/petchakawary_navy_bp.petchakawary_navy_bp_C,None,"(RowName="""")",FALSE,None,6,0.5,0,"(GameplayTags=((TagName=""ItemQuality.Magic"")))",1000,"(GameplayTags=((TagName=""Character.Minion.Pet.Chakawary"")))","(TagName=""Character.Minion.Pet.Chakawary"")",1000,None,None,PetSellItemsTime=120;PetRecoverTime=120,Immortal=1,,,,
Cat01,"NSLOCTEXT(""MinionsTable"", ""Cat01_DisplayName"", ""Black Cat"")",TRUE,FALSE,TRUE,"(X=-300.000000,Y=0.000000,Z=0.000000)",1,"NSLOCTEXT(""MinionsTable"", ""2ABC6B9E46275F911B8B3B9C298E4CB8"", ""The Cat loves to play with its prey right before it pounces. Rescue more pets from bosses throughout the world and they will battle courageously at your side."")","(RowName=""PetBuff_BattleCry"")",/Game/Monsters/petcat/petcat_Black_bp.petcat_Black_bp_C,None,"(RowName="""")",FALSE,None,6,0.5,0,"(GameplayTags=((TagName=""ItemQuality.Legendary"")))",1000,"(GameplayTags=((TagName=""Character.Minion.Pet.Cat"")))","(TagName=""Character.Minion.Pet.Cat"")",1000,None,None,PetSellItemsTime=120;PetRecoverTime=120,Immortal=1,,,,
Cat02,"NSLOCTEXT(""MinionsTable"", ""Cat02_DisplayName"", ""Buttercup Cat"")",TRUE,FALSE,TRUE,"(X=-300.000000,Y=0.000000,Z=0.000000)",1,"NSLOCTEXT(""MinionsTable"", ""729E96A045168988CAB4758F05D5A966"", ""The Cat loves to play with its prey right before it pounces. Rescue more pets from bosses throughout the world and they will battle courageously at your side."")","(RowName=""PetBuff_BattleCry"")",/Game/Monsters/petcat/petcat_Buttercup_bp.petcat_Buttercup_bp_C,None,"(RowName="""")",FALSE,None,6,0.5,0,"(GameplayTags=((TagName=""ItemQuality.Normal"")))",1000,"(GameplayTags=((TagName=""Character.Minion.Pet.Cat"")))","(TagName=""Character.Minion.Pet.Cat"")",1000,None,None,PetSellItemsTime=120;PetRecoverTime=120,Immortal=1,,,,
Cat03,"NSLOCTEXT(""MinionsTable"", ""Cat03_DisplayName"", ""Siamese Cat"")",TRUE,FALSE,TRUE,"(X=-300.000000,Y=0.000000,Z=0.000000)",1,"NSLOCTEXT(""MinionsTable"", ""7B3067BF4DDA1E668674A39528E1FA43"", ""The Cat loves to play with its prey right before it pounces. Rescue more pets from bosses throughout the world and they will battle courageously at your side."")","(RowName=""PetBuff_BattleCry"")",/Game/Monsters/petcat/petcat_Siamese_bp.petcat_Siamese_bp_C,None,"(RowName="""")",FALSE,None,6,0.5,0,"(GameplayTags=((TagName=""ItemQuality.Rare"")))",1000,"(GameplayTags=((TagName=""Character.Minion.Pet.Cat"")))","(TagName=""Character.Minion.Pet.Cat"")",1000,None,None,PetSellItemsTime=120;PetRecoverTime=120,Immortal=1,,,,
Cat04,"NSLOCTEXT(""MinionsTable"", ""Cat04_DisplayName"", ""Tabby Cat"")",TRUE,FALSE,TRUE,"(X=-300.000000,Y=0.000000,Z=0.000000)",1,"NSLOCTEXT(""MinionsTable"", ""1F5BA743468BB8862587BC98B07A571F"", ""The Cat loves to play with its prey right before it pounces. Rescue more pets from bosses throughout the world and they will battle courageously at your side."")","(RowName=""PetBuff_BattleCry"")",/Game/Monsters/petcat/petcat_Tabby_bp.petcat_Tabby_bp_C,None,"(RowName="""")",FALSE,None,6,0.5,0,"(GameplayTags=((TagName=""ItemQuality.Magic"")))",1000,"(GameplayTags=((TagName=""Character.Minion.Pet.Cat"")))","(TagName=""Character.Minion.Pet.Cat"")",1000,None,None,PetSellItemsTime=120;PetRecoverTime=120,Immortal=1,,,,
Cat05,"NSLOCTEXT(""MinionsTable"", ""Cat05_DisplayName"", ""Tuxedo Cat"")",TRUE,FALSE,TRUE,"(X=-300.000000,Y=0.000000,Z=0.000000)",1,"NSLOCTEXT(""MinionsTable"", ""F56B6E36468D72CD5F5655BA8E13885D"", ""The Cat loves to play with its prey right before it pounces. Rescue more pets from bosses throughout the world and they will battle courageously at your side."")","(RowName=""PetBuff_BattleCry"")",/Game/Monsters/petcat/petcat_tuxedo_bp.petcat_tuxedo_bp_C,None,"(RowName="""")",FALSE,None,6,0.5,0,"(GameplayTags=((TagName=""ItemQuality.Magic"")))",1000,"(GameplayTags=((TagName=""Character.Minion.Pet.Cat"")))","(TagName=""Character.Minion.Pet.Cat"")",1000,None,None,PetSellItemsTime=120;PetRecoverTime=120,Immortal=1,,,,
Cat06,"NSLOCTEXT(""MinionsTable"", ""8EA28ED441390ADE4A612B9A70F17C63"", ""Aubergine Cat"")",TRUE,FALSE,TRUE,"(X=-300.000000,Y=0.000000,Z=0.000000)",1,"NSLOCTEXT(""MinionsTable"", ""4F9F642B4B72C9CC5DCC7F824B772B25"", ""The Cat loves to play with its prey right before it pounces. Rescue more pets from bosses throughout the world and they will battle courageously at your side."")","(RowName=""PetBuff_BattleCry"")",/Game/Monsters/petcat/petcat_Purple_bp1.petcat_Purple_bp1_C,None,"(RowName="""")",FALSE,None,6,0.5,0,"(GameplayTags=((TagName=""ItemQuality.Legendary"")))",0,"(GameplayTags=((TagName=""Character.Minion.Pet.Cat"")))","(TagName=""Character.Minion.Pet.Cat"")",1000,None,None,PetSellItemsTime=120;PetRecoverTime=120,Immortal=1,,,,
Alpaca01,"NSLOCTEXT(""MinionsTable"", ""2BE78A974A5BB8070F717099C35A5FF0"", ""White Alpaca"")",TRUE,TRUE,TRUE,"(X=-300.000000,Y=0.000000,Z=0.000000)",1,"NSLOCTEXT(""MinionsTable"", ""8F51A1ED43EA8AD93A8389A73BAEF531"", ""Surefooted and diligent, the Alpaca is the practical adventurer\'s companion. Rescue more pets from bosses throughout the world and they will battle courageously at your side."")","(RowName=""PetBuff_BattleCry"")",/Game/Monsters/petalpaca/petalpaca_01.petalpaca_01_C,/Game/Player/CharacterCreate/petalpaca_charactercreate_01.petalpaca_charactercreate_01_C,"(RowName=""PetAlpacaWhite"")",FALSE,None,6,0.5,0,"(GameplayTags=((TagName=""ItemQuality.Normal"")))",1000,"(GameplayTags=((TagName=""Character.Minion.Pet.Alpaca"")))","(TagName=""Character.Minion.Pet.Alpaca"")",1000,None,None,PetSellItemsTime=120;PetRecoverTime=120,Immortal=1,,,,
Alpaca02,"NSLOCTEXT(""MinionsTable"", ""8CD740C6413C857A33A127BF4F8F79D1"", ""Golden Alpaca"")",TRUE,TRUE,TRUE,"(X=-300.000000,Y=0.000000,Z=0.000000)",1,"NSLOCTEXT(""MinionsTable"", ""E3635729446ED429CA0B748CEF90D70B"", ""Surefooted and diligent, the Alpaca is the practical adventurer\'s companion. Rescue more pets from bosses throughout the world and they will battle courageously at your side."")","(RowName=""PetBuff_BattleCry"")",/Game/Monsters/petalpaca/petalpaca_02.petalpaca_02_C,/Game/Player/CharacterCreate/petalpaca_charactercreate_02.petalpaca_charactercreate_02_C,"(RowName=""PetAlpacaGolden"")",FALSE,None,6,0.5,0,"(GameplayTags=((TagName=""ItemQuality.Normal"")))",1000,"(GameplayTags=((TagName=""Character.Minion.Pet.Alpaca"")))","(TagName=""Character.Minion.Pet.Alpaca"")",1000,None,None,PetSellItemsTime=120;PetRecoverTime=120,Immortal=1,,,,
Alpaca03,"NSLOCTEXT(""MinionsTable"", ""B36C5EDE496DA6E22AE85F8BF25AE039"", ""Chocolate Alpaca"")",TRUE,TRUE,TRUE,"(X=-300.000000,Y=0.000000,Z=0.000000)",1,"NSLOCTEXT(""MinionsTable"", ""BD80112841569253DE415CB87867B011"", ""Surefooted and diligent, the Alpaca is the practical adventurer\'s companion. Rescue more pets from bosses throughout the world and they will battle courageously at your side."")","(RowName=""PetBuff_BattleCry"")",/Game/Monsters/petalpaca/petalpaca_03.petalpaca_03_C,/Game/Player/CharacterCreate/petalpaca_charactercreate_03.petalpaca_charactercreate_03_C,"(RowName=""PetAlpacaChocolate"")",FALSE,None,6,0.5,0,"(GameplayTags=((TagName=""ItemQuality.Normal"")))",1000,"(GameplayTags=((TagName=""Character.Minion.Pet.Alpaca"")))","(TagName=""Character.Minion.Pet.Alpaca"")",1000,None,None,PetSellItemsTime=120;PetRecoverTime=120,Immortal=1,,,,
Dragonling01,"NSLOCTEXT(""MinionsTable"", ""106428A744AA74991C72BCA99C319560"", ""Red Dragonling"")",TRUE,FALSE,TRUE,"(X=-300.000000,Y=0.000000,Z=0.000000)",1,"NSLOCTEXT(""MinionsTable"", ""9B3378524E9422DEC7654C91C248D83B"", ""The Dragonling will permit you to battle alongside it. For now. Rescue more pets from bosses throughout the world and they will battle courageously at your side."")","(RowName=""PetBuff_BattleCry"")",/Game/Monsters/petdragonling/petdragonling_01.petdragonling_01_C,None,"(RowName="""")",TRUE,/Game/Monsters/petdragonling/animation/petdragonling_idle_03_sitloop.petdragonling_idle_03_sitloop,6,0.5,0,"(GameplayTags=((TagName=""ItemQuality.Legendary"")))",1000,"(GameplayTags=((TagName=""Character.Minion.Pet.Dragonling"")))","(TagName=""Character.Minion.Pet.Dragonling"")",1000,None,None,PetSellItemsTime=120;PetRecoverTime=120,Immortal=1,,,,
Dragonling02,"NSLOCTEXT(""MinionsTable"", ""4CAC93C040AE9F348F2B619C42406097"", ""Teal Dragonling"")",TRUE,FALSE,TRUE,"(X=-300.000000,Y=0.000000,Z=0.000000)",1,"NSLOCTEXT(""MinionsTable"", ""B8F0705A4D8845FD9826BBA1D23C9798"", ""The Dragonling will permit you to battle alongside it. For now. Rescue more pets from bosses throughout the world and they will battle courageously at your side."")","(RowName=""PetBuff_BattleCry"")",/Game/Monsters/petdragonling/petdragonling_02.petdragonling_02_C,None,"(RowName="""")",TRUE,/Game/Monsters/petdragonling/animation/petdragonling_idle_03_sitloop.petdragonling_idle_03_sitloop,6,0.5,0,"(GameplayTags=((TagName=""ItemQuality.Magic"")))",1000,"(GameplayTags=((TagName=""Character.Minion.Pet.Dragonling"")))","(TagName=""Character.Minion.Pet.Dragonling"")",1000,None,None,PetSellItemsTime=120;PetRecoverTime=120,Immortal=1,,,,
Dragonling03,"NSLOCTEXT(""MinionsTable"", ""D4B82E1E40930A757BBC1581BB7F5821"", ""Purple Dragonling"")",TRUE,FALSE,TRUE,"(X=-300.000000,Y=0.000000,Z=0.000000)",1,"NSLOCTEXT(""MinionsTable"", ""C225B9F14B6E64E5C35169A2C1C12FDC"", ""The Dragonling will permit you to battle alongside it. For now. Rescue more pets from bosses throughout the world and they will battle courageously at your side."")","(RowName=""PetBuff_BattleCry"")",/Game/Monsters/petdragonling/petdragonling_03.petdragonling_03_C,None,"(RowName="""")",TRUE,/Game/Monsters/petdragonling/animation/petdragonling_idle_03_sitloop.petdragonling_idle_03_sitloop,6,0.5,0,"(GameplayTags=((TagName=""ItemQuality.Rare"")))",1000,"(GameplayTags=((TagName=""Character.Minion.Pet.Dragonling"")))","(TagName=""Character.Minion.Pet.Dragonling"")",1000,None,None,PetSellItemsTime=120;PetRecoverTime=120,Immortal=1,,,,
Owl01,"NSLOCTEXT(""MinionsTable"", ""52F1A7C74D88D2EB93C1FA94E102CFE3"", ""Brown & White Owl"")",TRUE,TRUE,TRUE,"(X=-300.000000,Y=0.000000,Z=0.000000)",1,"NSLOCTEXT(""MinionsTable"", ""08A2B4124B50FADD4E78EF877499FAC6"", ""Behind the wizened pools of the Owl\'s eyes lies the brain of a fierce predator. Rescue more pets from bosses throughout the world and they will battle courageously at your side."")","(RowName=""PetBuff_BattleCry"")",/Game/Monsters/petowl/petowl_01.petowl_01_C,/Game/Player/CharacterCreate/petowl_charactercreate_01.petowl_charactercreate_01_C,"(RowName=""PetOwlRed"")",TRUE,/Game/Monsters/petowl/animation/petowl_idle_03_sit.petowl_idle_03_sit,6,0.5,0,"(GameplayTags=((TagName=""ItemQuality.Normal"")))",1000,"(GameplayTags=((TagName=""Character.Minion.Pet.Owl"")))","(TagName=""Character.Minion.Pet.Owl"")",1000,None,None,PetSellItemsTime=120;PetRecoverTime=120,Immortal=1,,,,
Owl02,"NSLOCTEXT(""MinionsTable"", ""D0BA1A874D4383A83166078FE9C256EC"", ""Gray & White Owl"")",TRUE,TRUE,TRUE,"(X=-300.000000,Y=0.000000,Z=0.000000)",1,"NSLOCTEXT(""MinionsTable"", ""F3C5992B4AFAD024D83F4F84505AAB61"", ""Behind the wizened pools of the Owl\'s eyes lies the brain of a fierce predator. Rescue more pets from bosses throughout the world and they will battle courageously at your side."")","(RowName=""PetBuff_BattleCry"")",/Game/Monsters/petowl/petowl_02.petowl_02_C,/Game/Player/CharacterCreate/petowl_charactercreate_02.petowl_charactercreate_02_C,"(RowName=""PetOwlGolden"")",TRUE,/Game/Monsters/petowl/animation/petowl_idle_03_sit.petowl_idle_03_sit,6,0.5,0,"(GameplayTags=((TagName=""ItemQuality.Normal"")))",1000,"(GameplayTags=((TagName=""Character.Minion.Pet.Owl"")))","(TagName=""Character.Minion.Pet.Owl"")",1000,None,None,PetSellItemsTime=120;PetRecoverTime=120,Immortal=1,,,,
Owl03,"NSLOCTEXT(""MinionsTable"", ""84BBB562462C7B3C34A597BE52918105"", ""Brown Owl"")",TRUE,TRUE,TRUE,"(X=-300.000000,Y=0.000000,Z=0.000000)",1,"NSLOCTEXT(""MinionsTable"", ""6D1C8C5A410C4942C0A9369B3A0675E9"", ""Behind the wizened pools of the Owl\'s eyes lies the brain of a fierce predator. Rescue more pets from bosses throughout the world and they will battle courageously at your side."")","(RowName=""PetBuff_BattleCry"")",/Game/Monsters/petowl/petowl_03.petowl_03_C,/Game/Player/CharacterCreate/petowl_charactercreate_03.petowl_charactercreate_03_C,"(RowName=""PetOwlTeal"")",TRUE,/Game/Monsters/petowl/animation/petowl_idle_03_sit.petowl_idle_03_sit,6,0.5,0,"(GameplayTags=((TagName=""ItemQuality.Normal"")))",1000,"(GameplayTags=((TagName=""Character.Minion.Pet.Owl"")))","(TagName=""Character.Minion.Pet.Owl"")",1000,None,None,PetSellItemsTime=120;PetRecoverTime=120,Immortal=1,,,,
Eagle01,"NSLOCTEXT(""MinionsTable"", ""040FA53C464F66B016822984F99A0D1F"", ""Golden Eagle"")",TRUE,FALSE,TRUE,"(X=-300.000000,Y=0.000000,Z=0.000000)",1,"NSLOCTEXT(""MinionsTable"", ""2427EBF04301F066BDA56985DFEF4DE2"", ""Surveying the battlefield from on high, the Eagle strikes foes on your behalf. Rescue more pets from bosses throughout the world and they will battle courageously at your side."")","(RowName=""PetBuff_BattleCry"")",/Game/Monsters/peteagle/peteagle_body_02_golden_bp.peteagle_body_02_golden_bp_C,None,"(RowName="""")",TRUE,/Game/Monsters/peteagle/animation/peteagle_idle_03_sit_perch.peteagle_idle_03_sit_perch,6,0.5,0,"(GameplayTags=((TagName=""ItemQuality.Normal"")))",1000,"(GameplayTags=((TagName=""Character.Minion.Pet.Eagle"")))","(TagName=""Character.Minion.Pet.Eagle"")",1000,None,None,PetSellItemsTime=120;PetRecoverTime=120,Immortal=1,,,,
Eagle02,"NSLOCTEXT(""MinionsTable"", ""71CB46644F087C000FE1EFBEB240C368"", ""Black Eagle"")",TRUE,FALSE,TRUE,"(X=-300.000000,Y=0.000000,Z=0.000000)",1,"NSLOCTEXT(""MinionsTable"", ""3D0229FE472D40B6C75907BF5344B45E"", ""Surveying the battlefield from on high, the Eagle strikes foes on your behalf. Rescue more pets from bosses throughout the world and they will battle courageously at your side."")","(RowName=""PetBuff_BattleCry"")",/Game/Monsters/peteagle/peteagle_body_01_black_bp.peteagle_body_01_black_bp_C,None,"(RowName="""")",TRUE,/Game/Monsters/peteagle/animation/peteagle_idle_03_sit_perch.peteagle_idle_03_sit_perch,6,0.5,0,"(GameplayTags=((TagName=""ItemQuality.Magic"")))",1000,"(GameplayTags=((TagName=""Character.Minion.Pet.Eagle"")))","(TagName=""Character.Minion.Pet.Eagle"")",1000,None,None,PetSellItemsTime=120;PetRecoverTime=120,Immortal=1,,,,
Eagle03,"NSLOCTEXT(""MinionsTable"", ""91B9AED846C430383617F48D1F57F7B5"", ""Bald Eagle"")",TRUE,FALSE,TRUE,"(X=-300.000000,Y=0.000000,Z=0.000000)",1,"NSLOCTEXT(""MinionsTable"", ""40527AC940285C93E86E4AB09D30F332"", ""Surveying the battlefield from on high, the Eagle strikes foes on your behalf. Rescue more pets from bosses throughout the world and they will battle courageously at your side."")","(RowName=""PetBuff_BattleCry"")",/Game/Monsters/peteagle/peteagle_body_01_bald_bp.peteagle_body_01_bald_bp_C,None,"(RowName="""")",TRUE,/Game/Monsters/peteagle/animation/peteagle_idle_03_sit_perch.peteagle_idle_03_sit_perch,6,0.5,0,"(GameplayTags=((TagName=""ItemQuality.Legendary"")))",1000,"(GameplayTags=((TagName=""Character.Minion.Pet.Eagle"")))","(TagName=""Character.Minion.Pet.Eagle"")",1000,None,None,PetSellItemsTime=120;PetRecoverTime=120,Immortal=1,,,,
Eagle04,"NSLOCTEXT(""MinionsTable"", ""E26EC8894637712CA140EE8045C8947D"", ""Crested Eagle"")",TRUE,FALSE,TRUE,"(X=-300.000000,Y=0.000000,Z=0.000000)",1,"NSLOCTEXT(""MinionsTable"", ""B36062874DCF8A526E094D9EECBDC3CC"", ""Surveying the battlefield from on high, the Eagle strikes foes on your behalf. Rescue more pets from bosses throughout the world and they will battle courageously at your side."")","(RowName=""PetBuff_BattleCry"")",/Game/Monsters/peteagle/peteagle_body_02_ornate_bp.peteagle_body_02_ornate_bp_C,None,"(RowName="""")",TRUE,/Game/Monsters/peteagle/animation/peteagle_idle_03_sit_perch.peteagle_idle_03_sit_perch,6,0.5,0,"(GameplayTags=((TagName=""ItemQuality.Rare"")))",1000,"(GameplayTags=((TagName=""Character.Minion.Pet.Eagle"")))","(TagName=""Character.Minion.Pet.Eagle"")",1000,None,None,PetSellItemsTime=120;PetRecoverTime=120,Immortal=1,,,,
Eagle05,"NSLOCTEXT(""MinionsTable"", ""AB0CCD3D486C49576A6C5AA196B266C4"", ""Harpy Eagle"")",TRUE,FALSE,TRUE,"(X=-300.000000,Y=0.000000,Z=0.000000)",1,"NSLOCTEXT(""MinionsTable"", ""D3FC2A67403B559256226FB663D55FA0"", ""Surveying the battlefield from on high, the Eagle strikes foes on your behalf. Rescue more pets from bosses throughout the world and they will battle courageously at your side."")","(RowName=""PetBuff_BattleCry"")",/Game/Monsters/peteagle/peteagle_body_03_harpy_bp.peteagle_body_03_harpy_bp_C,None,"(RowName="""")",TRUE,/Game/Monsters/peteagle/animation/peteagle_idle_03_sit_perch.peteagle_idle_03_sit_perch,6,0.5,0,"(GameplayTags=((TagName=""ItemQuality.Magic"")))",1000,"(GameplayTags=((TagName=""Character.Minion.Pet.Eagle"")))","(TagName=""Character.Minion.Pet.Eagle"")",1000,None,None,PetSellItemsTime=120;PetRecoverTime=120,Immortal=1,,,,
Retriever01,"NSLOCTEXT(""MinionsTable"", ""FAC1767846828BC52DB20B92F7BF7286"", ""Golden Retriever"")",TRUE,TRUE,TRUE,"(X=-200.000000,Y=300.000000,Z=0.000000)",1,"NSLOCTEXT(""MinionsTable"", ""735F2D184A97E0CD662060AEF9B6BB83"", ""Even with their happy-go-lucky attitude, the retriever\'s loyalty means they\'ll always return to your side. Rescue more pets from bosses throughout the world and they will battle courageously at your side."")","(RowName=""PetBuff_BattleCry"")",/Game/Monsters/petretriever/petretriever_01.petretriever_01_C,/Game/Player/CharacterCreate/petretriever_charactercreate_01.petretriever_charactercreate_01_C,"(RowName=""PetRetrieverGolden"")",FALSE,None,6,0.5,0,"(GameplayTags=((TagName=""ItemQuality.Normal"")))",1000,"(GameplayTags=((TagName=""Character.Minion.Pet.Retriever"")))","(TagName=""Character.Minion.Pet.Retriever"")",1000,None,None,PetSellItemsTime=120;PetRecoverTime=120,Immortal=1,,,,
Retriever02,"NSLOCTEXT(""MinionsTable"", ""2D5253A1432FECDE670FC4ADEE3C2B55"", ""Chocolate Retriever"")",TRUE,TRUE,TRUE,"(X=-200.000000,Y=300.000000,Z=0.000000)",1,"NSLOCTEXT(""MinionsTable"", ""C2240E5C4C6A2FCCAD3761A14C653E0B"", ""Even with their happy-go-lucky attitude, the retriever\'s loyalty means they\'ll always return to your side. Rescue more pets from bosses throughout the world and they will battle courageously at your side."")","(RowName=""PetBuff_BattleCry"")",/Game/Monsters/petretriever/petretriever_02.petretriever_02_C,/Game/Player/CharacterCreate/petretriever_charactercreate_02.petretriever_charactercreate_02_C,"(RowName=""PetRetrieverChocolate"")",FALSE,None,6,0.5,0,"(GameplayTags=((TagName=""ItemQuality.Normal"")))",1000,"(GameplayTags=((TagName=""Character.Minion.Pet.Retriever"")))","(TagName=""Character.Minion.Pet.Retriever"")",1000,None,None,PetSellItemsTime=120;PetRecoverTime=120,Immortal=1,,,,
Retriever03,"NSLOCTEXT(""MinionsTable"", ""88A5DCC94439FB83637DCC98D2A81137"", ""Silver Retriever"")",TRUE,TRUE,TRUE,"(X=-200.000000,Y=300.000000,Z=0.000000)",1,"NSLOCTEXT(""MinionsTable"", ""F471E4264B1EFDF1BFCD44A53AD23545"", ""Even with their happy-go-lucky attitude, the retriever\'s loyalty means they\'ll always return to your side. Rescue more pets from bosses throughout the world and they will battle courageously at your side."")","(RowName=""PetBuff_BattleCry"")",/Game/Monsters/petretriever/petretriever_03.petretriever_03_C,/Game/Player/CharacterCreate/petretriever_charactercreate_03.petretriever_charactercreate_03_C,"(RowName=""PetRetrieverSilver"")",FALSE,None,6,0.5,0,"(GameplayTags=((TagName=""ItemQuality.Normal"")))",1000,"(GameplayTags=((TagName=""Character.Minion.Pet.Retriever"")))","(TagName=""Character.Minion.Pet.Retriever"")",1000,None,None,PetSellItemsTime=120;PetRecoverTime=120,Immortal=1,,,,
Retriever03_Echtralife,"NSLOCTEXT(""MinionsTable"", ""A7FC631C40A3075F4DB0B6BDAC933D60"", ""Echtralife Retriever"")",TRUE,FALSE,TRUE,"(X=-200.000000,Y=300.000000,Z=0.000000)",1,"NSLOCTEXT(""MinionsTable"", ""DD7913014BDC94E347544FB7B85929CC"", ""Even with their happy-go-lucky attitude, the retriever\'s loyalty means they\'ll always return to your side. Rescue more pets from bosses throughout the world and they will battle courageously at your side."")","(RowName=""PetBuff_BattleCry"")",/Game/Monsters/petretriever/petretriever_03_echtralife.petretriever_03_echtralife_C,None,"(RowName="""")",FALSE,None,6,0.5,0,"(GameplayTags=((TagName=""ItemQuality.Legendary"")))",0,"(GameplayTags=((TagName=""Character.Minion.Pet.Retriever"")))","(TagName="""")",1000,None,None,PetSellItemsTime=120;PetRecoverTime=120,Immortal=1,,,,
Wolf01,"NSLOCTEXT(""MinionsTable"", ""3558568E46D8051BBA1D28B1DABE2E99"", ""Brown Wolf"")",TRUE,FALSE,TRUE,"(X=-200.000000,Y=300.000000,Z=0.000000)",1.3,"NSLOCTEXT(""MinionsTable"", ""27898409474EA3B02F5260ABD7FCD2FA"", ""The cunning Wolf will run at your side, with you as its alpha. Rescue more pets from bosses throughout the world and they will battle courageously at your side."")","(RowName=""PetBuff_BattleCry"")",/Game/Monsters/petwolf/petwolf_01.petwolf_01_C,None,"(RowName="""")",FALSE,None,6,0.5,0,"(GameplayTags=((TagName=""ItemQuality.Magic"")))",1000,"(GameplayTags=((TagName=""Character.Minion.Pet.Wolf"")))","(TagName=""Character.Minion.Pet.Wolf"")",1000,None,None,PetSellItemsTime=120;PetRecoverTime=120,Immortal=1,,,,
Wolf02,"NSLOCTEXT(""MinionsTable"", ""2D608751434018A27DB2609B8159E590"", ""White Wolf"")",TRUE,FALSE,TRUE,"(X=-200.000000,Y=300.000000,Z=0.000000)",1.3,"NSLOCTEXT(""MinionsTable"", ""3572AFD44F79EEBDEA427AA385445650"", ""The cunning Wolf will run at your side, with you as its alpha. Rescue more pets from bosses throughout the world and they will battle courageously at your side."")","(RowName=""PetBuff_BattleCry"")",/Game/Monsters/petwolf/petwolf_02.petwolf_02_C,None,"(RowName="""")",FALSE,None,6,0.5,0,"(GameplayTags=((TagName=""ItemQuality.Legendary"")))",1000,"(GameplayTags=((TagName=""Character.Minion.Pet.Wolf"")))","(TagName=""Character.Minion.Pet.Wolf"")",1000,None,None,PetSellItemsTime=120;PetRecoverTime=120,Immortal=1,,,,
Wolf03,"NSLOCTEXT(""MinionsTable"", ""37D13AFE4AF9C005E4E71DAAC17F5D03"", ""Grey Wolf"")",TRUE,FALSE,TRUE,"(X=-200.000000,Y=300.000000,Z=0.000000)",1.3,"NSLOCTEXT(""MinionsTable"", ""6D03A90D47885E0DD4810BA92011AE0A"", ""The cunning Wolf will run at your side, with you as its alpha. Rescue more pets from bosses throughout the world and they will battle courageously at your side."")","(RowName=""PetBuff_BattleCry"")",/Game/Monsters/petwolf/petwolf_03.petwolf_03_C,None,"(RowName="""")",FALSE,None,6,0.5,0,"(GameplayTags=((TagName=""ItemQuality.Rare"")))",1000,"(GameplayTags=((TagName=""Character.Minion.Pet.Wolf"")))","(TagName=""Character.Minion.Pet.Wolf"")",1000,None,None,PetSellItemsTime=120;PetRecoverTime=120,Immortal=1,,,,
Wolf04,"NSLOCTEXT(""MinionsTable"", ""C2CBEE9D4575659E4688D682349B556B"", ""Wayfinder Wolf"")",TRUE,FALSE,TRUE,"(X=-200.000000,Y=300.000000,Z=0.000000)",1.3,"NSLOCTEXT(""MinionsTable"", ""6F1D22014ADF66FA35380FA27D37F6CA"", ""The cunning Wolf will run at your side, with you as its alpha. Rescue more pets from bosses throughout the world and they will battle courageously at your side."")","(RowName=""PetBuff_BattleCry"")",/Game/Monsters/petwolf/petwolf_01_alpha_bp.petwolf_01_alpha_bp_C,None,"(RowName="""")",FALSE,None,6,0.5,0,"(GameplayTags=((TagName=""ItemQuality.Legendary"")))",0,"(GameplayTags=((TagName=""Character.Minion.Pet.Wolf"")))","(TagName=""Character.Minion.Pet.Wolf"")",1000,None,None,PetSellItemsTime=120;PetRecoverTime=120,Immortal=1,,,,
RailmanTurret,,FALSE,FALSE,FALSE,"(X=-300.000000,Y=0.000000,Z=0.000000)",1,,"(RowName="""")",/Game/Monsters/rmturrett1a/Railman_Turret_Actor1a.Railman_Turret_Actor1a_C,None,"(RowName="""")",FALSE,None,0,1,0,(GameplayTags=),0,"(GameplayTags=((TagName=""Character.Minion.Turret"")))","(TagName="""")",400,None,None,,,,,,
RailmanTrackBuffer,,FALSE,FALSE,FALSE,"(X=-300.000000,Y=0.000000,Z=0.000000)",1,,"(RowName="""")",/Game/Skills/Blueprints/Railman/RailmanTrackBuffer.RailmanTrackBuffer_C,None,"(RowName="""")",FALSE,None,0,0,0,(GameplayTags=),0,"(GameplayTags=((TagName=""Character.Minion.Track"")))","(TagName="""")",1000,None,None,,,,,,
mountbuffalope,,FALSE,FALSE,TRUE,"(X=-300.000000,Y=0.000000,Z=0.000000)",1,,"(RowName="""")",/Game/Monsters/mountbuffalope/mountbuffalope.mountbuffalope_C,None,"(RowName="""")",FALSE,None,1,1,0,(GameplayTags=),0,(GameplayTags=),"(TagName="""")",1000,None,None,,,,,,
DuskMageSpiritWell,"NSLOCTEXT(""MinionsTable"", ""2A68BD024762380B7C3DF99B1ED7B7B1"", ""Spirit Well"")",FALSE,FALSE,TRUE,"(X=-300.000000,Y=0.000000,Z=0.000000)",1,,"(RowName="""")",/Game/Skills/Blueprints/DuskMage/SpiritWellSummoner.SpiritWellSummoner_C,None,"(RowName="""")",FALSE,None,0.25,1,0,(GameplayTags=),0,"(GameplayTags=((TagName=""Character.Minion.SpiritWell"")))","(TagName="""")",1000,None,None,,,,,,
DuskMageSpiritSummon,"NSLOCTEXT(""MinionsTable"", ""ACF15E2744640ED5F8147CB10CBC8E7A"", ""Soulless"")",FALSE,FALSE,TRUE,"(X=-300.000000,Y=0.000000,Z=0.000000)",1,,"(RowName="""")",/Game/Monsters/prototypes/spiritwell_minion/SpiritWellMinion.SpiritWellMinion_C,None,"(RowName="""")",FALSE,None,0.75,0.2,15,(GameplayTags=),0,"(GameplayTags=((TagName=""Character.Minion.SpiritSummon"")))","(TagName="""")",1000,None,None,,,,,,
DuskMageSpiritSummonWarrior,"NSLOCTEXT(""MinionsTable"", ""D339FA8542D8FDE63351CF8C4BF6DBA3"", ""Soulless Warrior"")",FALSE,FALSE,TRUE,"(X=-300.000000,Y=0.000000,Z=0.000000)",0.75,,"(RowName="""")",/Game/Monsters/netherimwarrior/netherimwarrior_base_bp_minion_friendly.netherimwarrior_base_bp_minion_friendly_C,None,"(RowName="""")",FALSE,None,0.25,0.4,15,(GameplayTags=),0,"(GameplayTags=((TagName=""Character.Minion.SpiritWell.Warrior"")))","(TagName="""")",1000,None,None,,,,,,
DuskMageSpiritSummonBrute,"NSLOCTEXT(""MinionsTable"", ""1CF3B144464E342797C4D2AD8FBF94FB"", ""Soullless Slugger"")",FALSE,FALSE,TRUE,"(X=-300.000000,Y=0.000000,Z=0.000000)",0.5,,"(RowName="""")",/Game/Monsters/netherimbrute/netherimbrute_slugger_bp_minion_friendly.netherimbrute_slugger_bp_minion_friendly_C,None,"(RowName="""")",FALSE,None,0.8,0.6,15,(GameplayTags=),0,"(GameplayTags=((TagName=""Character.Minion.SpiritWell.Brute"")))","(TagName="""")",1000,None,None,,,,,,
EnergySpikeMinion,"NSLOCTEXT(""MinionsTable"", ""B250554D444FBFF0EC9502A482C53639"", ""Soulless"")",FALSE,FALSE,TRUE,"(X=-300.000000,Y=0.000000,Z=0.000000)",1,,"(RowName="""")",/Game/Monsters/prototypes/spiritwell_minion/EnergySpikeMinion.EnergySpikeMinion_C,None,"(RowName="""")",FALSE,None,0.25,0.25,0,(GameplayTags=),0,"(GameplayTags=((TagName=""Character.Minion.EnergySpike"")))","(TagName="""")",1000,None,None,,,,,,
SpiritWellNetherimWarrior,"NSLOCTEXT(""MinionsTable"", ""D339FA8542D8FDE63351CF8C4BF6DBA3"", ""Soulless Warrior"")",FALSE,FALSE,TRUE,"(X=-300.000000,Y=0.000000,Z=0.000000)",0.75,,"(RowName="""")",/Game/Monsters/netherimwarrior/spiritwellwarrior.spiritwellwarrior_C,None,"(RowName="""")",FALSE,None,0.25,0.4,15,(GameplayTags=),0,"(GameplayTags=((TagName=""Character.Minion.Affix.NetherimWarrior"")))","(TagName="""")",1000,None,None,,,,,,
SpiritWellNetherimSlugger,"NSLOCTEXT(""MinionsTable"", ""1CF3B144464E342797C4D2AD8FBF94FB"", ""Soullless Slugger"")",FALSE,FALSE,TRUE,"(X=-300.000000,Y=0.000000,Z=0.000000)",0.5,,"(RowName="""")",/Game/Monsters/netherimbrute/spiritwellslugger.spiritwellslugger_C,None,"(RowName="""")",FALSE,None,0.25,0.4,15,(GameplayTags=),0,"(GameplayTags=((TagName=""Character.Minion.Affix.NetherimSlugger"")))","(TagName="""")",1000,None,None,,,,,,
RailmasterFreightCar,,FALSE,FALSE,TRUE,"(X=-300.000000,Y=0.000000,Z=0.000000)",1,,"(RowName="""")",/Game/Monsters/rmturrett1a/Railman_FreightCar_Actor.Railman_FreightCar_Actor_C,None,"(RowName="""")",FALSE,None,0,0,0,(GameplayTags=),0,"(GameplayTags=((TagName=""Character.Minion.Turret"")))","(TagName="""")",1000,None,None,,,,,,
RailmasterCabooseCar,,FALSE,FALSE,TRUE,"(X=-300.000000,Y=0.000000,Z=0.000000)",1,,"(RowName="""")",/Game/Monsters/rmturrett1a/Railman_CabooseCar_Actor.Railman_CabooseCar_Actor_C,None,"(RowName="""")",FALSE,None,0,0,0,(GameplayTags=),0,"(GameplayTags=((TagName=""Character.Minion.Turret"")))","(TagName="""")",1000,None,None,,,,,,
RailmasterTurretCar,,FALSE,FALSE,TRUE,"(X=-300.000000,Y=0.000000,Z=0.000000)",1,,"(RowName="""")",/Game/Monsters/rmturrett1a/Railman_Turret_Follow_Actor.Railman_Turret_Follow_Actor_C,None,"(RowName="""")",FALSE,None,0,1,0,(GameplayTags=),0,"(GameplayTags=((TagName=""Character.Minion.Turret"")))","(TagName="""")",440,None,None,,,,,,
RailmasterMortarTurret,,FALSE,FALSE,TRUE,"(X=-300.000000,Y=0.000000,Z=0.000000)",1,,"(RowName="""")",/Game/Monsters/rmturrett1a/Railman_MortarCar_Actor.Railman_MortarCar_Actor_C,None,"(RowName="""")",FALSE,None,0,1,0,(GameplayTags=),0,"(GameplayTags=((TagName=""Character.Minion.Turret"")))","(TagName="""")",775,None,None,,,,,,
LostLegion,"NSLOCTEXT(""MinionsTable"", ""8E0A71D7455A6570515D46AD1EAD923F"", ""Lost Legion"")",FALSE,FALSE,TRUE,"(X=-300.000000,Y=0.000000,Z=0.000000)",1,,"(RowName="""")",/Game/Monsters/skeleton/Skeleton_01_melee_friendly_ghostly_b.Skeleton_01_melee_friendly_ghostly_b_C,None,"(RowName="""")",FALSE,None,0.35,0.8,0,(GameplayTags=),0,"(GameplayTags=((TagName=""Character.Minion.LostLegion"")))","(TagName="""")",1000,None,None,,,,,,
LostLegionHero,"NSLOCTEXT(""MinionsTable"", ""28568C004626A0374D3B40A0CB1251D4"", ""Lost Legion Hero"")",FALSE,FALSE,TRUE,"(X=-300.000000,Y=0.000000,Z=0.000000)",1,,"(RowName="""")",/Game/Monsters/skeleton/skeleton_shield_ghost_minion.skeleton_shield_ghost_minion_C,None,"(RowName="""")",FALSE,None,0.75,1,0,(GameplayTags=),0,"(GameplayTags=((TagName=""Character.Minion.LostLegionHero"")))","(TagName="""")",1000,None,None,,,,,,
ColdSicknessMinion,"NSLOCTEXT(""MinionsTable"", ""CDDBD0B54E5FF0F6257F3ABD01453742"", ""Cold Sickness Minion"")",FALSE,FALSE,TRUE,"(X=-300.000000,Y=0.000000,Z=0.000000)",1,,"(RowName="""")",/Game/Monsters/prototypes/spiritwell_minion/ColdSicknessMinion.ColdSicknessMinion_C,None,"(RowName="""")",FALSE,None,0.25,0.25,0,(GameplayTags=),0,"(GameplayTags=((TagName=""Character.Minion.ColdSickness"")))","(TagName="""")",1000,None,None,,,,,,
InfestedLarvae,"NSLOCTEXT(""MinionsTable"", ""240A081948D7ED2419447DA5700F47BD"", ""Hyvid Larva"")",FALSE,FALSE,TRUE,"(X=-300.000000,Y=0.000000,Z=0.000000)",1,,"(RowName="""")",/Game/Monsters/vsplarvae/vsplarvae_minion_bp.vsplarvae_minion_bp_C,None,"(RowName="""")",FALSE,None,0.25,0.25,0,(GameplayTags=),0,"(GameplayTags=((TagName=""Character.Minion.InfestedLarvae"")))","(TagName="""")",1000,None,None,,,,,,
Sharpshooter_GoblinMinion,"NSLOCTEXT(""MinionsTable"", ""D5AA71EF4B9E88C2074BE69C7B4541FB"", ""Goblin Soldier"")",FALSE,FALSE,TRUE,"(X=-300.000000,Y=0.000000,Z=0.000000)",1,,"(RowName="""")",/Game/Skills/Blueprints/Sharpshooter/Sharpshooter_GoblinMinion.Sharpshooter_GoblinMinion_C,None,"(RowName="""")",FALSE,None,0.5,0.3,0,(GameplayTags=),0,"(GameplayTags=((TagName=""Character.Minion.Goblin"")))","(TagName="""")",1000,None,None,,,,,,
EggGuard,"NSLOCTEXT(""MinionsTable"", ""36AC0678476372032894FD871B759635"", ""Egg Guard"")",FALSE,FALSE,TRUE,"(X=-300.000000,Y=0.000000,Z=0.000000)",1,,"(RowName="""")",/Game/Monsters/vspsoldier/vspeggguard_b.vspeggguard_b_C,None,"(RowName="""")",FALSE,None,1,0.25,0,(GameplayTags=),0,"(GameplayTags=((TagName=""Character.Minion.EggGuard"")))","(TagName="""")",1000,None,None,,,,,,
Spellbreaker_Netherling,"NSLOCTEXT(""MinionsTable"", ""4F0C611041081C309A95F7845F150B70"", ""Netherling"")",FALSE,FALSE,TRUE,"(X=-450.000000,Y=0.000000,Z=0.000000)",1,,"(RowName="""")",/Game/Monsters/netherling/netherling_minion_b.netherling_minion_b_C,None,"(RowName="""")",FALSE,None,0.115,0.035,0,(GameplayTags=),0,"(GameplayTags=((TagName=""Character.Minion.Netherling"")))","(TagName="""")",1000,None,None,,,,,,
TemporalStaffDuplicate,"NSLOCTEXT(""MinionsTable"", ""AB103EB64A51AFCC249F7C8BAF19B510"", ""Temporal Clockwork Duplicate"")",FALSE,FALSE,TRUE,"(X=-300.000000,Y=0.000000,Z=0.000000)",1,,"(RowName="""")",/Game/Monsters/spiritweapon/spiritweapon_staff_temporal_b.spiritweapon_staff_temporal_b_C,None,"(RowName="""")",FALSE,None,0.35,0.4,0,(GameplayTags=),0,"(GameplayTags=((TagName=""Character.Minion.Duplicate"")))","(TagName="""")",1000,None,None,,,,,,
RailmasterShieldCar,,FALSE,FALSE,TRUE,"(X=-300.000000,Y=0.000000,Z=0.000000)",1,,"(RowName="""")",/Game/Monsters/rmturrett1a/Railman_ShieldCar_Actor.Railman_ShieldCar_Actor_C,None,"(RowName="""")",FALSE,None,0,0,0,(GameplayTags=),0,"(GameplayTags=((TagName=""Character.Minion.Turret"")))","(TagName="""")",1000,None,None,,,,,,
SquawkclawTrackBuffer,,FALSE,FALSE,TRUE,"(X=0.000000,Y=0.000000,Z=0.000000)",1,,"(RowName="""")",/Game/Monsters/Blueprints/SquawkclawBoss/SquawkclawTrackBuffer.SquawkclawTrackBuffer_C,None,"(RowName="""")",FALSE,None,0,0,0,(GameplayTags=),0,(GameplayTags=),"(TagName="""")",1000,None,None,,,,,,
SquawkclawLaserEyes,,TRUE,FALSE,TRUE,"(X=0.000000,Y=0.000000,Z=0.000000)",1,,"(RowName="""")",/Game/Monsters/Blueprints/SquawkclawBoss/SquawkclawLaserEyesMinion.SquawkclawLaserEyesMinion_C,None,"(RowName="""")",FALSE,None,1,1,0,(GameplayTags=),0,(GameplayTags=),"(TagName="""")",1000,None,None,,,,,,
Vespid_Egg,,FALSE,FALSE,TRUE,"(X=0.000000,Y=0.000000,Z=0.000000)",1,,"(RowName="""")",/Game/Monsters/vspegg/vspegg_bp.vspegg_bp_C,None,"(RowName="""")",FALSE,None,0.25,0.25,0,(GameplayTags=),0,"(GameplayTags=((TagName=""Character.Minion"")))","(TagName="""")",1000,None,None,,,,,,
RailmasterShotgonneCar,,FALSE,FALSE,TRUE,"(X=-300.000000,Y=0.000000,Z=0.000000)",1,,"(RowName="""")",/Game/Monsters/rmturrett1a/Railman_ShotgonneCar_Actor.Railman_ShotgonneCar_Actor_C,None,"(RowName="""")",FALSE,None,0,1,0,(GameplayTags=),0,"(GameplayTags=((TagName=""Character.Minion.Turret"")))","(TagName="""")",350,None,None,,,,,,
RailmasterFlamethrowerCar,,FALSE,FALSE,TRUE,"(X=-300.000000,Y=0.000000,Z=0.000000)",1,,"(RowName="""")",/Game/Monsters/rmturrett1a/Railman_FlamethrowerCar_Actor.Railman_FlamethrowerCar_Actor_C,None,"(RowName="""")",FALSE,None,0,1,0,(GameplayTags=),0,"(GameplayTags=((TagName=""Character.Minion.Turret"")))","(TagName="""")",500,None,None,,,,,,
SpiderAllies,"NSLOCTEXT(""MinionsTable"", ""E1098A274375D7D4D8CB4F9F1412E368"", ""Summoned Spiderling"")",FALSE,FALSE,TRUE,"(X=-300.000000,Y=0.000000,Z=0.000000)",1,,"(RowName="""")",/Game/Skills/Blueprints/EmberWeapons/Bane/Bane_SpiderMinion.Bane_SpiderMinion_C,None,"(RowName="""")",FALSE,None,1,1,0,(GameplayTags=),0,"(GameplayTags=((TagName=""Character.Minion.BaneSpider"")))","(TagName="""")",1000,None,None,,,,,,
AffixSkeletonMelee,"NSLOCTEXT(""MinionsTable"", ""057CED554DECB5902D6A228A19585CAE"", ""Skeleton Warrior"")",FALSE,FALSE,FALSE,"(X=-300.000000,Y=0.000000,Z=0.000000)",1,,"(RowName="""")",/Game/Monsters/skeleton/Skeleton_01_melee_friendly_affix_b.Skeleton_01_melee_friendly_affix_b_C,None,"(RowName="""")",FALSE,None,0.35,0.4,0,(GameplayTags=),0,"(GameplayTags=((TagName=""Character.Minion.Affix.Skeleton"")))","(TagName=""Character.Minion.Affix.Skeleton"")",1000,None,None,,Immortal=1,,,,
AffixSkeletonShield,"NSLOCTEXT(""MinionsTable"", ""5B50A3F743311323A953CCBB7E35FEBB"", ""Skeleton Knight"")",FALSE,FALSE,FALSE,"(X=-300.000000,Y=0.000000,Z=0.000000)",1,,"(RowName="""")",/Game/Monsters/skeleton/skeleton_02_shield_friendly_affix_b.skeleton_02_shield_friendly_affix_b_C,None,"(RowName="""")",FALSE,None,0.35,0.4,0,(GameplayTags=),0,"(GameplayTags=((TagName=""Character.Minion.Affix.Skeleton"")))","(TagName=""Character.Minion.Affix.Skeleton"")",1000,None,None,,Immortal=1,,,,
AffixSkeletonRanged,"NSLOCTEXT(""MinionsTable"", ""9F469A62494A236852108982F9391CDA"", ""Skeleton Archer"")",FALSE,FALSE,FALSE,"(X=-300.000000,Y=0.000000,Z=0.000000)",1,,"(RowName="""")",/Game/Monsters/skeleton/skeleton_03_ranged_friendly_affix_b.skeleton_03_ranged_friendly_affix_b_C,None,"(RowName="""")",FALSE,None,0.35,0.35,0,(GameplayTags=),0,"(GameplayTags=((TagName=""Character.Minion.Affix.Skeleton"")))","(TagName=""Character.Minion.Affix.Skeleton"")",1000,None,None,,Immortal=1,,,,
OrdrakSkeletonMelee,"NSLOCTEXT(""MinionsTable"", ""5586D8E84D1F5153CCF619BC40201709"", ""Enslaved Warrior"")",FALSE,FALSE,FALSE,"(X=0.000000,Y=0.000000,Z=0.000000)",1,,"(RowName="""")",/Game/Monsters/Blueprints/Ordrak/skeleton_01_melee_b_Ordrak.skeleton_01_melee_b_Ordrak_C,None,"(RowName="""")",FALSE,None,0.025,0.25,0,(GameplayTags=),0,"(GameplayTags=((TagName=""Character.Minion.OrdrakSkeleton"")))","(TagName=""Character.Minion.OrdrakSkeleton"")",1000,None,None,,,,,,
OrdrakSkeletonShield,"NSLOCTEXT(""MinionsTable"", ""1359513D47A3C348FC206C9885D076E3"", ""Enslaved Knight"")",FALSE,FALSE,FALSE,"(X=0.000000,Y=0.000000,Z=0.000000)",1,,"(RowName="""")",/Game/Monsters/Blueprints/Ordrak/skeleton_02_shield_b_Ordrak.skeleton_02_shield_b_Ordrak_C,None,"(RowName="""")",FALSE,None,0.04,0.25,0,(GameplayTags=),0,"(GameplayTags=((TagName=""Character.Minion.OrdrakSkeleton"")))","(TagName=""Character.Minion.OrdrakSkeleton"")",1000,None,None,,,,,,
OrdrakSkeletonRanged,"NSLOCTEXT(""MinionsTable"", ""FE16D718425B8ED944C56AABE6964A18"", ""Enslaved Archer"")",FALSE,FALSE,FALSE,"(X=0.000000,Y=0.000000,Z=0.000000)",1,,"(RowName="""")",/Game/Monsters/Blueprints/Ordrak/skeleton_03_ranged_b_Ordrak.skeleton_03_ranged_b_Ordrak_C,None,"(RowName="""")",FALSE,None,0.025,0.1,0,(GameplayTags=),0,"(GameplayTags=((TagName=""Character.Minion.OrdrakSkeleton"")))","(TagName=""Character.Minion.OrdrakSkeleton"")",1000,None,None,,,,,,
AffixSkeletonFireMelee,"NSLOCTEXT(""MinionsTable"", ""9861E92E4FE1567DBADAE487C209D6E0"", ""Burning Skeleton Warrior"")",FALSE,FALSE,FALSE,"(X=-300.000000,Y=0.000000,Z=0.000000)",1,,"(RowName="""")",/Game/Monsters/skeleton/skeleton_01_melee_fire_friendly_affix_bp.skeleton_01_melee_fire_friendly_affix_bp_C,None,"(RowName="""")",FALSE,None,0.35,0.4,0,(GameplayTags=),0,"(GameplayTags=((TagName=""Character.Minion.Affix.Skeleton"")))","(TagName=""Character.Minion.Affix.Skeleton"")",1000,None,None,,Immortal=1,,,,
AffixSkeletonFireRanged,"NSLOCTEXT(""MinionsTable"", ""7B7A8579436FC85048EC5C84F87FE6A6"", ""Burning Skeleton Archer"")",FALSE,FALSE,FALSE,"(X=-300.000000,Y=0.000000,Z=0.000000)",1,,"(RowName="""")",/Game/Monsters/skeleton/skeleton_03_ranged_fire_friendly_affix_bp.skeleton_03_ranged_fire_friendly_affix_bp_C,None,"(RowName="""")",FALSE,None,0.35,0.4,0,(GameplayTags=),0,"(GameplayTags=((TagName=""Character.Minion.Affix.Skeleton"")))","(TagName=""Character.Minion.Affix.Skeleton"")",1000,None,None,,Immortal=1,,,,
AffixZombieMelee,"NSLOCTEXT(""MinionsTable"", ""3B33D859464229A348AF81A5E9888AA7"", ""Zombie"")",FALSE,FALSE,FALSE,"(X=-300.000000,Y=0.000000,Z=0.000000)",1,,"(RowName="""")",/Game/Monsters/zombmelee/zombmelee_friendly_affix_b.zombmelee_friendly_affix_b_C,None,"(RowName="""")",FALSE,None,0.35,0.4,0,(GameplayTags=),0,"(GameplayTags=((TagName=""Character.Minion.Affix.Zombie"")))","(TagName=""Character.Minion.Affix.Zombie"")",1000,None,None,,Immortal=1,,,,
AffixRat,"NSLOCTEXT(""MinionsTable"", ""C39CC81244FD790C760180867934C6F3"", ""Rat"")",FALSE,FALSE,FALSE,"(X=-300.000000,Y=0.000000,Z=0.000000)",1,,"(RowName="""")",/Game/Monsters/mossrat/mossrat_friendly_affix_b.mossrat_friendly_affix_b_C,None,"(RowName="""")",FALSE,None,0.35,0.3,0,(GameplayTags=),0,"(GameplayTags=((TagName=""Character.Minion.Affix.Rat"")))","(TagName=""Character.Minion.Affix.Rat"")",1000,None,None,,Immortal=1,,,,
AffixNetherling,"NSLOCTEXT(""MinionsTable"", ""C76AA4414E4E9B96D080E0B481EF75F4"", ""Enthralled Netherling"")",FALSE,FALSE,FALSE,"(X=-300.000000,Y=0.000000,Z=0.000000)",1,,"(RowName="""")",/Game/Monsters/netherling/netherling_friendly_affix_b.netherling_friendly_affix_b_C,None,"(RowName="""")",FALSE,None,0.35,0.35,0,(GameplayTags=),0,"(GameplayTags=((TagName=""Character.Minion.Affix.Netherling"")))","(TagName=""Character.Minion.Affix.Netherling"")",1000,None,None,,Immortal=1,,,,
AffixDireWolf,"NSLOCTEXT(""MinionsTable"", ""1D28351D4BB890ECDFCE018FAB6E5577"", ""Dire Wolf"")",FALSE,FALSE,FALSE,"(X=-300.000000,Y=0.000000,Z=0.000000)",1,,"(RowName="""")",/Game/Monsters/petwolf/petwolf_direwolf_affix_bp.petwolf_direwolf_affix_bp_C,None,"(RowName="""")",FALSE,None,0.35,0.4,0,(GameplayTags=),0,"(GameplayTags=((TagName=""Character.Minion.Affix.Wolf"")))","(TagName=""Character.Minion.Affix.Wolf"")",1000,None,None,,Immortal=1,,,,
AffixGhostGuard,"NSLOCTEXT(""MinionsTable"", ""E967ABD34A4CBF79A1057F9028066075"", ""Spectral Guard"")",FALSE,FALSE,FALSE,"(X=-300.000000,Y=0.000000,Z=0.000000)",1,,"(RowName="""")",/Game/Monsters/npcimperialguard/npcimperialguard_attack_affix_bp.npcimperialguard_attack_affix_bp_C,None,"(RowName="""")",FALSE,None,0.5,0.4,0,(GameplayTags=),0,"(GameplayTags=((TagName=""Character.Minion.Affix.GhostGuard"")))","(TagName=""Character.Minion.Affix.GhostGuard"")",1000,None,None,,Immortal=1,,,,
AffixOnProcSkeletonMelee,"NSLOCTEXT(""MinionsTable"", ""057CED554DECB5902D6A228A19585CAE"", ""Skeleton Warrior"")",FALSE,FALSE,FALSE,"(X=-300.000000,Y=0.000000,Z=0.000000)",1,,"(RowName="""")",/Game/Monsters/skeleton/Skeleton_01_melee_friendly_affix_b.Skeleton_01_melee_friendly_affix_b_C,None,"(RowName="""")",FALSE,None,0.35,0.4,20,(GameplayTags=),0,"(GameplayTags=((TagName=""Character.Minion.Affix.Skeleton.Melee"")))","(TagName=""Character.Minion.Affix.Skeleton.Melee"")",1000,None,None,,Immortal=1,,,,
AffixOnProcSkeletonShield,"NSLOCTEXT(""MinionsTable"", ""1BCA0F1E47AB20FD4FEE57A7321A1B4F"", ""Skeleton Knight"")",FALSE,FALSE,FALSE,"(X=-300.000000,Y=0.000000,Z=0.000000)",1,,"(RowName="""")",/Game/Monsters/skeleton/skeleton_02_shield_friendly_affix_b.skeleton_02_shield_friendly_affix_b_C,None,"(RowName="""")",FALSE,None,0.5,0.4,20,(GameplayTags=),0,"(GameplayTags=((TagName=""Character.Minion.Affix.Skeleton.Shield"")))","(TagName=""Character.Minion.Affix.Skeleton.Shield"")",1000,None,None,,Immortal=1,,,,
AffixOnProcSkeletonRanged,"NSLOCTEXT(""MinionsTable"", ""D04865E4467EE44710EA61841C82726C"", ""Skeleton Archer"")",FALSE,FALSE,FALSE,"(X=-300.000000,Y=0.000000,Z=0.000000)",1,,"(RowName="""")",/Game/Monsters/skeleton/skeleton_03_ranged_friendly_affix_b.skeleton_03_ranged_friendly_affix_b_C,None,"(RowName="""")",FALSE,None,0.35,0.35,20,(GameplayTags=),0,"(GameplayTags=((TagName=""Character.Minion.Affix.Skeleton.Ranged"")))","(TagName=""Character.Minion.Affix.Skeleton.Ranged"")",1000,None,None,,Immortal=1,,,,
AffixOnProcSkeletonFireMelee,"NSLOCTEXT(""MinionsTable"", ""70D47B954B1F8564D7558E99253940E8"", ""Burning Skeleton Warrior"")",FALSE,FALSE,FALSE,"(X=-300.000000,Y=0.000000,Z=0.000000)",1,,"(RowName="""")",/Game/Monsters/skeleton/skeleton_01_melee_fire_friendly_affix_bp.skeleton_01_melee_fire_friendly_affix_bp_C,None,"(RowName="""")",FALSE,None,0.35,0.6,10,(GameplayTags=),0,"(GameplayTags=((TagName=""Character.Minion.Affix.Skeleton"")))","(TagName=""Character.Minion.Affix.Skeleton"")",1000,None,None,,Immortal=1,,,,
AffixOnProcSkeletonFireRanged,"NSLOCTEXT(""MinionsTable"", ""335DF0FB429547A9039BCF8651DBA856"", ""Burning Skeleton Archer"")",FALSE,FALSE,FALSE,"(X=-300.000000,Y=0.000000,Z=0.000000)",1,,"(RowName="""")",/Game/Monsters/skeleton/skeleton_03_ranged_fire_friendly_affix_bp.skeleton_03_ranged_fire_friendly_affix_bp_C,None,"(RowName="""")",FALSE,None,0.35,0.4,10,(GameplayTags=),0,"(GameplayTags=((TagName=""Character.Minion.Affix.Skeleton"")))","(TagName=""Character.Minion.Affix.Skeleton"")",1000,None,None,,Immortal=1,,,,
AffixOnProcZombieMelee,"NSLOCTEXT(""MinionsTable"", ""F52E2FCF469F0743E15AE3B20B74758D"", ""Zombie"")",FALSE,FALSE,FALSE,"(X=-300.000000,Y=0.000000,Z=0.000000)",1,,"(RowName="""")",/Game/Monsters/zombmelee/zombmelee_friendly_affix_b.zombmelee_friendly_affix_b_C,None,"(RowName="""")",FALSE,None,0.35,0.4,10,(GameplayTags=),0,"(GameplayTags=((TagName=""Character.Minion.Affix.Zombie"")))","(TagName=""Character.Minion.Affix.Zombie"")",1000,None,None,,Immortal=1,,,,
AffixOnProcRat,"NSLOCTEXT(""MinionsTable"", ""DDE8E9384BFB35B43BC3FB9A50ACCA63"", ""Rat"")",FALSE,FALSE,FALSE,"(X=-300.000000,Y=0.000000,Z=0.000000)",1,,"(RowName="""")",/Game/Monsters/mossrat/mossrat_friendly_affix_b.mossrat_friendly_affix_b_C,None,"(RowName="""")",FALSE,None,0.35,0.3,10,(GameplayTags=),0,"(GameplayTags=((TagName=""Character.Minion.Affix.Rat"")))","(TagName=""Character.Minion.Affix.Rat"")",1000,None,None,,Immortal=1,,,,
AffixOnProcNetherling,"NSLOCTEXT(""MinionsTable"", ""6D6799AC4212D48BC50D8AA5142497D9"", ""Enthralled Netherling"")",FALSE,FALSE,FALSE,"(X=-300.000000,Y=0.000000,Z=0.000000)",1,,"(RowName="""")",/Game/Monsters/netherling/netherling_friendly_affix_b.netherling_friendly_affix_b_C,None,"(RowName="""")",FALSE,None,0.35,0.35,10,(GameplayTags=),0,"(GameplayTags=((TagName=""Character.Minion.Affix.Netherling"")))","(TagName=""Character.Minion.Affix.Netherling"")",1000,None,None,,Immortal=1,,,,
AffixOnProcDireWolf,"NSLOCTEXT(""MinionsTable"", ""DF9F3A77474B0DF84F8D9BB5BB588F48"", ""Dire Wolf"")",FALSE,FALSE,FALSE,"(X=-300.000000,Y=0.000000,Z=0.000000)",1,,"(RowName="""")",/Game/Monsters/petwolf/petwolf_direwolf_affix_bp.petwolf_direwolf_affix_bp_C,None,"(RowName="""")",FALSE,None,0.35,0.4,10,(GameplayTags=),0,"(GameplayTags=((TagName=""Character.Minion.Affix.Wolf"")))","(TagName=""Character.Minion.Affix.Wolf"")",1000,None,None,,Immortal=1,,,,
AffixOnProcGhostGuard,"NSLOCTEXT(""MinionsTable"", ""CE133A4B4F1AD5FF0A8F738884C354DF"", ""Spectral Guard"")",FALSE,FALSE,FALSE,"(X=-300.000000,Y=0.000000,Z=0.000000)",1,,"(RowName="""")",/Game/Monsters/npcimperialguard/npcimperialguard_attack_affix_bp.npcimperialguard_attack_affix_bp_C,None,"(RowName="""")",FALSE,None,0.35,0.4,10,(GameplayTags=),0,"(GameplayTags=((TagName=""Character.Minion.Affix.GhostGuard"")))","(TagName=""Character.Minion.Affix.GhostGuard"")",1000,None,None,,Immortal=1,,,,
ShadowBeastMinionMelee,"NSLOCTEXT(""MinionsTable"", ""1465664F4694BCEDC42F5E9F448F286B"", ""Shadow Spawn"")",FALSE,FALSE,TRUE,"(X=0.000000,Y=0.000000,Z=0.000000)",1,,"(RowName="""")",/Game/Monsters/shadowbeast/shadowbeast_minion_melee_b.shadowbeast_minion_melee_b_C,None,"(RowName="""")",FALSE,None,1,1,0,(GameplayTags=),0,"(GameplayTags=((TagName=""Character.Minion.Shadowbeast"")))","(TagName=""Character.Minion.Shadowbeast"")",1000,None,None,,,,,,
ShadowBeastMinionRanged,"NSLOCTEXT(""MinionsTable"", ""C8C7C5364759F069394274AE6BAF5716"", ""Shadow Spawn"")",FALSE,FALSE,TRUE,"(X=0.000000,Y=0.000000,Z=0.000000)",1,,"(RowName="""")",/Game/Monsters/shadowbeast/shadowbeast_minion_ranged_b.shadowbeast_minion_ranged_b_C,None,"(RowName="""")",FALSE,None,1,1,0,(GameplayTags=),0,"(GameplayTags=((TagName=""Character.Minion.Shadowbeast"")))","(TagName=""Character.Minion.Shadowbeast"")",1000,None,None,,,,,,
AffixOnProcGoblinHound,"NSLOCTEXT(""MinionsTable"", ""7BE5AA334B6D8D444A9CAD971DD7970E"", ""Goblin Hound"")",FALSE,FALSE,FALSE,"(X=-300.000000,Y=0.000000,Z=0.000000)",1,,"(RowName="""")",/Game/Monsters/gobrider/gobrider_beast_b_Friendly.gobrider_beast_b_Friendly_C,None,"(RowName="""")",FALSE,None,0.7,0.8,20,(GameplayTags=),0,"(GameplayTags=((TagName=""Character.Minion.Affix.GoblinHound"")))","(TagName=""Character.Minion.Affix.GoblinHound"")",1000,None,None,,,,,,
AffixOnProcGhostlyRailmaster,"NSLOCTEXT(""MinionsTable"", ""59AA902D48CAF5B7BBC4A3B85D690CD0"", ""Ancestral Spirit"")",FALSE,FALSE,FALSE,"(X=-300.000000,Y=0.000000,Z=0.000000)",1,,"(RowName="""")",/Game/Skills/Blueprints/Railman/Legendary/pet_SpectralRailmaster_bp.pet_SpectralRailmaster_bp_C,None,"(RowName="""")",FALSE,None,1,1,20,(GameplayTags=),0,"(GameplayTags=((TagName=""Character.Minion.Affix.SpectralRailmaster"")))","(TagName=""Character.Minion.Affix.SpectralRailmaster"")",1000,None,None,,,,,,
AffixOnProcAutomabot,"NSLOCTEXT(""MinionsTable"", ""7CBA409B476A175539B2A1B68F93D68B"", ""Explodobot"")",FALSE,FALSE,FALSE,"(X=0.000000,Y=0.000000,Z=0.000000)",0.75,,"(RowName="""")",/Game/Skills/Blueprints/Forged/Legendary/pet_Automabot_bp.pet_Automabot_bp_C,None,"(RowName="""")",FALSE,None,1,1,20,(GameplayTags=),0,"(GameplayTags=((TagName=""Character.Minion.Affix.Automabot"")))","(TagName=""Character.Minion.Affix.Automabot"")",1000,None,None,,,,,,
IceGolemFriendly,"NSLOCTEXT(""MinionsTable"", ""026D3836407968933ADB119D3F7263EB"", ""Ice Golem"")",FALSE,FALSE,FALSE,"(X=-300.000000,Y=0.000000,Z=0.000000)",1,,"(RowName="""")",/Game/Monsters/stoneelemental/stoneelemental_ice_b.stoneelemental_ice_b_C,None,"(RowName="""")",FALSE,None,0.5,0.8,20,(GameplayTags=),0,"(GameplayTags=((TagName=""Character.Minion.IceGolem"")))","(TagName=""Character.Minion.IceGolem"")",1000,None,None,,,,,,
AffixOnProcEnchantedHammer,"NSLOCTEXT(""MinionsTable"", ""9565A4CF48FEA7D605648B97D8D7F385"", ""Enchanted Hammer"")",FALSE,FALSE,FALSE,"(X=-300.000000,Y=0.000000,Z=0.000000)",1,,"(RowName="""")",/Game/Skills/Blueprints/Railman/Legendary/pet_EnchantedHammer_bp.pet_EnchantedHammer_bp_C,None,"(RowName="""")",FALSE,None,1,2,20,(GameplayTags=),0,"(GameplayTags=((TagName=""Character.Minion.Affix.EnchantedHammer"")))","(TagName=""Character.Minion.Affix.EnchantedHammer"")",1000,None,None,,,,,,
Legendary_PoisonEgg,"NSLOCTEXT(""MinionsTable"", ""F8744F094C519BBFA1F75C8C55D4B900"", ""Poison Egg"")",FALSE,FALSE,TRUE,"(X=0.000000,Y=0.000000,Z=0.000000)",1,,"(RowName="""")",/Game/Skills/Blueprints/Legendaries/poisonEgg_bp.poisonEgg_bp_C,None,"(RowName="""")",FALSE,None,1,1,0,(GameplayTags=),0,"(GameplayTags=((TagName=""Character.Minion.Affix.PoisonEgg"")))","(TagName=""Character.Minion.Affix.PoisonEgg"")",1000,None,None,,,,,,
AffixShadowThrall,"NSLOCTEXT(""MinionsTable"", ""5D9C568642B76E07E8087E9F5D0178E8"", ""Shadow"")",FALSE,FALSE,TRUE,"(X=0.000000,Y=0.000000,Z=0.000000)",1,,"(RowName="""")",/Game/Skills/Blueprints/Monsters/Affixes/shadowthrall_dummy_bp.shadowthrall_dummy_bp_C,None,"(RowName="""")",FALSE,None,1,1,0,(GameplayTags=),0,(GameplayTags=),"(TagName="""")",1000,None,None,,,,,,
OrdrakPoisonOrb,"NSLOCTEXT(""MinionsTable"", ""7181A9064EB38F9E52DAA09784B1E5AC"", ""OrdrakPoisonOrb"")",FALSE,FALSE,TRUE,"(X=0.000000,Y=0.000000,Z=0.000000)",1,,"(RowName="""")",/Game/Monsters/Blueprints/Ordrak/Ordrak_PoisonOrbEntity.Ordrak_PoisonOrbEntity_C,None,"(RowName="""")",FALSE,None,1,1,10,(GameplayTags=),0,"(GameplayTags=((TagName=""Character.Minion.OrdrakOrb"")))","(TagName=""Character.Minion.OrdrakOrb"")",1000,None,None,,,,,,
BrallWolf,"NSLOCTEXT(""MinionsTable"", ""A4D4C38F43AEF98C997A139C77C5D24E"", ""Raxx"")",FALSE,FALSE,FALSE,"(X=0.000000,Y=0.000000,Z=0.000000)",1.6,,"(RowName="""")",/Game/Monsters/Blueprints/Brall/brall_wolf_bp.brall_wolf_bp_C,None,"(RowName="""")",FALSE,None,0.15,0.1,0,(GameplayTags=),0,(GameplayTags=),"(TagName="""")",1000,None,None,,,,,,
BrallIllusion,"NSLOCTEXT(""MinionsTable"", ""D497BC7141CC99D98655139DD09C1B00"", ""Brall"")",FALSE,FALSE,FALSE,"(X=0.000000,Y=0.000000,Z=0.000000)",1,,"(RowName="""")",/Game/Monsters/Blueprints/Brall/brall_illusion_bp.brall_illusion_bp_C,None,"(RowName="""")",FALSE,None,0.1,0,0,(GameplayTags=),0,"(GameplayTags=((TagName=""Character.Minion.BrallIllusion"")))","(TagName=""Character.Minion.BrallIllusion"")",2500,None,None,,,,,,
Sharpshooter_Shasta,"NSLOCTEXT(""MinionsTable"", ""D55C7E40418800068BF0FBB0CE88577A"", ""Shasta"")",FALSE,FALSE,TRUE,"(X=-300.000000,Y=0.000000,Z=0.000000)",1,,"(RowName="""")",/Game/Skills/Blueprints/Sharpshooter/Sharpshooter_Shasta_Pet.Sharpshooter_Shasta_Pet_C,None,"(RowName="""")",FALSE,None,1,0.9,20,(GameplayTags=),0,"(GameplayTags=((TagName=""Character.Minion.Shasta"")))","(TagName=""Character.Minion.Shasta"")",1000,None,None,,,,,,
Sharpshooter_ShastaEnhanced,"NSLOCTEXT(""MinionsTable"", ""EEC55DAA49ABA211D7D765B51F7D4792"", ""Shasta"")",FALSE,FALSE,TRUE,"(X=-300.000000,Y=0.000000,Z=0.000000)",1,,"(RowName="""")",/Game/Skills/Blueprints/Sharpshooter/Sharpshooter_Shasta_Pet.Sharpshooter_Shasta_Pet_C,None,"(RowName="""")",FALSE,None,1,1.8,20,(GameplayTags=),0,"(GameplayTags=((TagName=""Character.Minion.Shasta"")))","(TagName=""Character.Minion.Shasta"")",1000,None,None,,,,,,
SadistaStuckGlaive,,FALSE,FALSE,TRUE,"(X=0.000000,Y=0.000000,Z=0.000000)",1,,"(RowName="""")",/Game/Monsters/Blueprints/Sadista/sadista_stuckGlaive.sadista_stuckGlaive_C,None,"(RowName="""")",FALSE,None,1,1,0,(GameplayTags=),0,"(GameplayTags=((TagName=""Character.Minion.SadistaStuckGlaive"")))","(TagName=""Character.Minion.SadistaStuckGlaive"")",1000,None,None,,,,,,
Sadista_Netherling,"NSLOCTEXT(""MinionsTable"", ""EE61909F4E610DF2988D02B7BDF55F7A"", ""Netherling"")",FALSE,FALSE,FALSE,"(X=0.000000,Y=0.000000,Z=0.000000)",1,,"(RowName="""")",/Game/Monsters/netherling/netherling_minion_b.netherling_minion_b_C,None,"(RowName="""")",FALSE,None,0.02,0.1,0,(GameplayTags=),0,"(GameplayTags=((TagName=""Character.Minion.Netherling"")))","(TagName=""Character.Minion.Netherling"")",1000,None,None,,,,,,
Sadista_Spellslinger,"NSLOCTEXT(""MinionsTable"", ""F968407C4C1DAFCBACD2A59DE84C6DF3"", ""Netherim Spellslinger"")",FALSE,FALSE,FALSE,"(X=0.000000,Y=0.000000,Z=0.000000)",1,,"(RowName="""")",/Game/Monsters/netherimspellbreaker/netherimspellbreaker_spellslinger_bp_minion.netherimspellbreaker_spellslinger_bp_minion_C,None,"(RowName="""")",FALSE,None,0.04,0.15,0,(GameplayTags=),0,"(GameplayTags=((TagName=""Character.Minion.NetherimSpellslinger"")))","(TagName=""Character.Minion.NetherimSpellslinger"")",1000,None,None,,,,,,
Sadista_Brute,"NSLOCTEXT(""MinionsTable"", ""9E5FE2904977D956FA3FC18D3788872A"", ""Netherim Warrior"")",FALSE,FALSE,FALSE,"(X=0.000000,Y=0.000000,Z=0.000000)",1,,"(RowName="""")",/Game/Monsters/netherimwarrior/netherimwarrior_base_bp_minion.netherimwarrior_base_bp_minion_C,None,"(RowName="""")",FALSE,None,0.05,0.18,0,(GameplayTags=),0,"(GameplayTags=((TagName=""Character.Minion.NetherimBrute"")))","(TagName=""Character.Minion.NetherimBrute"")",1000,None,None,,,,,,
WitchSkeletonMinion,"NSLOCTEXT(""MinionsTable"", ""FDBA716B4D0383C5C775AF9C50E01F38"", ""Skeleton Warrior"")",FALSE,FALSE,FALSE,"(X=0.000000,Y=0.000000,Z=0.000000)",1,,"(RowName="""")",/Game/Monsters/skeleton/skeleton_01_melee_b_Minion.skeleton_01_melee_b_Minion_C,None,"(RowName="""")",FALSE,None,1,1,0,(GameplayTags=),0,"(GameplayTags=((TagName=""Character.Minion.Affix.Skeleton"")))","(TagName=""Character.Minion.Affix.Skeleton"")",1000,None,None,,,,,,
AffixOnProcHolyIcon,"NSLOCTEXT(""MinionsTable"", ""9A6766FB4564269F06A87A8A1CCF9F48"", ""Divine Messenger"")",FALSE,FALSE,FALSE,"(X=-300.000000,Y=0.000000,Z=0.000000)",1,,"(RowName="""")",/Game/Monsters/petalpaca/HolyIcon_Minion.HolyIcon_Minion_C,None,"(RowName="""")",FALSE,None,1,1,12,(GameplayTags=),0,"(GameplayTags=((TagName=""Character.Minion.Affix.HolyIcon"")))","(TagName=""Character.Minion.Affix.HolyIcon"")",1000,None,None,,,,,,
Sharpshooter_GoblinGunner,"NSLOCTEXT(""MinionsTable"", ""D707A5BC473FEDEB89091BB14D911501"", ""Ghostly Gunner"")",FALSE,FALSE,TRUE,"(X=-300.000000,Y=0.000000,Z=0.000000)",1,,"(RowName="""")",/Game/Skills/Blueprints/Sharpshooter/Legendary/Sharpshooter_GoblinGunner.Sharpshooter_GoblinGunner_C,None,"(RowName="""")",FALSE,None,0.5,0.5,0,(GameplayTags=),0,"(GameplayTags=((TagName=""Character.Minion.GoblinGunner"")))","(TagName=""Character.Minion.GoblinGunner"")",1000,None,None,,,,,,
AffixOnProcHerman,"NSLOCTEXT(""MinionsTable"", ""60BC65444BBAB74728DF52A64D3AC07C"", ""Essence of Herman"")",FALSE,FALSE,TRUE,"(X=-300.000000,Y=0.000000,Z=0.000000)",1,,"(RowName="""")",/Game/Skills/Blueprints/Sharpshooter/Legendary/pet_Herman_Sharpshooter_bp.pet_Herman_Sharpshooter_bp_C,None,"(RowName="""")",FALSE,None,1,1,30,(GameplayTags=),0,"(GameplayTags=((TagName=""Character.Minion.Affix.Herman"")))","(TagName=""Character.Minion.Affix.Herman"")",1000,None,None,,,,,,
PetSummonSkeleton,"NSLOCTEXT(""MinionsTable"", ""6C517DD2401481DC57A68A9DD9A58074"", ""Skeletal Warrior"")",TRUE,FALSE,TRUE,"(X=-300.000000,Y=0.000000,Z=0.000000)",1,,"(RowName="""")",/Game/Monsters/skeleton/skeleton_01_melee_b_PetSummon.skeleton_01_melee_b_PetSummon_C,None,"(RowName="""")",FALSE,None,0.5,0.5,12,(GameplayTags=),0,"(GameplayTags=((TagName=""Character.Minion.PetSkeleton"")))","(TagName=""Character.Minion.PetSkeleton"")",1000,None,None,,,,,,
LegendaryRelicChargeUpCaster,,FALSE,FALSE,TRUE,"(X=0.000000,Y=0.000000,Z=0.000000)",1,,"(RowName="""")",/Game/Skills/Blueprints/Legendaries/Legendary_ChargeUpEntity.Legendary_ChargeUpEntity_C,None,"(RowName="""")",FALSE,None,1,1,15,(GameplayTags=),0,"(GameplayTags=((TagName=""Character.Minion.Affix.ChargeUpCaster"")))","(TagName=""Character.Minion.Affix.ChargeUpCaster"")",1000,None,None,,,,,,
ElectricEndOrb,,FALSE,FALSE,TRUE,"(X=0.000000,Y=0.000000,Z=0.000000)",2,,"(RowName="""")",/Game/Skills/Blueprints/Monsters/Affixes/RevisedSet/ElectricEnd/Monster_ElectricEnd.Monster_ElectricEnd_C,None,"(RowName="""")",FALSE,None,1,1,0,(GameplayTags=),0,"(GameplayTags=((TagName=""Character.Minion.Affix.ElectricEnd"")))","(TagName=""Character.Minion.Affix.ElectricEnd"")",1000,None,None,,,,,,
PlaguebearerOrb,,FALSE,FALSE,TRUE,"(X=0.000000,Y=0.000000,Z=0.000000)",0.75,,"(RowName="""")",/Game/Skills/Blueprints/Monsters/Affixes/RevisedSet/PlagueOrb/PlaguebearerOrbEntity.PlaguebearerOrbEntity_C,None,"(RowName="""")",FALSE,None,1,1,20,(GameplayTags=),0,"(GameplayTags=((TagName=""Character.Minion.Affix.PlaguebearerOrb"")))","(TagName=""Character.Minion.Affix.PlaguebearerOrb"")",1000,None,None,,,,,,
LegendaryGhostCat,"NSLOCTEXT(""MinionsTable"", ""AAB65B6E45E4B4F7AD57899C8B206F83"", ""Bijou"")",FALSE,FALSE,TRUE,"(X=-300.000000,Y=0.000000,Z=0.000000)",1.7,,"(RowName="""")",/Game/Skills/Blueprints/Pets/Legendary/Legendary_GhostCat.Legendary_GhostCat_C,None,"(RowName="""")",FALSE,None,1,1,20,(GameplayTags=),0,"(GameplayTags=((TagName=""Character.Minion.GhostCat"")))","(TagName=""Character.Minion.GhostCat"")",1000,None,None,,,,,,
LegendaryGhostDog,"NSLOCTEXT(""MinionsTable"", ""C5D265F84BDE82D4711ECCA669F93C2E"", ""Dixie"")",FALSE,FALSE,TRUE,"(X=-300.000000,Y=0.000000,Z=0.000000)",1.2,,"(RowName="""")",/Game/Skills/Blueprints/Pets/Legendary/Legendary_GhostDog.Legendary_GhostDog_C,None,"(RowName="""")",FALSE,None,1,1,20,(GameplayTags=),0,"(GameplayTags=((TagName=""Character.Minion.GhostDog"")))","(TagName=""Character.Minion.GhostDog"")",1000,None,None,,,,,,
GhostVisageTaunter,"NSLOCTEXT(""MinionsTable"", ""CD4673904DBC092FE881A58485659C61"", ""Fooling Visage"")",TRUE,FALSE,TRUE,"(X=-300.000000,Y=0.000000,Z=0.000000)",1,,"(RowName="""")",/Game/Skills/Blueprints/Sharpshooter/Legendary/Pet_GhostVisage_Taunter.Pet_GhostVisage_Taunter_C,None,"(RowName="""")",FALSE,None,1,0,2,(GameplayTags=),0,"(GameplayTags=((TagName=""Character.Minion.Sharpshooter.GhostVisageTaunter"")))","(TagName=""Character.Minion.Sharpshooter.GhostVisageTaunter"")",1000,None,None,,,,,,
GhostSpellbreaker,"NSLOCTEXT(""MinionsTable"", ""BECBAA3D48764C084AAE7C97CB7A9E8E"", ""Ghostly Spellbreaker"")",TRUE,FALSE,TRUE,"(X=-300.000000,Y=0.000000,Z=0.000000)",1,,"(RowName="""")",/Game/Monsters/netherimspellbreaker/netherimspellbreaker_MINION.netherimspellbreaker_MINION_C,None,"(RowName="""")",FALSE,None,100,0.5,0,(GameplayTags=),0,"(GameplayTags=((TagName=""Character.Minion.Sharpshooter.Spellbreaker"")))","(TagName=""Character.Minion.Sharpshooter.Spellbreaker"")",1000,None,None,,,,,,
Sharpshooter_Brute,"NSLOCTEXT(""MinionsTable"", ""7CD09400422E4338E523D6823D0B0E7D"", ""Ghostly Brute"")",TRUE,FALSE,TRUE,"(X=-300.000000,Y=0.000000,Z=0.000000)",1,,"(RowName="""")",/Game/Monsters/gobbrute/goblin_brute_minion_sharpshooter.goblin_brute_minion_sharpshooter_C,None,"(RowName="""")",FALSE,None,0.5,0.75,12,(GameplayTags=),0,"(GameplayTags=((TagName=""Character.Minion.Sharpshooter.Brute"")))","(TagName=""Character.Minion.Sharpshooter.Brute"")",1000,None,None,,,,,,
