---,DisplayName,CompletableTasks,OfferedQuests,ActivatingTasks,ActivatingCompletedTasks,DeactivatingTasks,DeactivatingCompletedTasks,bAlwaysActive,bMapMarkerIsArea,AreaSize,Notes
Chest_Quest,"NSLOCTEXT(""QuestObjectTable"", ""503539A143DB1111C4A0728981AC0EA1"", ""Quest Chest"")","","","","","","","False","False","0.000000",""
GoblinWeaponRack,"NSLOCTEXT(""QuestObjectTable"", ""4728759D4E2553B071669B93F4CA723C"", ""Weapon Rack"")","","","","","","","False","False","0.000000","gob_prop_weaponrack_01_bp"
CompetitivePortal,"NSLOCTEXT(""QuestObjectTable"", ""B59E0BF14B43FDBF236B88BD6739CAC3"", ""Slime Arena Entrance"")","","","","","","","False","False","0.000000",""
Bandit,"NSLOCTEXT(""QuestObjectTable"", ""D05E96444587F524681B0B93DA14DE4C"", ""Bandit"")","","","","","","","True","False","0.000000",""
GatekeeperGF1,"NSLOCTEXT(""QuestObjectTable"", ""6493E5DB4F9256EBE8C92ABC7F2960B9"", ""Lt. Riksa"")","","","","","","","False","False","0.000000","npc_m_imperialguard_gatekeeper_gf1_bp"
GatekeeperGF2,"NSLOCTEXT(""QuestObjectTable"", ""4D38632E4865850105C4D1A18D50EB32"", ""Sgt. Frax"")","","","","","","","False","False","0.000000","npc_m_imperialguard_gatekeeper_gf2_bp"
GatekeeperGF3,"NSLOCTEXT(""QuestObjectTable"", ""8BF4F5AC4D2D7DDEB562118810657CB8"", ""Lt. Klef"")","","","","","","","False","False","0.000000","npc_m_imperialguard_gatekeeper_gf3_bp"
GatekeeperGF4,"NSLOCTEXT(""QuestObjectTable"", ""09FF92874E23E72EA0DA39887AC83A15"", ""Lt. Wilfur"")","","","","","","","False","False","0.000000","npc_m_imperialguard_gatekeeper_gf4_bp"
GatekeeperGF5,"NSLOCTEXT(""QuestObjectTable"", ""66B728E64FB9913C68BD8EBA80777E80"", ""Sgt. Somberg"")","","","","","","","False","False","0.000000","npc_m_imperialguard_gatekeeper_gf5_bp"
GatekeeperIF1_NoCollide,"NSLOCTEXT(""QuestObjectTable"", ""E7094D0346CA7DBBA06D81A36C70B88E"", ""Imperial Guard"")","","","","","","","False","False","0.000000","npc_m_imperialguard_gatekeeper_if1_nocollide_bp"
GatekeeperIF2_NoCollide,"NSLOCTEXT(""QuestObjectTable"", ""E0F6FD1E4D7364DBF12696A6F782EA9A"", ""Bugswat Pass Guard"")","","","","","","","False","False","0.000000","npc_m_imperialguard_gatekeeper_if2_nocollide_bp"
GeneralGraye,"NSLOCTEXT(""QuestObjectTable"", ""D40BDBBE4082E73187277BAD815436B8"", ""General Graye"")","(""A1C1Q2:Task_InteractGraye"",""A1C1Q2:Task_TalktoGraye"",""A1C2Q2:Task_InteractGraye"",""A1C4Q1:Task_InteractGraye"",""A1C4Q1:Task_TurnInGraye"",""A1C5Q1:Task_TurnInGraye"",""TQ_FortIntro:Task_TalkToGraye"",""TQ_FortProps:Task_InteractGraye"",""A1C5Q3:Task_TalktoGraye"")","","","","","","True","False","0.000000","npcgeneralgraye_bp"
GeneralGraye_Intro,"NSLOCTEXT(""QuestObjectTable"", ""DC46F10A4617E0A9D68C0589E3710B62"", ""General Graye"")","(""A1C1Q0:Task_TalkToGeneralGraye"")","","","","","","False","False","0.000000","npcgeneralgraye_intro_bp"
GeneralGraye_Act3_Town,"NSLOCTEXT(""QuestObjectTable"", ""1EAE047D46BE9C4E2E07A28DDDA27F3A"", ""General Graye"")","(""A3C4Q2:Task_InteractGraye"")","","(""A3C4Q2:Task_GotoTown"",""A3C4Q2:Task_InteractGraye"")","(""A3C4Q2:Task_GotoTown"",""A3C4Q2:Task_InteractGraye"")","","","False","False","0.000000","npcgeneralgraye_Act3_bp"
GeneralGraye_DenOfEvil,"NSLOCTEXT(""QuestObjectTable"", ""18189D5E449B0AA6974ABDABE9BCDC2E"", ""General Graye"")","","","","","","","False","False","0.000000",""
GobBaitBucket,"NSLOCTEXT(""QuestObjectTable"", ""B01D540547933071A14BD9B76C66FF27"", ""Goblin Bait Bucket"")","","","","","","","False","False","0.000000","gbl_prop_baitbucket_01_bp"
GobBanner_HarassGoblins,"NSLOCTEXT(""QuestObjectTable"", ""21FAA3AD484F9E62604EFAA623179123"", ""Goblin Banner"")","","","","","","","False","False","0.000000","gob_prop_banner_01_bp"
GobBarricade_KillGoblinBarricade,"NSLOCTEXT(""QuestObjectTable"", ""ECFB8FC44C660A1F381F41856AC60268"", ""Barricade"")","","","","","","","False","False","0.000000",""
Warp_GF7_Forest2_boss,"NSLOCTEXT(""QuestObjectTable"", ""FF56D6EF40D20737A186EFA6371D41A7"", ""Exit to Dead\'s End"")","","","","","","","False","False","0.000000",""
GoblinCage_RescueGuards,"NSLOCTEXT(""QuestObjectTable"", ""A4188F1E44F5D23B4A6C1C8735B66459"", ""Goblin Cage"")","","","","","","","False","False","0.000000","gob_prop_goblincage_01_bp"
GoblinCauldron,"NSLOCTEXT(""QuestObjectTable"", ""0D8A19E24B8D4DE5FEC9C796DA25A262"", ""Goblin Cauldron"")","","","","","","","False","False","0.000000","gob_lootable_cauldron_01_bp"
GoblinFishingSpot,"NSLOCTEXT(""QuestObjectTable"", ""7D1F033A469C04A192F0B483786A9987"", ""Secret Fishing Hole"")","","","","","","","False","False","0.000000","DQ_Jawsome"
GoblinShieldwall,"NSLOCTEXT(""QuestObjectTable"", ""38517F2C4E8D414F4BBF71A30C00DA49"", ""Goblin Shieldwall"")","","","","","","","False","False","0.000000",""
GoblinShieldwall_Placeholder,"","","","","","","","False","False","0.000000",""
Guard,"NSLOCTEXT(""QuestObjectTable"", ""0BE97018412F2228947BD8B647686338"", ""Imperial Guard"")","","","","","","","True","False","0.000000",""
HyvidResearcher,"NSLOCTEXT(""QuestObjectTable"", ""563D8D994800B0BFDA679C93EB0A8FB3"", ""Imperial Pest Control Researcher"")","","","","","","","True","False","0.000000","npcgeneric01_bp (DQ_VileVials)"
HyvidResearcher_Bugswat,"NSLOCTEXT(""QuestObjectTable"", ""F0E866CB4C2A59C720E88DA396C82688"", ""Bugswat Researcher"")","","","","","","","False","False","0.000000","npcgeneric02_bp"
Kenik,"NSLOCTEXT(""QuestObjectTable"", ""3058C46442161FC6A9509B991DD4B345"", ""Kenik"")","","","","","","","True","False","0.000000","npckenik_bp"
MaleOutpostGuard,"NSLOCTEXT(""QuestObjectTable"", ""C378C99045C24FB5679E73AC13215D80"", ""Imperial Guard"")","","","","","","","False","False","0.000000",""
GoblinStockpile,"NSLOCTEXT(""QuestObjectTable"", ""1393D54E431E78D84C69A7957C397979"", ""Explosive Stockpile"")","","","","","","","False","False","0.000000","gob_prop_stockpile_01_bp"
SgtKlive,"NSLOCTEXT(""QuestObjectTable"", ""A09493384C49BE91084A259BBA399ECA"", ""Sgt. Klive"")","(""TQ_Enchanting:Task_TalktoKlive"",""TQ_Relics:Task_TalkToKlive"",""TQ_Wardrobes:Task_TalktoKlive"",""TQ_LuckTree:Task_TalkToKlive"")","","","","","","False","False","0.000000",""
Spawner_CollectInsignias,"NSLOCTEXT(""QuestObjectTable"", ""FFC1425C444B22DAAF0542AE25C58124"", ""Carrion Killer Hideout"")","","","","","","","False","False","0.000000",""
Spawner_EventGrandHall,"","","","","","","","False","False","0.000000",""
Zaya,"NSLOCTEXT(""QuestObjectTable"", ""FF08B59C433E98EA47D3258481852B17"", ""Zaya"")","(""TQ_LuckTree:Task_InteractZaya"",""TQ_LuckTree:Task_TalkToZaya"",""A1C1Q2:Task_TalktoZaya"",""A1C2Q2:Task_TalktoZaya"",""A1C5Q1:Task_TurnInZaya"",""A2C1Q0:Task_InteractZaya"",""A2C4Q1:Task_TalktoZaya"",""A2C5Q2:Task_TalktoZaya"")","","","","","","True","False","0.000000",""
Trigger_FindSiegeWeapons,"NSLOCTEXT(""QuestObjectTable"", ""65AC74454D085B848B2EF5866B8B2E15"", ""Find out where goblins have dragged the siege weapons"")","","","","","","","False","True","100.000000",""
GoblinSiegeWeapon1,"NSLOCTEXT(""QuestObjectTable"", ""CF5ACE64446B30E52CBBD59AC33827A1"", ""Smash Blaster"")","","","","","","","True","False","0.000000","gcave_breakable_siegeweapon3_WithHP_bp"
GoblinSiegeWeapon2,"NSLOCTEXT(""QuestObjectTable"", ""56D3822D4842BE078E9C42977BE64EDC"", ""Sword-o-Matic"")","","","","","","","True","False","0.000000","gcave_breakable_siegeweapon2_WithHP_bp"
GoblinSiegeWeapon3,"NSLOCTEXT(""QuestObjectTable"", ""C620AA244DE225A90CB4B6AC9F6FF899"", ""Man Tenderizer"")","","","","","","","True","False","0.000000","gcave_breakable_siegeweapon1_WithHP_bp and gcave_breakable_siegeweapons_withHP_bp"
Trigger_GoblinFishingSpot,"","","","","","","","False","True","1000.000000","gob_triggersphere_quest_fishingspot_bp"
Trigger_ZombieOutfit,"","","","","","","","False","True","4000.000000",""
ThanesSnow,"NSLOCTEXT(""QuestObjectTable"", ""2D54076E4ADFC4D8C2D42CA7DB07EC22"", ""Thanes Snow"")","","","","","","","True","False","0.000000","npcgeneric_bp"
WaypointGuard,"NSLOCTEXT(""QuestObjectTable"", ""2735A11B4EEA3A156BA3CEB63D3057D6"", ""Imperial Guard"")","","","","","","","False","False","0.000000","npcgeneric_tut_01_bp"
Yapper,"NSLOCTEXT(""QuestObjectTable"", ""5D9D6FF448B7D5609DCE7EA37B2E9EA4"", ""Yapper"")","(""A1C4Q1:Task_InteractYapper"",""A1C4Q1:Task_TurnInYapper"")","","","","","","True","False","0.000000",""
LtHix,"NSLOCTEXT(""QuestObjectTable"", ""A7286B344DA8A689F04B3FB6AE780FC7"", ""Lt. Hix, Imperial Scout"")","(""A3C3Q2:Task_InteractHix"")","","(""A3C3Q1:Task_RescueHix"")","(""A3C3Q1:Task_RescueHix"")","(""A3C3Q1:Task_GotoTown"")","","False","False","0.000000","was: npcgeneric03_bp now: npchix_bp"
Wolfram,"NSLOCTEXT(""QuestObjectTable"", ""11AE443A46C7A208F4858EAAD9990B66"", ""Wolfram"")","(""A3C2Q1:Task_InteractWolfram"",""A3C3Q1:Task_InteractWolfram"")","","","","","","True","False","0.000000","was: npcgeneric04_bp, now: npcwolfram_npc"
Goblin_FetidFungi,"NSLOCTEXT(""QuestObjectTable"", ""D696AC2842B3CE4CE37866920BF5180A"", ""Fetid Fungi"")","","","","","","","False","False","0.000000","gcave_lootable_mushroom_01_bp"
DragonCannon,"NSLOCTEXT(""QuestObjectTable"", ""D94AB0584DF6A554C0733BB79DDAF118"", ""Inert Dragon Cannon"")","","","","","","","False","False","0.000000","Clickable prop for ""The Dwarven Rainbow"" quest in the Echonok Mountains Armory."
SteadfastDead,"NSLOCTEXT(""QuestObjectTable"", ""4A48812D45F5CD6290528A9E679FEE66"", ""Steadfast Dead"")","","","","","","","True","False","0.000000","gob_lootable_corpse_imperial_01_bp"
ImperialGuard_Chief,"NSLOCTEXT(""QuestObjectTable"", ""33E5145E40679242771D83B7BB624A08"", ""Chief Imperial Guard"")","","","","","","","False","False","0.000000",""
ImperialGuard_01,"NSLOCTEXT(""QuestObjectTable"", ""8E84BA4540A1160B69B1D0809D55BBF5"", ""Imperial Strategist Keller"")","","","","","","","False","False","0.000000","npcgeneric07_bp"
ImperialGuard_02,"NSLOCTEXT(""QuestObjectTable"", ""F8E8B6594CFC65F007F05E9562A39E73"", ""Sgt. Womack"")","","","","","","","False","False","0.000000","npcgeneric06_bp"
ImperialGuard_03,"NSLOCTEXT(""QuestObjectTable"", ""09F3484746A7059250E4E8ABC5FD65E7"", ""Imperial Patroller"")","","","","","","","False","False","0.000000","npcgeneric08_bp"
ImperialGuard_04,"NSLOCTEXT(""QuestObjectTable"", ""9B367AB04FCEDD719EB520800E716ABA"", ""Imperial Investigator"")","","","","","","","False","False","0.000000","npcgeneric09_bp"
ImperialGuard_05,"NSLOCTEXT(""QuestObjectTable"", ""9AFAD6634C4D017CC5A9FB9ACC2FF2A5"", ""Sgt. Justinian"")","","","","","","","False","False","0.000000","npcgeneric10_bp"
ImperialGuard_06,"NSLOCTEXT(""QuestObjectTable"", ""8A50D0E4466AE962067133B12A04703E"", ""Imperial Scout"")","","","","","","","False","False","0.000000","npcgeneric11_bp"
ImperialGuard_07,"NSLOCTEXT(""QuestObjectTable"", ""E7ED0F4F4196F3BC4DDC7A9F156F3F35"", ""Imperial Scout Castro"")","","","","","","","False","False","0.000000","npcgeneric12_bp"
ImperialGuard_08,"NSLOCTEXT(""QuestObjectTable"", ""4B3DE52D4948D5E3E9CB359BA543F27C"", ""Imperial Scout"")","","","","","","","False","False","0.000000","npcgeneric13_bp"
ImperialGuard_09,"NSLOCTEXT(""QuestObjectTable"", ""431BE0944415FE55FE768EA354E51276"", ""Imperial Scout"")","","","","","","","False","False","0.000000","npcgeneric14_bp"
ImperialGuard_10,"NSLOCTEXT(""QuestObjectTable"", ""8F3642CF4729037CC598E7A3FB05578C"", ""Imperial Scout"")","","","","","","","False","False","0.000000","npcgeneric15_bp"
Cobweb,"NSLOCTEXT(""QuestObjectTable"", ""6AECE741490BA3070DA9EBAD57AD1F27"", ""Cobweb"")","","","","","","","False","False","0.000000","cave_lootable_web_01_bp (Pesky Pests quest)"
Cobweb_Trail,"NSLOCTEXT(""QuestObjectTable"", ""F551E2E94F7487D02EF2CBA2626A740D"", ""Web Trail"")","","","","","","","False","False","0.000000","cave_lootable_webtrail_01_bp (Pesky Pests quest)"
Cocoon,"NSLOCTEXT(""QuestObjectTable"", ""1E7C9E444452BDC36B8018BC62FDA5A6"", ""Cocoon"")","","","","","","","False","False","0.000000",""
ImperialCorpse,"NSLOCTEXT(""QuestObjectTable"", ""DA3C910C486044449C011FB8BE5DB848"", ""Fallen Imperial Guard"")","","","","","","","False","False","0.000000","inf_prop_imperialcorpse_01_bp"
EmberBeacon,"NSLOCTEXT(""QuestObjectTable"", ""96EEC91544DD041AE7FC9A88B43AFFAC"", ""Ember Beacon"")","","","","","","","False","False","0.000000",""
HyvidGatekeeperIF1,"NSLOCTEXT(""QuestObjectTable"", ""95D6B6EC4C2FBEB49387BDAD034BEC80"", ""Imperial Guard"")","","","","","","","False","False","0.000000","npc_m_imperialguard_gatekeeper_if1_bp"
HyvidGatekeeperIF2,"NSLOCTEXT(""QuestObjectTable"", ""8FC90ABA46E5F55E63ABDC84418877A6"", ""Bugswat Pass Guard"")","","","","","","","False","False","0.000000","npc_m_imperialguard_gatekeeper_if2_bp"
HyvidGatekeeperIF3,"NSLOCTEXT(""QuestObjectTable"", ""802B64B3465931297E7A0EB06BA524EB"", ""Imperial Guard"")","","","","","","","False","False","0.000000","npc_m_imperialguard_gatekeeper_if3_bp"
HyvidGatekeeperIF4,"NSLOCTEXT(""QuestObjectTable"", ""A9E94A1D42EC5E1C15DD6A8F96D91F72"", ""Imperial Guard"")","","","","","","","False","False","0.000000","npc_m_imperialguard_gatekeeper_if4_bp"
HyvidGatekeeperIF5,"NSLOCTEXT(""QuestObjectTable"", ""575DF1C34EAD23009A6C5F85A7DD6864"", ""Imperial Guard"")","","","","","","","False","False","0.000000","npc_m_imperialguard_gatekeeper_if5_bp"
HyvidGatekeeperIF6,"NSLOCTEXT(""QuestObjectTable"", ""55725A6647EF8CFC939626823F73755B"", ""Imperial Guard"")","","","","","","","False","False","0.000000",""
GatekeeperIF3_NoCollide,"NSLOCTEXT(""QuestObjectTable"", ""93A091874B27F7013ED23E8EDCA5C735"", ""Imperial Guard"")","","","","","","","False","False","0.000000","npc_m_imperialguard_gatekeeper_if3_nocollide_bp"
GatekeeperIF4_NoCollide,"NSLOCTEXT(""QuestObjectTable"", ""6A7021DD48474E5BA436A08BC0BB1321"", ""Imperial Guard"")","","","","","","","False","False","0.000000","npc_m_imperialguard_gatekeeper_if4_nocollide_bp"
GatekeeperIF5_NoCollide,"NSLOCTEXT(""QuestObjectTable"", ""EB28ED364909BB8EAA1C96B16200C823"", ""Imperial Guard"")","","","","","","","False","False","0.000000","npc_m_imperialguard_gatekeeper_if5_nocollide_bp"
GatekeeperIF6_NoCollide,"NSLOCTEXT(""QuestObjectTable"", ""89C3ECD845BA6500F60B2B816C657E80"", ""Imperial Guard"")","","","","","","","False","False","0.000000",""
IntelligenceAgentBray,"NSLOCTEXT(""QuestObjectTable"", ""770F3EFA4ACB247974F411B59FB172E5"", ""Intelligence Agent Bray"")","","","","","","","True","False","0.000000",""
PoisonSample,"NSLOCTEXT(""QuestObjectTable"", ""B2C1239A4457B688D18E06A162993F69"", ""Concentrated Poison Sample"")","","","","","","","False","False","0.000000",""
HyvidJuvenileGland,"NSLOCTEXT(""QuestObjectTable"", ""E6FCA65E420CB78EC9A2A688790609CA"", ""Juvenile Hyvid Gland"")","","","","","","","False","False","0.000000",""
HyvidAdultGland,"NSLOCTEXT(""QuestObjectTable"", ""A2F09C494F1CB6BF934F42BEA804192F"", ""Adult Hyvid Gland"")","","","","","","","False","False","0.000000",""
HyvidMutatedGland,"NSLOCTEXT(""QuestObjectTable"", ""A89B1ED546B75CC07D2223BDBD19E9CA"", ""Mutated Hyvid Gland"")","","","","","","","False","False","0.000000",""
EarthEmberNode,"NSLOCTEXT(""QuestObjectTable"", ""EF0DFB5640F512CAF70E4DBF0E026C29"", ""Earth Ember Deposit"")","","","","","","","False","False","0.000000",""
ImperialOutpostOccupiedThreshold,"NSLOCTEXT(""QuestObjectTable"", ""1ED282284BCE175205D377A2BE397C94"", ""Outpost"")","(""A1C1Q0:Task_TriggerIntroThreshold"")","","","","","","False","False","0.000000",""
FortPortalPad,"","","","","(""TQ_FortIntro:Task_KillBoss"")","","","False","False","0.000000","TravelPortal_Fort"
Kenik_Intro,"NSLOCTEXT(""QuestObjectTable"", ""128F65994BFD5E31ED9F41AF7B9C6E19"", ""Kenik"")","(""A1C1Q0:Task_InteractKenik"")","","","","","","False","False","0.000000","npckenik_intro_bp"
AlphaSprite,"NSLOCTEXT(""QuestObjectTable"", ""5440D5F34F706E3D1C13FFA2688D2593"", ""Alyph, Junior Explorers Alpha Cadet"")","","","","","","","False","False","0.000000",""
Trigger_IntroPortal,"NSLOCTEXT(""QuestObjectTable"", ""327C9C2E47534D253EEFB0A9B91C5BFA"", ""Portal"")","(""A1C1Q0:Task_FindExit"")","","(""A1C1Q0:Task_FindExit"",""A1C1Q0:Task_GotoBluff"")","(""A1C1Q0:Task_TalkToGeneralGraye"",""A1C1Q0:Task_FindExit"",""A1C1Q0:Task_GotoBluff"")","","","False","False","0.000000","SpawnPortalTrigger_IntroQuest"
Trigger_IntroFortPortal,"NSLOCTEXT(""QuestObjectTable"", ""012A07084B84ADE539FD578C05577F89"", ""Portal to Invaded Fort"")","","","","","","","False","False","0.000000","SpawnPortalTrigger_IntroFortQuest"
EM_GrandGate,"NSLOCTEXT(""QuestObjectTable"", ""DF37624C4C7C35A0E535068AEBA79F21"", ""Grand Gate"")","","","","","","","False","False","0.000000",""
EM_GrandGateOpened,"NSLOCTEXT(""QuestObjectTable"", ""032933DE4CC55698335C16B485E7293F"", ""Grand Gate"")","","","","","","","False","False","0.000000",""
ElectroConverter,"NSLOCTEXT(""QuestObjectTable"", ""EC89A6A14295282FAB54349238CECD56"", ""Electro-Converter"")","(""A3C3Q2:Task_DestroyConverter"")","","","","","","False","False","0.000000","gbl_prop_powerconduit_01c_bp"
EM_DwarvenCodex,"NSLOCTEXT(""QuestObjectTable"", ""91A22F92470B1413524CE28D1B90A24C"", ""Dwarven Codex"")","(""A3C1Q2:Task_InteractCodex"")","","","","","","False","False","0.000000",""
EM_EmberGenerator,"NSLOCTEXT(""QuestObjectTable"", ""EE879CA84C0B3552959F9EB6D378E6B9"", ""Ember Generator"")","","","","","","","False","False","0.000000",""
EM_BustFlamebeard,"NSLOCTEXT(""QuestObjectTable"", ""79849465431FED486B31D6BFBA7D53B0"", ""Bust of Flamebeard"")","","","","","","","False","False","0.000000",""
EM_ExposedPanel,"NSLOCTEXT(""QuestObjectTable"", ""A0CA555F43372FC03E475F95F2F88C84"", ""Exposed Panel"")","","","","","","","False","False","0.000000",""
Spawner_Rescavenge,"","","","","","","","False","False","0.000000","Spawn boss: (VolturaBomber_Story_Boss) Trinket-Taker."
ClenseTheCavePortalSource,"NSLOCTEXT(""QuestObjectTable"", ""1823E7FB4CEC180EE6DE2A8D4F5911FF"", ""Portal"")","","","","","","","False","False","0.000000",""
RiderDiePortalSource,"NSLOCTEXT(""QuestObjectTable"", ""CA9C7D074270BC5EEE37E9A8BA44E6F8"", ""Portal"")","","","","","","","False","False","0.000000",""
RoidRagePortalSource,"NSLOCTEXT(""QuestObjectTable"", ""1C448EA94069852066854CB2EBAB5635"", ""Portal"")","","","","","","","False","False","0.000000",""
Chest_Boss,"NSLOCTEXT(""QuestObjectTable"", ""B471D0834DCAA0C5D0C07E8F34CB8339"", ""Cursed Chest"")","","","","","","","False","False","0.000000","DQ_CursedCoin"
PhixBlacksmith,"NSLOCTEXT(""QuestObjectTable"", ""B9DD193E442D203B6117FEA4BB904164"", ""Phix the Blacksmith"")","","","","","","","False","False","0.000000",""
Gadfly,"NSLOCTEXT(""QuestObjectTable"", ""BB79320A41B08690C07B7094E8CBBF32"", ""Officer Gadfly"")","","","","","","","False","False","0.000000","npcgeneric16_bp"
BaitAltar,"NSLOCTEXT(""QuestObjectTable"", ""210439234BF88FA155BCD2832A8CE478"", ""Bait Altar"")","","","","","","","False","False","0.000000",""
Boat_Goblin,"NSLOCTEXT(""QuestObjectTable"", ""6BA336654EB9DCF4A7FB3CBAD5518C43"", ""Goblin Trading Boat"")","","","","","","","False","False","0.000000",""
Graffiti,"NSLOCTEXT(""QuestObjectTable"", ""55D2FE364A7A5A00E81D34A09510A899"", ""Graffiti"")","","","","","","","False","False","0.000000",""
LarvaeTrap,"NSLOCTEXT(""QuestObjectTable"", ""EED5167741F50B3BE36A498741E9DBDD"", ""Larvae Trap"")","","","","","","","False","False","0.000000",""
FallenScout,"NSLOCTEXT(""QuestObjectTable"", ""AE12C3EE4A2936AA7CB6DFB5830661B5"", ""Fallen Scout"")","","","","","","","False","False","0.000000",""
Footprints,"NSLOCTEXT(""QuestObjectTable"", ""ED0E29A040225EF73926928E524FB614"", ""Footprints"")","","","","","","","False","False","0.000000",""
GoblinLivestock,"NSLOCTEXT(""QuestObjectTable"", ""DF5DE8A64C314C32BA229FBEDF39AB61"", ""Goblin Livestock"")","","","","","","","False","False","0.000000",""
Hobbs,"NSLOCTEXT(""QuestObjectTable"", ""540C2FE54DA2D2B5719D8C8341E78E01"", ""Officer Hobbs"")","","","","","","","False","False","0.000000","npcgeneric17_bp"
QuestSpawner_Champ_HyvidGuardians,"","","","","","","","False","False","0.000000",""
NetherimRift,"NSLOCTEXT(""QuestObjectTable"", ""2893C0524245023BEB69EFA994B0958B"", ""Netherim Rift"")","","","","","","","False","False","0.000000","gbl_prop_netherimrift_01_bp"
ImprisonedGuard,"NSLOCTEXT(""QuestObjectTable"", ""7D38EF1A42A36C7CC0E9C189274682FC"", ""Imprisoned Guard"")","","","","","","","False","False","0.000000","gob_prop_goblincage_02_bp"
ImprisonedGuardLocked,"NSLOCTEXT(""QuestObjectTable"", ""59F9AD964EAF9E7F361373B28A0CAB0E"", ""Imprisoned Guard"")","","","","","","","False","False","0.000000","gob_prop_goblincage_02_locked_bp"
BossPetCage_RedDragonlingReward,"NSLOCTEXT(""QuestObjectTable"", ""B1B2BC8949FCA374677F849CF41047AE"", ""Caged Red Dragonling"")","","","","","","","False","False","0.000000",""
GoblinDecoy,"NSLOCTEXT(""QuestObjectTable"", ""046CD5AB4913B0DBB79D1087C48AFAE7"", ""Goblin Decoy"")","","","","","","","False","False","0.000000",""
Trigger_Boat_Shipment,"NSLOCTEXT(""QuestObjectTable"", ""A95C12624D141D70ECB27AA073CE2287"", ""Shipment"")","","","","","","","False","False","0.000000","gob_triggersphere_quest_boatshipment_bp"
Spawner_GoblinBruteChampion,"","","","","","","","False","False","0.000000",""
Spawner_GoblinChamps,"","","","","","","","False","False","0.000000",""
Spawner_Netherim_Champs,"","","","","","","","False","False","0.000000",""
TrappedAlpaca,"NSLOCTEXT(""QuestObjectTable"", ""111B00F84D407D1C514F16803B4EC975"", ""Trapped Alpaca"")","","","","","","","True","False","0.000000","gob_quest_cage_01_bp"
Trigger_NeuromaticDevice,"","","","","","","","False","False","0.000000","inf_triggersphere_quest_netherneurosis_bp"
Bramble,"NSLOCTEXT(""QuestObjectTable"", ""5BB20033415B515A421A7282246D10AB"", ""Dry Brambles"")","","","","","","","False","False","0.000000","Bramble Wrangle"
Zephoras,"NSLOCTEXT(""QuestObjectTable"", ""1A69B88D4166A79837BDD499593258C7"", ""Zephoras"")","(""A2C2Q1:Task_TalktoZephoras"",""A2C3Q1:Task_TalktoZephoras"",""A2C4Q1:Task_TalktoZephoras"")","","(""A2C2Q1:Task_TalktoZephoras"",""A2C2Q1:Task_GotoBogwood"",""A2C2Q1:Task_GotoHatchery"",""A2C2Q1:Task_GotoBossArena"",""A2C2Q1:Task_KillBoss"",""A2C2Q1:Task_GotoClearPassage"",""A2C2Q1:Task_GotoTown"",""A2C3Q1:Task_GotoTown"",""A2C3Q1:Task_TalktoZephoras"",""A2C3Q1:Task_TalktoWitch"",""A2C3Q1:Task_GotoAcridPlains"",""A2C3Q1:Task_GotoGrove"",""A2C3Q1:Task_KillBossSmalltusk"",""A2C3Q1:Task_RescueAlpaca1"",""A2C3Q1:Task_GotoRuins"",""A2C3Q1:Task_KillBossAutomaton"",""A2C3Q1:Task_RescueAlpaca2"",""A2C3Q1:Task_GotoBurrow"",""A2C3Q1:Task_KillBossBurrower"",""A2C3Q1:Task_RescueAlpaca3"",""A2C3Q1:Task_CollectCrown"",""A2C3Q1:Task_CollectCollar"",""A2C4Q1:Task_GotoTown"",""A2C4Q1:Task_TalktoZephoras"",""A2C4Q1:Task_TalktoZaya"",""A2C4Q1:Task_GotoMiasma"",""A2C4Q1:Task_KillBoss"",""A2C4Q1:Task_GotoCrystalPass"",""A2C4Q1:Task_GotoBossArena"",""A2C4Q1:Task_KillBossKrronk"",""A2C4Q1:Task_CollectHorn"",""A2C4Q1:Task_GotoLastPassage"",""A2C5Q1:Task_GotoCapital"",""A2C5Q1:Task_GotoVein"",""A2C5Q1:Task_DestroyCrystal"",""A2C5Q1:Task_SeeBoss"",""A2C5Q1:Task_KillBoss"",""A2C5Q2:Task_GotoCapital"",""A2C5Q2:Task_GotoSanctum"",""A2C5Q2:Task_KillBoss"",""A2C5Q2:Task_GotoTwilight"",""A2C5Q2:Task_GotoBossArena"",""A2C5Q2:Task_KillSadista"",""A2C5Q2:Task_GotoTown"",""A2C5Q2:Task_TalktoZaya"",""A2C5Q2:Task_TalktoWolfram"")","","(""A3C1Q0:Task_InteractHilde"")","","False","False","0.000000","npczephoras_bp"
MayorHilde,"NSLOCTEXT(""QuestObjectTable"", ""B5CF9CF84477331D49627EB0FD7C43FD"", ""Mayor Bolton"")","(""A3C1Q0:Task_InteractHilde"",""A3C3Q1:Task_InteractMayor"",""A3C4Q1:Task_InteractMayor"")","","","","","","True","False","0.000000","npcmayorbolton_bp"
SwampSeer,"NSLOCTEXT(""QuestObjectTable"", ""F34D6E79472773405E8DEDA9D49CB667"", ""Swamp Seer"")","(""A2C1Q0:Task_InteractWitch"",""A2C1Q1:Task_InteractWitch"",""A2C3Q1:Task_TalktoWitch"")","","","","","","True","False","0.000000","PPN_NPC_Witch (npcsketchy_bp)"
ImperialGuard_11,"NSLOCTEXT(""QuestObjectTable"", ""714217484BCAABD2562C4EAC1B8CAF91"", ""Imperial Guard"")","","","","","","","False","False","0.000000","npcgeneric03_bp"
ImperialGuard_12,"NSLOCTEXT(""QuestObjectTable"", ""311CEDF14ABE7E6B2589B595B025940E"", ""Imperial Guard"")","","","","","","","False","False","0.000000","npcgeneric04_bp"
Lore_ImperialOutpost_Scribe,"NSLOCTEXT(""QuestObjectTable"", ""CDF234604E711ADCD77A93AAEB3AE6A0"", ""Imperial Scribe"")","","","","","","","False","False","0.000000","OLDLORE"
Lore_ImperialOutpost_Anonymous,"NSLOCTEXT(""QuestObjectTable"", ""4BFACD894D701817887BCCB1984A0111"", ""Anonymous Correspondent"")","","","","","","","False","False","0.000000","OLDLORE"
Lore_GeneralGraye_Scribe,"NSLOCTEXT(""QuestObjectTable"", ""71919B0F4619857FFD26A8BD5BD63CE0"", ""Imperial Scribe"")","","","","","","","False","False","0.000000","OLDLORE"
Lore_GeneralGraye_Official,"NSLOCTEXT(""QuestObjectTable"", ""ABE737F54E859F5635DF358F0964B83C"", ""Varn Heldam"")","","","","","","","False","False","0.000000","OLDLORE"
Lore_Brall,"NSLOCTEXT(""QuestObjectTable"", ""416478CC4665DA38206BEFA3A5B0B673"", ""Brall"")","","","","","","","False","False","0.000000","OLDLORE"
Lore_Kronch_Foreman,"NSLOCTEXT(""QuestObjectTable"", ""A30438644EF860615E4FA7A8E261F2D1"", ""Mining Foreman"")","","","","","","","False","False","0.000000","OLDLORE"
Lore_SecretWeapon_Guard,"NSLOCTEXT(""QuestObjectTable"", ""04CA84BA4308931E4F11F58C944D3127"", ""Dying Guard"")","","","","","","","False","False","0.000000","OLDLORE"
Lore_SecretWeapon_Goblin,"NSLOCTEXT(""QuestObjectTable"", ""4F7C860F467DF14D5825D29B8AE1C396"", ""Goblin Graffiti"")","","","","","","","False","False","0.000000","OLDLORE"
Lore_Fishing_Fisherman,"NSLOCTEXT(""QuestObjectTable"", ""3434D63B45F9F2093FF3C8B01BF7ED8A"", ""Itinerant Fisherman"")","","","","","","","False","False","0.000000","OLDLORE"
Lore_Undead_Witch,"NSLOCTEXT(""QuestObjectTable"", ""D6FFCBA6484B3A425D39F78D3543EE70"", ""Granny Wartnose"")","","","","","","","False","False","0.000000","OLDLORE"
Lore_Battlefield_Guard,"NSLOCTEXT(""QuestObjectTable"", ""121644DF4C83FBA591DD55AA8026D84F"", ""Imperial Captain"")","","","","","","","False","False","0.000000","OLDLORE"
LoreSpeaker_Anonymous,"NSLOCTEXT(""QuestObjectTable"", ""LoreSpeaker_Anonymous_DisplayName"", ""Anonymous Correspondent"")","","","","","","","False","False","0.000000",""
LoreSpeaker_Brall,"NSLOCTEXT(""QuestObjectTable"", ""LoreSpeaker_Brall_DisplayName"", ""Brall"")","","","","","","","False","False","0.000000",""
LoreSpeaker_ChiefPyro,"NSLOCTEXT(""QuestObjectTable"", ""LoreSpeaker_ChiefPyro_DisplayName"", ""Chief Pyro"")","","","","","","","False","False","0.000000",""
LoreSpeaker_CommanderVale,"NSLOCTEXT(""QuestObjectTable"", ""LoreSpeaker_CommanderVale_DisplayName"", ""Commander Vale"")","","","","","","","False","False","0.000000",""
LoreSpeaker_DwarvenChronicler,"NSLOCTEXT(""QuestObjectTable"", ""LoreSpeaker_DwarvenChronicler_DisplayName"", ""Dwarven Chronicler"")","","","","","","","False","False","0.000000",""
LoreSpeaker_DwarvenEmberologist,"NSLOCTEXT(""QuestObjectTable"", ""LoreSpeaker_DwarvenEmberologist_DisplayName"", ""Dwarven Emberologist"")","","","","","","","False","False","0.000000",""
LoreSpeaker_Dicey,"NSLOCTEXT(""QuestObjectTable"", ""LoreSpeaker_Dicey_DisplayName"", ""Dicey"")","","","","","","","False","False","0.000000",""
LoreSpeaker_GrannyWartnose,"NSLOCTEXT(""QuestObjectTable"", ""LoreSpeaker_GrannyWartnose_DisplayName"", ""Granny Wartnose"")","","","","","","","False","False","0.000000",""
LoreSpeaker_Grimsby,"NSLOCTEXT(""QuestObjectTable"", ""LoreSpeaker_Grimsby_DisplayName"", ""Grimsby"")","","","","","","","False","False","0.000000",""
LoreSpeaker_ImperialExplorer,"NSLOCTEXT(""QuestObjectTable"", ""LoreSpeaker_ImperialExplorer_DisplayName"", ""Imperial Explorer"")","","","","","","","False","False","0.000000",""
LoreSpeaker_ImperialGuard,"NSLOCTEXT(""QuestObjectTable"", ""LoreSpeaker_ImperialGuard_DisplayName"", ""Imperial Guard"")","","","","","","","False","False","0.000000",""
LoreSpeaker_ImperialLady,"NSLOCTEXT(""QuestObjectTable"", ""LoreSpeaker_ImperialLady_DisplayName"", ""Imperial Lady"")","","","","","","","False","False","0.000000",""
LoreSpeaker_ImperialScribe,"NSLOCTEXT(""QuestObjectTable"", ""LoreSpeaker_ImperialScribe_DisplayName"", ""Imperial Scribe"")","","","","","","","False","False","0.000000",""
LoreSpeaker_ItinerantFisherman,"NSLOCTEXT(""QuestObjectTable"", ""LoreSpeaker_ItinerantFisherman_DisplayName"", ""Itinerant Fisherman"")","","","","","","","False","False","0.000000",""
LoreSpeaker_MartinicusVolvik,"NSLOCTEXT(""QuestObjectTable"", ""LoreSpeaker_MartinicusVolvik_DisplayName"", ""Martinicus Volvik"")","","","","","","","False","False","0.000000",""
LoreSpeaker_MayorBolton,"NSLOCTEXT(""QuestObjectTable"", ""LoreSpeaker_MayorBolton_DisplayName"", ""Mayor Bolton"")","","","","","","","False","False","0.000000",""
LoreSpeaker_Mother,"NSLOCTEXT(""QuestObjectTable"", ""LoreSpeaker_Mother_DisplayName"", ""Mother"")","","","","","","","False","False","0.000000",""
LoreSpeaker_Sadista,"NSLOCTEXT(""QuestObjectTable"", ""LoreSpeaker_Sadista_DisplayName"", ""Sadista"")","","","","","","","False","False","0.000000",""
LoreSpeaker_SeberuGhradi,"NSLOCTEXT(""QuestObjectTable"", ""LoreSpeaker_SeberuGhradi_DisplayName"", ""Seberu Ghradi"")","","","","","","","False","False","0.000000",""
LoreSpeaker_Singedwing,"NSLOCTEXT(""QuestObjectTable"", ""LoreSpeaker_Singedwing_DisplayName"", ""Singedwing the Scavenger"")","","","","","","","False","False","0.000000",""
LoreSpeaker_Shriekbeak,"NSLOCTEXT(""QuestObjectTable"", ""LoreSpeaker_Shriekbeak_DisplayName"", ""Shriekbeak, Mad Voltura"")","","","","","","","False","False","0.000000",""
LoreSpeaker_Squawkclaw,"NSLOCTEXT(""QuestObjectTable"", ""LoreSpeaker_Squawkclaw_DisplayName"", ""Squawkclaw"")","","","","","","","False","False","0.000000",""
LoreSpeaker_SwampSeer,"NSLOCTEXT(""QuestObjectTable"", ""LoreSpeaker_SwampSeer_DisplayName"", ""Swamp Seer"")","","","","","","","False","False","0.000000",""
LoreSpeaker_Thunderthighs,"NSLOCTEXT(""QuestObjectTable"", ""LoreSpeaker_Thunderthighs_DisplayName"", ""Thunderthighs, Goblin Chieftain"")","","","","","","","False","False","0.000000",""
LoreSpeaker_VarnHeldam,"NSLOCTEXT(""QuestObjectTable"", ""LoreSpeaker_VarnHeldam_DisplayName"", ""Varn Heldam"")","","","","","","","False","False","0.000000",""
LoreSpeaker_Veriss,"NSLOCTEXT(""QuestObjectTable"", ""LoreSpeaker_Veriss_DisplayName"", ""Veriss"")","","","","","","","False","False","0.000000",""
LoreSpeaker_Wideload,"NSLOCTEXT(""QuestObjectTable"", ""LoreSpeaker_Wideload_DisplayName"", ""Wideload"")","","","","","","","False","False","0.000000",""
LoreSpeaker_Zephoras,"NSLOCTEXT(""QuestObjectTable"", ""LoreSpeaker_Zephoras_DisplayName"", ""Zephoras"")","","","","","","","False","False","0.000000",""
HixCaged,"NSLOCTEXT(""QuestObjectTable"", ""BD87E78143EA940F9A2EE59FF3ED2A89"", ""Hix"")","(""A3C3Q1:Task_RescueHix"")","","(""A3C3Q1:Task_GotoBolt"",""A3C3Q1:Task_SeeBoss"",""A3C3Q1:Task_KillBoss"",""A3C3Q1:Task_RescueHix"",""A3C3Q2:Task_GotoTown"")","","","(""A3C3Q2:Task_GotoTown"")","False","False","0.000000","echo_prop_hixcage_01_bp"
ZephorasCocoon,"NSLOCTEXT(""QuestObjectTable"", ""0D2FC3294990E50DE05A298B9EC504DA"", ""Zephoras"")","(""A2C1Q2:Task_RescueZephoras"")","","(""A2C1Q2:Task_RescueZephoras"",""A2C1Q2:Task_GotoNest"",""A2C1Q2:Task_SeeBoss"",""A2C1Q2:Task_KillBoss"",""A2C1Q2:Task_GotoTown"")","","","(""A2C1Q2:Task_GotoTown"")","False","False","0.000000","inf_prop_zephoras_cocoon_01_bp"
Trigger_ServiceElevator,"NSLOCTEXT(""QuestObjectTable"", ""E98C04554AF3F6269EC223BB84CDFD01"", ""Service Elevator"")","(""A3C2Q1:Task_InteractElevator"")","","","","","","False","False","0.000000",""
Gravestones,"NSLOCTEXT(""QuestObjectTable"", ""AF943F69448E181D6669FA8E127386D1"", ""Gravestone"")","(""A1C1Q1:Task_InteractGraves"")","","(""A1C1Q1:Task_InteractGraves"",""A1C1Q1:Task_SeeBoss"",""A1C1Q1:Task_KillBoss"",""A1C1Q2:Task_InteractGraye"")","","","","False","False","0.000000","gob_prop_gravestone_01_bp"
KenikCocoon,"NSLOCTEXT(""QuestObjectTable"", ""D053A9DA48A34207D975DE8C81E11AD4"", ""Kenik"")","(""A1C3Q1:Task_RescueKenik"")","","(""A1C3Q1:Task_RescueKenik"",""A1C3Q1:Task_RescueHix"",""A1C3Q1:Task_GotoBossArena"",""A1C3Q1:Task_KillBoss"",""A1C3Q1:Task_RescueWolfram"")","","(""A1C3Q1:Task_RescueWolfram"")","","False","False","0.000000","gob_prop_cocoon_kenik_bp"
HixCocoon,"NSLOCTEXT(""QuestObjectTable"", ""79F1D713479BDE904C7F329A56593378"", ""Hix"")","(""A1C3Q1:Task_RescueHix"")","","(""A1C3Q1:Task_RescueHix"",""A1C3Q1:Task_RescueKenik"",""A1C3Q1:Task_GotoBossArena"",""A1C3Q1:Task_KillBoss"",""A1C3Q1:Task_RescueWolfram"")","","(""A1C3Q1:Task_RescueWolfram"")","","False","False","0.000000","gob_prop_cocoon_hix_bp"
WolframCocoon,"NSLOCTEXT(""QuestObjectTable"", ""3AE60D1A40863B7DF876B3960D428994"", ""Wolfram"")","(""A1C3Q1:Task_RescueWolfram"")","","(""A1C3Q1:Task_RescueWolfram"",""A1C3Q2:Task_GotoFirebelly"")","","","","False","False","0.000000","gob_prop_cocoon_wolfram_bp"
NetherimTrail,"NSLOCTEXT(""QuestObjectTable"", ""C1863F374966BF06E63619B82AC32080"", ""Netherim Trail"")","(""A1C5Q1:Task_FindTrails"")","","","","","","False","False","0.000000",""
SkyCapMushroom,"NSLOCTEXT(""QuestObjectTable"", ""64100128477402CCA00DD8A9429FF201"", ""Sky Cap Mushroom"")","(""A1C1Q2:Task_CollectMushrooms"")","","","","","","False","False","0.000000","gcave_lootable_mushroomblue_01_bp"
Trigger_NetherimTrail,"NSLOCTEXT(""QuestObjectTable"", ""0FC20E624A2D986CA2CA1D9E9B405878"", ""Netherim Trail"")","(""A1C5Q1:Task_FindTrails"")","","","","","","False","False","0.000000","gob_triggersphere_quest_netherimtrail_bp"
Netherim_Pylon,"NSLOCTEXT(""QuestObjectTable"", ""E0B1912C48EF4536DDEAB9A1BE814996"", ""Netherim Pylon"")","(""A1C5Q1:Task_DestroyPylons"")","","","","","","False","False","0.000000","gob_prop_netherimpylon_01_bp"
Alpaca_01,"NSLOCTEXT(""QuestObjectTable"", ""7039B14A48A6ECB43791AB9E6EEC090E"", ""Lost Alpaca"")","(""A2C3Q1:Task_RescueAlpaca1"")","","(""A2C3Q1:Task_KillBossSmalltusk"",""A2C3Q1:Task_RescueAlpaca1"",""A2C3Q1:Task_GotoRuins"")","","","(""A2C3Q1:Task_KillBossAutomaton"")","False","False","0.000000","inf_quest_cage_alpaca01_bp"
Alpaca_02,"NSLOCTEXT(""QuestObjectTable"", ""D8C41B0D47F09594D100D8B672B5FA25"", ""Clever Alpaca"")","(""A2C3Q1:Task_RescueAlpaca2"")","","(""A2C3Q1:Task_GotoRuins"",""A2C3Q1:Task_KillBossAutomaton"",""A2C3Q1:Task_RescueAlpaca2"",""A2C3Q1:Task_GotoBurrow"")","","(""A2C3Q1:Task_KillBossBurrower"")","","False","False","0.000000","inf_quest_cage_alpaca02_bp"
Alpaca_03,"NSLOCTEXT(""QuestObjectTable"", ""C4EBF56449408902C15461A33BD48F81"", ""Ghost Alpaca"")","(""A2C3Q1:Task_RescueAlpaca3"")","","(""A2C3Q1:Task_KillBossBurrower"",""A2C3Q1:Task_RescueAlpaca3"",""A2C4Q1:Task_GotoTown"")","","(""A2C4Q1:Task_TalktoZaya"")","","False","False","0.000000","inf_quest_cage_alpaca03_bp"
EnchantingAltar,"NSLOCTEXT(""QuestObjectTable"", ""89D0ABCB43071AC2489D10A9413F434C"", ""Enchanter\'s Altar"")","","","","(""TQ_Enchanting:Task_PlaceEnchantingAltar"")","","","False","False","0.000000",""
Kenik_Act1,"NSLOCTEXT(""QuestObjectTable"", ""FE4646564390D220EF44009E675017B1"", ""Kenik"")","(""A1C5Q3:Task_TalktoKenik"")","","(""A1C3Q1:Task_RescueWolfram"",""A1C3Q2:Task_GotoFirebelly"",""A1C3Q2:Task_GotoWorkshop"",""A1C3Q2:Task_GotoCrash"",""A1C3Q2:Task_KillBoss"",""A1C4Q1:Task_GotoTown"",""A1C4Q1:Task_InteractGraye"",""A1C4Q1:Task_InteractYapper"",""A1C4Q1:Task_GotoStronghold"",""A1C4Q1:Task_GotoKennel"",""A1C4Q1:Task_KillBossDogjockey"",""A1C4Q1:Task_CollectFlint"",""A1C4Q1:Task_GotoMossratDen"",""A1C4Q1:Task_KillMossrats"",""A1C4Q1:Task_CompleteKillTask"",""A1C4Q1:Task_CollectNuggets"",""A1C4Q1:Task_GotoThicket"",""A1C4Q1:Task_KillBossThornStrider"",""A1C4Q1:Task_CollectSap"",""A1C4Q1:Task_TurnInYapper"",""A1C4Q1:Task_TurnInGraye"",""A1C5Q1:Task_GotoLake"",""A1C5Q1:Task_GotoFalls"",""A1C5Q1:Task_FindTrails"",""A1C5Q1:Task_GotoPass"",""A1C5Q1:Task_DestroyPylons"",""A1C5Q1:Task_GotoBoss"",""A1C5Q1:Task_KillBoss"",""A1C5Q1:Task_TurnInGraye"",""A1C5Q1:Task_TurnInZaya"",""A1C5Q2:Task_GotoLake"",""A1C5Q2:Task_GotoGrounds"",""A1C5Q2:Task_KillBoss"",""A1C5Q2:Task_CollectPrism"",""A1C5Q3:Task_GotoLake"",""A1C5Q3:Task_GotoVoid"",""A1C5Q3:Task_GotoTrialStrength"",""A1C5Q3:Task_KillBoss"",""A1C5Q3:Task_TalktoGraye"",""A1C5Q3:Task_TalktoKenik"")","","","","False","False","0.000000","npckenik_act1_bp"
Kenik_Act1_Town,"NSLOCTEXT(""QuestObjectTable"", ""30DCBDFF49E8E026B96E25B877A83A0F"", ""Kenik"")","","","","(""A1C1Q1:Task_GotoBluff"")","","(""A1C2Q2:Task_CollectTentacle"")","False","False","0.000000","npckenik_act1_town_bp"
Kenik_Act2,"NSLOCTEXT(""QuestObjectTable"", ""82BDB19C45871F30BB85219D11250640"", ""Kenik"")","","","","","","","True","False","0.000000","npckenik_act2_bp"
Kenik_Act3,"NSLOCTEXT(""QuestObjectTable"", ""A25C3B9F4FDFA10F728F0391DA87D947"", ""Kenik"")","(""A3C2Q1:Task_TurnIn"")","","","","","","False","False","0.000000","npckenik_act3_bp"
Gatekeeper_FortIntroPortal,"NSLOCTEXT(""QuestObjectTable"", ""5F8531C54A59A1447FC914B570DBEB8F"", ""Invaded Fort"")","","","","(""TQ_FortIntro:Task_KillBoss"")","","","False","False","0.000000","GoblinForest1 on AreaTable for Quest Object Filter Next Area 1. Determines Alt Next Area Row 1 or the default Next Area Row 1 (i.e. GF1-2_pass)."
CorruptEmberCrystal,"NSLOCTEXT(""QuestObjectTable"", ""8214435446706D84A4221693A8576056"", ""Corrupt Ember Crystal"")","(""A2C5Q1:Task_DestroyCrystal"")","","","","","","False","False","0.000000","gob_prop_corruptembercrystal_01_bp"
LuckTree,"","","","","(""TQ_LuckTree:Task_PlaceLuckSprout"")","","","False","False","0.000000",""
AcquireRelicCore,"","","","","(""TQ_Relics:Task_KillBoss"")","","","False","False","0.000000",""
Hix_Act1,"NSLOCTEXT(""QuestObjectTable"", ""C4D345394B417976650C189CE061D1EF"", ""Hix"")","","","","(""A1C3Q1:Task_RescueWolfram"",""A1C3Q2:Task_GotoFirebelly"",""A1C3Q2:Task_GotoWorkshop"",""A1C3Q2:Task_GotoCrash"",""A1C3Q2:Task_KillBoss"",""A1C4Q1:Task_GotoTown"",""A1C4Q1:Task_InteractGraye"",""A1C4Q1:Task_InteractYapper"",""A1C4Q1:Task_GotoStronghold"",""A1C4Q1:Task_GotoKennel"",""A1C4Q1:Task_KillBossDogjockey"",""A1C4Q1:Task_CollectFlint"",""A1C4Q1:Task_GotoMossratDen"",""A1C4Q1:Task_KillMossrats"",""A1C4Q1:Task_CompleteKillTask"",""A1C4Q1:Task_CollectNuggets"",""A1C4Q1:Task_GotoThicket"",""A1C4Q1:Task_KillBossThornStrider"",""A1C4Q1:Task_CollectSap"",""A1C4Q1:Task_TurnInYapper"",""A1C4Q1:Task_TurnInGraye"",""A1C5Q1:Task_GotoLake"",""A1C5Q1:Task_GotoFalls"",""A1C5Q1:Task_FindTrails"",""A1C5Q1:Task_GotoPass"",""A1C5Q1:Task_DestroyPylons"",""A1C5Q1:Task_GotoBoss"",""A1C5Q1:Task_KillBoss"",""A1C5Q1:Task_TurnInGraye"",""A1C5Q1:Task_TurnInZaya"",""A1C5Q2:Task_GotoLake"",""A1C5Q2:Task_GotoGrounds"",""A1C5Q2:Task_KillBoss"",""A1C5Q2:Task_CollectPrism"",""A1C5Q3:Task_GotoLake"",""A1C5Q3:Task_GotoVoid"",""A1C5Q3:Task_GotoTrialStrength"",""A1C5Q3:Task_KillBoss"",""A1C5Q3:Task_TalktoGraye"",""A1C5Q3:Task_TalktoKenik"")","","","False","False","0.000000","npchix_Act1_bp"
Hix_Act2,"NSLOCTEXT(""QuestObjectTable"", ""9240961F4AFAF69829670190537E72FA"", ""Hix"")","","","","(""A2C1Q0:Task_GotoTown"")","","","False","False","0.000000","npchix_Act2_bp"
Hix_Act3,"NSLOCTEXT(""QuestObjectTable"", ""450DE6F74460B720F44276B2AF58464E"", ""Hix"")","","","","(""A3C1Q0:Task_GotoTown"",""A3C1Q0:Task_InteractHilde"",""A3C1Q0:Task_GotoAscent"",""A3C1Q0:Task_KillNetherim"",""A3C1Q1:Task_GotoGrandHall"",""A3C1Q1:Task_GotoCliffs"",""A3C1Q1:Task_KillSingedwing"",""A3C1Q1:Task_CollectSprings"",""A3C1Q1:Task_GotoAmberHold"",""A3C1Q1:Task_KillBossSpider"",""A3C1Q1:Task_CollectCogs"",""A3C1Q2:Task_GotoGrandHall"",""A3C1Q2:Task_GotoLibrary"",""A3C1Q2:Task_CollectTomes"",""A3C1Q2:Task_KillBoss"",""A3C1Q2:Task_InteractCodex"",""A3C1Q2:Task_CollectCodex"",""A3C2Q1:Task_GotoTown"",""A3C2Q1:Task_InteractWolfram"",""A3C2Q1:Task_GotoMachineworks"",""A3C2Q1:Task_GotoAssembly"",""A3C2Q1:Task_KillBoss"",""A3C2Q1:Task_CollectFuse"",""A3C2Q1:Task_InteractElevator"",""A3C2Q1:Task_TurnIn"",""A3C2Q2:Task_GotoMachineworks"",""A3C2Q2:Task_GotoWarehouse"",""A3C2Q2:Task_KillMonsters"",""A3C2Q2:Task_GotoTrail"",""A3C2Q2:Task_KillVoltura"",""A3C2Q2:Task_FindPerch"",""A3C2Q2:Task_KillBoss"")","","(""A3C3Q1:Task_GotoTown"",""A3C3Q1:Task_InteractWolfram"")","False","False","0.000000","npchix_Act3_bp"
Shasta,"","","","","","","","True","False","0.000000","NPC_Shasta"
PlayTestNPC,"","","","","(""TQ_Relics:Task_EquipRelicWeapon"")","","","False","False","0.000000",""
Hix_Act3_Town,"NSLOCTEXT(""QuestObjectTable"", ""CD26FA1946FB5ADFCB9AAE839BB61A25"", ""Hix"")","(""A3C3Q2:Task_InteractHix"")","","(""A3C3Q2:Task_GotoTown"",""A3C3Q2:Task_InteractHix"",""A3C3Q2:Task_GotoVillage"",""A3C3Q2:Task_GotoPowerLine"",""A3C3Q2:Task_KillNetherim"",""A3C3Q2:Task_RescueTownsfolk1"",""A3C3Q2:Task_DestroyConverter"",""A3C3Q2:Task_KillBoss"",""A3C3Q3:Task_GotoVillage"",""A3C3Q3:Task_GotoChopShop"",""A3C3Q3:Task_KillUndead"",""A3C3Q3:Task_KillNetherim"",""A3C3Q3:Task_GotoLab"",""A3C3Q3:Task_KillBoss"",""A3C4Q1:Task_GotoTown"",""A3C4Q1:Task_InteractMayor"",""A3C4Q1:Task_GotoKingsPlateau"",""A3C4Q1:Task_GotoVault"",""A3C4Q1:Task_KillBoss"",""A3C4Q1:Task_CollectKey"",""A3C4Q2:Task_GotoKingsPlateau"",""A3C4Q2:Task_GotoSunderedThrone"",""A3C4Q2:Task_KillNetherim"",""A3C4Q2:Task_GotoAstralGate"",""A3C4Q2:Task_GotoClockworkCore"",""A3C4Q2:Task_KillBoss"",""A3C4Q2:Task_GotoTown"",""A3C4Q2:Task_InteractGraye"",""A3C3Q2:Task_RescueTownsfolk2"",""A3C3Q2:Task_RescueTownsfolk3"")","(""A3C3Q2:Task_GotoTown"",""A3C3Q2:Task_InteractHix"",""A3C3Q2:Task_GotoVillage"",""A3C3Q2:Task_GotoPowerLine"",""A3C3Q2:Task_KillNetherim"",""A3C3Q2:Task_RescueTownsfolk1"",""A3C3Q2:Task_DestroyConverter"",""A3C3Q2:Task_KillBoss"",""A3C3Q3:Task_GotoVillage"",""A3C3Q3:Task_GotoChopShop"",""A3C3Q3:Task_KillUndead"",""A3C3Q3:Task_KillNetherim"",""A3C3Q3:Task_GotoLab"",""A3C3Q3:Task_KillBoss"",""A3C4Q1:Task_GotoTown"",""A3C4Q1:Task_InteractMayor"",""A3C4Q1:Task_GotoKingsPlateau"",""A3C4Q1:Task_GotoVault"",""A3C4Q1:Task_KillBoss"",""A3C4Q1:Task_CollectKey"",""A3C4Q2:Task_GotoKingsPlateau"",""A3C4Q2:Task_GotoSunderedThrone"",""A3C4Q2:Task_KillNetherim"",""A3C4Q2:Task_GotoAstralGate"",""A3C4Q2:Task_GotoClockworkCore"",""A3C4Q2:Task_KillBoss"",""A3C4Q2:Task_GotoTown"",""A3C4Q2:Task_InteractGraye"",""A3C3Q2:Task_RescueTownsfolk2"",""A3C3Q2:Task_RescueTownsfolk3"")","","","False","False","0.000000","npchix_Act3_town_bp (Hix rescued from Voltura)"
SgtFeathers,"NSLOCTEXT(""QuestObjectTable"", ""13C37CA44237D0EE9B6D95886CCAEA68"", ""Sgt. Feathers"")","","","","","","","True","False","0.000000",""
Sparkles,"NSLOCTEXT(""QuestObjectTable"", ""1914A94445DBA97D98EBE5928C113EE2"", ""Sparkles"")","","","","","","","True","False","0.000000",""
Townsfolk_01,"NSLOCTEXT(""QuestObjectTable"", ""989A82A04FBB9B77086D3982CB0EF953"", ""Faye, Townsfolk"")","(""A3C3Q2:Task_RescueTownsfolk1"")","","","","(""A3C3Q3:Task_GotoVillage"")","","False","False","0.000000",""
Townsfolk_02,"NSLOCTEXT(""QuestObjectTable"", ""191A83A14C82EE15A01F198049A91BE7"", ""Jen, Townsfolk"")","(""A3C3Q2:Task_RescueTownsfolk2"")","","","","(""A3C3Q3:Task_GotoVillage"")","","False","False","0.000000",""
Townsfolk_03,"NSLOCTEXT(""QuestObjectTable"", ""70DC8B6B4447C65F48914CAFF88C890D"", ""Ariel, Townsfolk"")","(""A3C3Q2:Task_RescueTownsfolk3"")","","","","","(""A3C3Q3:Task_GotoVillage"")","False","False","0.000000",""
Townsfolk_Act3_01,"NSLOCTEXT(""QuestObjectTable"", ""3B52B5EC4DF184F21FEB1CB41AA7748F"", ""Faye, Townsfolk"")","","","","(""A3C1Q0:Task_GotoTown"",""A3C1Q0:Task_InteractHilde"",""A3C1Q0:Task_GotoAscent"",""A3C1Q0:Task_KillNetherim"",""A3C1Q1:Task_GotoGrandHall"",""A3C1Q1:Task_GotoCliffs"",""A3C1Q1:Task_KillSingedwing"",""A3C1Q1:Task_CollectSprings"",""A3C1Q1:Task_GotoAmberHold"",""A3C1Q1:Task_KillBossSpider"",""A3C1Q1:Task_CollectCogs"",""A3C1Q2:Task_GotoGrandHall"",""A3C1Q2:Task_GotoLibrary"",""A3C1Q2:Task_CollectTomes"",""A3C1Q2:Task_KillBoss"",""A3C1Q2:Task_InteractCodex"",""A3C1Q2:Task_CollectCodex"",""A3C2Q1:Task_GotoTown"",""A3C2Q1:Task_InteractWolfram"",""A3C2Q1:Task_GotoMachineworks"",""A3C2Q1:Task_GotoAssembly"",""A3C2Q1:Task_KillBoss"",""A3C2Q1:Task_CollectFuse"",""A3C2Q1:Task_InteractElevator"",""A3C2Q1:Task_TurnIn"",""A3C2Q2:Task_GotoMachineworks"",""A3C2Q2:Task_GotoWarehouse"",""A3C2Q2:Task_KillMonsters"",""A3C2Q2:Task_GotoTrail"",""A3C2Q2:Task_KillVoltura"",""A3C2Q2:Task_FindPerch"",""A3C2Q2:Task_KillBoss"")","","(""A3C3Q1:Task_GotoTown"")","False","False","0.000000",""
Townsfolk_Act3_02,"NSLOCTEXT(""QuestObjectTable"", ""B2DF467C4862341489CBFCA91EA45E30"", ""Jen, Townsfolk"")","","","","(""A3C1Q0:Task_GotoTown"",""A3C1Q0:Task_InteractHilde"",""A3C1Q0:Task_GotoAscent"",""A3C1Q0:Task_KillNetherim"",""A3C1Q1:Task_GotoGrandHall"",""A3C1Q1:Task_GotoCliffs"",""A3C1Q1:Task_KillSingedwing"",""A3C1Q1:Task_CollectSprings"",""A3C1Q1:Task_GotoAmberHold"",""A3C1Q1:Task_KillBossSpider"",""A3C1Q1:Task_CollectCogs"",""A3C1Q2:Task_GotoGrandHall"",""A3C1Q2:Task_GotoLibrary"",""A3C1Q2:Task_CollectTomes"",""A3C1Q2:Task_KillBoss"",""A3C1Q2:Task_InteractCodex"",""A3C1Q2:Task_CollectCodex"",""A3C2Q1:Task_GotoTown"",""A3C2Q1:Task_InteractWolfram"",""A3C2Q1:Task_GotoMachineworks"",""A3C2Q1:Task_GotoAssembly"",""A3C2Q1:Task_KillBoss"",""A3C2Q1:Task_CollectFuse"",""A3C2Q1:Task_InteractElevator"",""A3C2Q1:Task_TurnIn"",""A3C2Q2:Task_GotoMachineworks"",""A3C2Q2:Task_GotoWarehouse"",""A3C2Q2:Task_KillMonsters"",""A3C2Q2:Task_GotoTrail"",""A3C2Q2:Task_KillVoltura"",""A3C2Q2:Task_FindPerch"",""A3C2Q2:Task_KillBoss"")","","(""A3C3Q1:Task_GotoTown"")","False","False","0.000000",""
Townsfolk_Act3_03,"NSLOCTEXT(""QuestObjectTable"", ""0EED4974430F81E594A39E922CD3C22F"", ""Ariel, Townsfolk"")","","","","(""A3C1Q0:Task_GotoTown"",""A3C1Q0:Task_InteractHilde"",""A3C1Q0:Task_GotoAscent"",""A3C1Q0:Task_KillNetherim"",""A3C1Q1:Task_GotoGrandHall"",""A3C1Q1:Task_GotoCliffs"",""A3C1Q1:Task_KillSingedwing"",""A3C1Q1:Task_CollectSprings"",""A3C1Q1:Task_GotoAmberHold"",""A3C1Q1:Task_KillBossSpider"",""A3C1Q1:Task_CollectCogs"",""A3C1Q2:Task_GotoGrandHall"",""A3C1Q2:Task_GotoLibrary"",""A3C1Q2:Task_CollectTomes"",""A3C1Q2:Task_KillBoss"",""A3C1Q2:Task_InteractCodex"",""A3C1Q2:Task_CollectCodex"",""A3C2Q1:Task_GotoTown"",""A3C2Q1:Task_InteractWolfram"",""A3C2Q1:Task_GotoMachineworks"",""A3C2Q1:Task_GotoAssembly"",""A3C2Q1:Task_KillBoss"",""A3C2Q1:Task_CollectFuse"",""A3C2Q1:Task_InteractElevator"",""A3C2Q1:Task_TurnIn"",""A3C2Q2:Task_GotoMachineworks"",""A3C2Q2:Task_GotoWarehouse"",""A3C2Q2:Task_KillMonsters"",""A3C2Q2:Task_GotoTrail"",""A3C2Q2:Task_KillVoltura"",""A3C2Q2:Task_FindPerch"",""A3C2Q2:Task_KillBoss"")","","(""A3C3Q1:Task_GotoTown"")","False","False","0.000000",""
Logaan_Intro,"NSLOCTEXT(""QuestObjectTable"", ""A0F595DA4D40305CC831469202D826DF"", ""Logaan"")","","","","","","","True","False","0.000000","npcstretch_TrevailPtVendor_Intro_bp"
Phix_Intro,"NSLOCTEXT(""QuestObjectTable"", ""21C94D8346367375CB4771839929CD0F"", ""Phix"")","","","","","","","True","False","0.000000","npcsquash_trevailpt_blacksmith_bp"
Wolfram_Act1,"NSLOCTEXT(""QuestObjectTable"", ""E3AEFBC441AB8329F1893CA71D297A91"", ""Wolfram"")","","","","(""A1C3Q1:Task_RescueWolfram"",""A1C3Q2:Task_GotoFirebelly"",""A1C3Q2:Task_GotoWorkshop"",""A1C3Q2:Task_GotoCrash"",""A1C3Q2:Task_KillBoss"",""A1C4Q1:Task_GotoTown"",""A1C4Q1:Task_InteractGraye"",""A1C4Q1:Task_InteractYapper"",""A1C4Q1:Task_GotoStronghold"",""A1C4Q1:Task_GotoKennel"",""A1C4Q1:Task_KillBossDogjockey"",""A1C4Q1:Task_CollectFlint"",""A1C4Q1:Task_GotoMossratDen"",""A1C4Q1:Task_KillMossrats"",""A1C4Q1:Task_CompleteKillTask"",""A1C4Q1:Task_CollectNuggets"",""A1C4Q1:Task_GotoThicket"",""A1C4Q1:Task_KillBossThornStrider"",""A1C4Q1:Task_CollectSap"",""A1C4Q1:Task_TurnInYapper"",""A1C4Q1:Task_TurnInGraye"",""A1C5Q1:Task_GotoLake"",""A1C5Q1:Task_GotoFalls"",""A1C5Q1:Task_FindTrails"",""A1C5Q1:Task_GotoPass"",""A1C5Q1:Task_DestroyPylons"",""A1C5Q1:Task_GotoBoss"",""A1C5Q1:Task_KillBoss"",""A1C5Q1:Task_TurnInGraye"",""A1C5Q1:Task_TurnInZaya"",""A1C5Q2:Task_GotoLake"",""A1C5Q2:Task_GotoGrounds"",""A1C5Q2:Task_KillBoss"",""A1C5Q2:Task_CollectPrism"",""A1C5Q3:Task_GotoLake"",""A1C5Q3:Task_GotoVoid"",""A1C5Q3:Task_GotoTrialStrength"",""A1C5Q3:Task_KillBoss"",""A1C5Q3:Task_TalktoGraye"",""A1C5Q3:Task_TalktoKenik"")","","","False","False","0.000000","npcwolfram_Act1_bp"
Buffalope,"NSLOCTEXT(""QuestObjectTable"", ""3C2A69FA4C7D00CCFCD246A2F10BB7A6"", ""Buffalope"")","","","","","","","True","False","0.000000","npcbuffalope_base_bp"
Trigger_WaypointAchievement,"","(""Achievement_Waypoint:Task_FindWaypoint"")","","","","","","False","False","0.000000","TriggerSphere_WaypointAchievement"
TownPortalSkill,"","","","","(""A1C1Q0:Task_FindExit"")","","","False","False","0.000000",""
EchonokUnlocked,"NSLOCTEXT(""QuestObjectTable"", ""D60E03C74E9278EB2F2627A81233C6FF"", ""McTyre\'s Cove Unlocked"")","","","","(""A2C5Q2:Task_TalktoWolfram"")","","","False","False","0.000000",""
EstherClair,"NSLOCTEXT(""QuestObjectTable"", ""81DF732C405A71772699AA9882505EDE"", ""Esther Clair, Pancake Extraordinaire"")","(""SQ_Grubs:Task_TurnIn"")","","","","","","True","False","0.000000","npcstretch_if_questgiver_bp"
Netherbloom,"NSLOCTEXT(""QuestObjectTable"", ""40984078462D288BEFBC42B727C60B46"", ""Netherbloom"")","(""SQ_DefenseBoost:Task_InteractProp"")","","(""SQ_DefenseBoost:Task_InteractProp"")","","(""SQ_DefenseBoost:Task_CollectShards"",""SQ_DefenseBoost:Task_CollectExoskeleton"")","","False","False","0.000000","gbl_prop_arcanespindrift_01_bp"
Wolfram_Act2,"NSLOCTEXT(""QuestObjectTable"", ""CE9080C64ED3AC79813286B2039D3948"", ""Wolfram"")","(""A2C5Q2:Task_TalktoWolfram"")","","","","","","True","False","0.000000","npcwolfram_Act2_bp"
Trigger_GamblerIntro,"NSLOCTEXT(""QuestObjectTable"", ""0E28409C4EA1B5C6FF5C46B060413012"", ""Gambler"")","(""TQ_Gambler:Task_VisitGambler"")","","(""TQ_Gambler:Task_VisitGambler"")","","","","False","True","100.000000","gob_triggersphere_quest_gambler_bp"
EndlessDungeon_FazeerSpeaker,"NSLOCTEXT(""QuestObjectTable"", ""BD3864474CFC83834C893B97F3B7B857"", ""Fazeer Shah"")","","","","","","","False","False","0.000000",""
MysteriousWanderer,"NSLOCTEXT(""QuestObjectTable"", ""7461001149FC869AF36974B6419CF9DD"", ""Mysterious Wanderer"")","(""MQ_UnlockChallengeDungeon:Task_TalkTo_MysteriousWanderer"")","","(""MQ_UnlockChallengeDungeon:Task_TalkTo_MysteriousWanderer"",""MQ_UnlockChallengeDungeon:Task_GoToFort"",""MQ_UnlockChallengeDungeon:Task_PlaceChallengeDungeon"")","(""A3C4Q2:Task_KillBoss"")","","","False","False","0.000000",""
